date_heure,libelle_region,consommation_predite,date_creation_utc,origine,date_fin_entrainement
2025-09-01 00:00:00+02:00,Auvergne-Rhône-Alpes,5518.9580191586165,2026-09-14 11:37:45.372275+00:00,prediction_modele,2025-08-31
2025-09-01 00:00:00+02:00,Bourgogne-Franche-Comté,654.7342537268414,2026-09-14 11:37:45.372275+00:00,prediction_modele,2025-08-31
2025-09-01 00:00:00+02:00,Bretagne,935.2020760088944,2026-09-14 11:37:45.372275+00:00,prediction_modele,2025-08-31
2025-09-01 00:00:00+02:00,Centre-Val de Loire,483.5074600964499,2026-09-14 11:37:45.372275+00:00,prediction_modele,2025-08-31
2025-09-01 00:00:00+02:00,Grand Est,3157.262261193905,2026-09-14 11:37:45.372275+00:00,prediction_modele,2025-08-31
2025-09-01 00:00:00+02:00,Hauts-de-France,3724.3504813587974,2026-09-14 11:37:45.372275+00:00,prediction_modele,2025-08-31
2025-09-01 00:00:00+02:00,Normandie,1368.0649875315103,2026-09-14 11:37:45.372275+00:00,prediction_modele,2025-08-31
2025-09-01 00:00:00+02:00,Nouvelle-Aquitaine,3160.958533561462,2026-09-14 11:37:45.372275+00:00,prediction_modele,2025-08-31
2025-09-01 00:00:00+02:00,Occitanie,2674.8703133970375,2026-09-14 11:37:45.372275+00:00,prediction_modele,2025-08-31
2025-09-01 00:00:00+02:00,Pays de la Loire,1380.283180260943,2026-09-14 11:37:45.372275+00:00,prediction_modele,2025-08-31
2025-09-01 00:00:00+02:00,Provence-Alpes-Côte d'Azur,2955.2381699729267,2026-09-14 11:37:45.372275+00:00,prediction_modele,2025-08-31
2025-09-01 00:00:00+02:00,Île-de-France,5858.517089803061,2026-09-14 11:37:45.372275+00:00,prediction_modele,2025-08-31
2025-09-01 00:15:00+02:00,Auvergne-Rhône-Alpes,5522.300533161823,2026-09-14 11:37:45.372275+00:00,prediction_modele,2025-08-31
2025-09-01 00:15:00+02:00,Bourgogne-Franche-Comté,658.0767677300473,2026-09-14 11:37:45.372275+00:00,prediction_modele,2025-08-31
2025-09-01 00:15:00+02:00,Bretagne,938.5445900121013,2026-09-14 11:37:45.372275+00:00,prediction_modele,2025-08-31
2025-09-01 00:15:00+02:00,Centre-Val de Loire,486.8499740996558,2026-09-14 11:37:45.372275+00:00,prediction_modele,2025-08-31
2025-09-01 00:15:00+02:00,Grand Est,3160.6047751971114,2026-09-14 11:37:45.372275+00:00,prediction_modele,2025-08-31
2025-09-01 00:15:00+02:00,Hauts-de-France,3727.692995362004,2026-09-14 11:37:45.372275+00:00,prediction_modele,2025-08-31
2025-09-01 00:15:00+02:00,Normandie,1371.4075015347166,2026-09-14 11:37:45.372275+00:00,prediction_modele,2025-08-31
2025-09-01 00:15:00+02:00,Nouvelle-Aquitaine,3164.3010475646684,2026-09-14 11:37:45.372275+00:00,prediction_modele,2025-08-31
2025-09-01 00:15:00+02:00,Occitanie,2678.212827400244,2026-09-14 11:37:45.372275+00:00,prediction_modele,2025-08-31
2025-09-01 00:15:00+02:00,Pays de la Loire,1383.6256942641494,2026-09-14 11:37:45.372275+00:00,prediction_modele,2025-08-31
2025-09-01 00:15:00+02:00,Provence-Alpes-Côte d'Azur,2958.580683976133,2026-09-14 11:37:45.372275+00:00,prediction_modele,2025-08-31
2025-09-01 00:15:00+02:00,Île-de-France,5861.859603806268,2026-09-14 11:37:45.372275+00:00,prediction_modele,2025-08-31
2025-09-01 00:30:00+02:00,Auvergne-Rhône-Alpes,5525.64304716503,2026-09-14 11:37:45.372275+00:00,prediction_modele,2025-08-31
2025-09-01 00:30:00+02:00,Bourgogne-Franche-Comté,661.4192817332532,2026-09-14 11:37:45.372275+00:00,prediction_modele,2025-08-31
2025-09-01 00:30:00+02:00,Bretagne,941.8871040153072,2026-09-14 11:37:45.372275+00:00,prediction_modele,2025-08-31
2025-09-01 00:30:00+02:00,Centre-Val de Loire,490.1924881028626,2026-09-14 11:37:45.372275+00:00,prediction_modele,2025-08-31
2025-09-01 00:30:00+02:00,Grand Est,3163.9472892003178,2026-09-14 11:37:45.372275+00:00,prediction_modele,2025-08-31
2025-09-01 00:30:00+02:00,Hauts-de-France,3731.03550936521,2026-09-14 11:37:45.372275+00:00,prediction_modele,2025-08-31
2025-09-01 00:30:00+02:00,Normandie,1374.750015537923,2026-09-14 11:37:45.372275+00:00,prediction_modele,2025-08-31
2025-09-01 00:30:00+02:00,Nouvelle-Aquitaine,3167.6435615678747,2026-09-14 11:37:45.372275+00:00,prediction_modele,2025-08-31
2025-09-01 00:30:00+02:00,Occitanie,2681.5553414034503,2026-09-14 11:37:45.372275+00:00,prediction_modele,2025-08-31
2025-09-01 00:30:00+02:00,Pays de la Loire,1386.9682082673557,2026-09-14 11:37:45.372275+00:00,prediction_modele,2025-08-31
2025-09-01 00:30:00+02:00,Provence-Alpes-Côte d'Azur,2961.9231979793394,2026-09-14 11:37:45.372275+00:00,prediction_modele,2025-08-31
2025-09-01 00:30:00+02:00,Île-de-France,5865.202117809474,2026-09-14 11:37:45.372275+00:00,prediction_modele,2025-08-31
2025-09-01 00:45:00+02:00,Auvergne-Rhône-Alpes,5528.985561168236,2026-09-14 11:37:45.372275+00:00,prediction_modele,2025-08-31
2025-09-01 00:45:00+02:00,Bourgogne-Franche-Comté,664.76179573646,2026-09-14 11:37:45.372275+00:00,prediction_modele,2025-08-31
2025-09-01 00:45:00+02:00,Bretagne,945.229618018514,2026-09-14 11:37:45.372275+00:00,prediction_modele,2025-08-31
2025-09-01 00:45:00+02:00,Centre-Val de Loire,493.53500210606944,2026-09-14 11:37:45.372275+00:00,prediction_modele,2025-08-31
2025-09-01 00:45:00+02:00,Grand Est,3167.289803203524,2026-09-14 11:37:45.372275+00:00,prediction_modele,2025-08-31
2025-09-01 00:45:00+02:00,Hauts-de-France,3734.3780233684165,2026-09-14 11:37:45.372275+00:00,prediction_modele,2025-08-31
2025-09-01 00:45:00+02:00,Normandie,1378.0925295411294,2026-09-14 11:37:45.372275+00:00,prediction_modele,2025-08-31
2025-09-01 00:45:00+02:00,Nouvelle-Aquitaine,3170.986075571081,2026-09-14 11:37:45.372275+00:00,prediction_modele,2025-08-31
2025-09-01 00:45:00+02:00,Occitanie,2684.8978554066566,2026-09-14 11:37:45.372275+00:00,prediction_modele,2025-08-31
2025-09-01 00:45:00+02:00,Pays de la Loire,1390.310722270562,2026-09-14 11:37:45.372275+00:00,prediction_modele,2025-08-31
2025-09-01 00:45:00+02:00,Provence-Alpes-Côte d'Azur,2965.265711982546,2026-09-14 11:37:45.372275+00:00,prediction_modele,2025-08-31
2025-09-01 00:45:00+02:00,Île-de-France,5868.54463181268,2026-09-14 11:37:45.372275+00:00,prediction_modele,2025-08-31
2025-09-01 01:00:00+02:00,Auvergne-Rhône-Alpes,5547.894221211646,2026-09-14 11:37:45.372275+00:00,prediction_modele,2025-08-31
2025-09-01 01:00:00+02:00,Bourgogne-Franche-Comté,683.6704557798703,2026-09-14 11:37:45.372275+00:00,prediction_modele,2025-08-31
2025-09-01 01:00:00+02:00,Bretagne,964.1382780619242,2026-09-14 11:37:45.372275+00:00,prediction_modele,2025-08-31
2025-09-01 01:00:00+02:00,Centre-Val de Loire,512.4436621494788,2026-09-14 11:37:45.372275+00:00,prediction_modele,2025-08-31
2025-09-01 01:00:00+02:00,Grand Est,3186.1984632469344,2026-09-14 11:37:45.372275+00:00,prediction_modele,2025-08-31
2025-09-01 01:00:00+02:00,Hauts-de-France,3753.2866834118267,2026-09-14 11:37:45.372275+00:00,prediction_modele,2025-08-31
2025-09-01 01:00:00+02:00,Normandie,1397.00118958454,2026-09-14 11:37:45.372275+00:00,prediction_modele,2025-08-31
2025-09-01 01:00:00+02:00,Nouvelle-Aquitaine,3189.8947356144913,2026-09-14 11:37:45.372275+00:00,prediction_modele,2025-08-31
2025-09-01 01:00:00+02:00,Occitanie,2703.806515450067,2026-09-14 11:37:45.372275+00:00,prediction_modele,2025-08-31
2025-09-01 01:00:00+02:00,Pays de la Loire,1409.2193823139723,2026-09-14 11:37:45.372275+00:00,prediction_modele,2025-08-31
2025-09-01 01:00:00+02:00,Provence-Alpes-Côte d'Azur,2984.1743720259565,2026-09-14 11:37:45.372275+00:00,prediction_modele,2025-08-31
2025-09-01 01:00:00+02:00,Île-de-France,5887.453291856091,2026-09-14 11:37:45.372275+00:00,prediction_modele,2025-08-31
2025-09-01 01:15:00+02:00,Auvergne-Rhône-Alpes,5551.236735214853,2026-09-14 11:37:45.372275+00:00,prediction_modele,2025-08-31
2025-09-01 01:15:00+02:00,Bourgogne-Franche-Comté,687.0129697830762,2026-09-14 11:37:45.372275+00:00,prediction_modele,2025-08-31
2025-09-01 01:15:00+02:00,Bretagne,967.480792065131,2026-09-14 11:37:45.372275+00:00,prediction_modele,2025-08-31
2025-09-01 01:15:00+02:00,Centre-Val de Loire,515.7861761526856,2026-09-14 11:37:45.372275+00:00,prediction_modele,2025-08-31
2025-09-01 01:15:00+02:00,Grand Est,3189.5409772501407,2026-09-14 11:37:45.372275+00:00,prediction_modele,2025-08-31
2025-09-01 01:15:00+02:00,Hauts-de-France,3756.629197415033,2026-09-14 11:37:45.372275+00:00,prediction_modele,2025-08-31
2025-09-01 01:15:00+02:00,Normandie,1400.3437035877464,2026-09-14 11:37:45.372275+00:00,prediction_modele,2025-08-31
2025-09-01 01:15:00+02:00,Nouvelle-Aquitaine,3193.2372496176977,2026-09-14 11:37:45.372275+00:00,prediction_modele,2025-08-31
2025-09-01 01:15:00+02:00,Occitanie,2707.149029453273,2026-09-14 11:37:45.372275+00:00,prediction_modele,2025-08-31
2025-09-01 01:15:00+02:00,Pays de la Loire,1412.5618963171787,2026-09-14 11:37:45.372275+00:00,prediction_modele,2025-08-31
2025-09-01 01:15:00+02:00,Provence-Alpes-Côte d'Azur,2987.516886029163,2026-09-14 11:37:45.372275+00:00,prediction_modele,2025-08-31
2025-09-01 01:15:00+02:00,Île-de-France,5890.795805859297,2026-09-14 11:37:45.372275+00:00,prediction_modele,2025-08-31
2025-09-01 01:30:00+02:00,Auvergne-Rhône-Alpes,5554.579249218059,2026-09-14 11:37:45.372275+00:00,prediction_modele,2025-08-31
2025-09-01 01:30:00+02:00,Bourgogne-Franche-Comté,690.355483786283,2026-09-14 11:37:45.372275+00:00,prediction_modele,2025-08-31
2025-09-01 01:30:00+02:00,Bretagne,970.8233060683369,2026-09-14 11:37:45.372275+00:00,prediction_modele,2025-08-31
2025-09-01 01:30:00+02:00,Centre-Val de Loire,519.1286901558924,2026-09-14 11:37:45.372275+00:00,prediction_modele,2025-08-31
2025-09-01 01:30:00+02:00,Grand Est,3192.883491253347,2026-09-14 11:37:45.372275+00:00,prediction_modele,2025-08-31
2025-09-01 01:30:00+02:00,Hauts-de-France,3759.9717114182395,2026-09-14 11:37:45.372275+00:00,prediction_modele,2025-08-31
2025-09-01 01:30:00+02:00,Normandie,1403.6862175909528,2026-09-14 11:37:45.372275+00:00,prediction_modele,2025-08-31
2025-09-01 01:30:00+02:00,Nouvelle-Aquitaine,3196.579763620904,2026-09-14 11:37:45.372275+00:00,prediction_modele,2025-08-31
2025-09-01 01:30:00+02:00,Occitanie,2710.4915434564796,2026-09-14 11:37:45.372275+00:00,prediction_modele,2025-08-31
2025-09-01 01:30:00+02:00,Pays de la Loire,1415.904410320385,2026-09-14 11:37:45.372275+00:00,prediction_modele,2025-08-31
2025-09-01 01:30:00+02:00,Provence-Alpes-Côte d'Azur,2990.859400032369,2026-09-14 11:37:45.372275+00:00,prediction_modele,2025-08-31
2025-09-01 01:30:00+02:00,Île-de-France,5894.138319862503,2026-09-14 11:37:45.372275+00:00,prediction_modele,2025-08-31
2025-09-01 01:45:00+02:00,Auvergne-Rhône-Alpes,5557.921763221266,2026-09-14 11:37:45.372275+00:00,prediction_modele,2025-08-31
2025-09-01 01:45:00+02:00,Bourgogne-Franche-Comté,693.6979977894898,2026-09-14 11:37:45.372275+00:00,prediction_modele,2025-08-31
2025-09-01 01:45:00+02:00,Bretagne,974.1658200715437,2026-09-14 11:37:45.372275+00:00,prediction_modele,2025-08-31
2025-09-01 01:45:00+02:00,Centre-Val de Loire,522.4712041590983,2026-09-14 11:37:45.372275+00:00,prediction_modele,2025-08-31
2025-09-01 01:45:00+02:00,Grand Est,3196.2260052565534,2026-09-14 11:37:45.372275+00:00,prediction_modele,2025-08-31
2025-09-01 01:45:00+02:00,Hauts-de-France,3763.3142254214463,2026-09-14 11:37:45.372275+00:00,prediction_modele,2025-08-31
2025-09-01 01:45:00+02:00,Normandie,1407.0287315941591,2026-09-14 11:37:45.372275+00:00,prediction_modele,2025-08-31
2025-09-01 01:45:00+02:00,Nouvelle-Aquitaine,3199.9222776241104,2026-09-14 11:37:45.372275+00:00,prediction_modele,2025-08-31
2025-09-01 01:45:00+02:00,Occitanie,2713.834057459686,2026-09-14 11:37:45.372275+00:00,prediction_modele,2025-08-31
2025-09-01 01:45:00+02:00,Pays de la Loire,1419.2469243235919,2026-09-14 11:37:45.372275+00:00,prediction_modele,2025-08-31
2025-09-01 01:45:00+02:00,Provence-Alpes-Côte d'Azur,2994.2019140355756,2026-09-14 11:37:45.372275+00:00,prediction_modele,2025-08-31
2025-09-01 01:45:00+02:00,Île-de-France,5897.480833865709,2026-09-14 11:37:45.372275+00:00,prediction_modele,2025-08-31
2025-09-01 02:00:00+02:00,Auvergne-Rhône-Alpes,5576.830423264676,2026-09-14 11:37:45.372275+00:00,prediction_modele,2025-08-31
2025-09-01 02:00:00+02:00,Bourgogne-Franche-Comté,712.6066578328991,2026-09-14 11:37:45.372275+00:00,prediction_modele,2025-08-31
2025-09-01 02:00:00+02:00,Bretagne,993.074480114954,2026-09-14 11:37:45.372275+00:00,prediction_modele,2025-08-31
2025-09-01 02:00:00+02:00,Centre-Val de Loire,541.3798642025085,2026-09-14 11:37:45.372275+00:00,prediction_modele,2025-08-31
2025-09-01 02:00:00+02:00,Grand Est,3215.1346652999637,2026-09-14 11:37:45.372275+00:00,prediction_modele,2025-08-31
2025-09-01 02:00:00+02:00,Hauts-de-France,3782.222885464856,2026-09-14 11:37:45.372275+00:00,prediction_modele,2025-08-31
2025-09-01 02:00:00+02:00,Normandie,1425.9373916375694,2026-09-14 11:37:45.372275+00:00,prediction_modele,2025-08-31
2025-09-01 02:00:00+02:00,Nouvelle-Aquitaine,3218.8309376675206,2026-09-14 11:37:45.372275+00:00,prediction_modele,2025-08-31
2025-09-01 02:00:00+02:00,Occitanie,2732.742717503096,2026-09-14 11:37:45.372275+00:00,prediction_modele,2025-08-31
2025-09-01 02:00:00+02:00,Pays de la Loire,1438.1555843670017,2026-09-14 11:37:45.372275+00:00,prediction_modele,2025-08-31
2025-09-01 02:00:00+02:00,Provence-Alpes-Côte d'Azur,3013.110574078986,2026-09-14 11:37:45.372275+00:00,prediction_modele,2025-08-31
2025-09-01 02:00:00+02:00,Île-de-France,5916.38949390912,2026-09-14 11:37:45.372275+00:00,prediction_modele,2025-08-31
2025-09-01 02:15:00+02:00,Auvergne-Rhône-Alpes,5580.172937267882,2026-09-14 11:37:45.372275+00:00,prediction_modele,2025-08-31
2025-09-01 02:15:00+02:00,Bourgogne-Franche-Comté,715.949171836106,2026-09-14 11:37:45.372275+00:00,prediction_modele,2025-08-31
2025-09-01 02:15:00+02:00,Bretagne,996.4169941181608,2026-09-14 11:37:45.372275+00:00,prediction_modele,2025-08-31
2025-09-01 02:15:00+02:00,Centre-Val de Loire,544.7223782057154,2026-09-14 11:37:45.372275+00:00,prediction_modele,2025-08-31
2025-09-01 02:15:00+02:00,Grand Est,3218.47717930317,2026-09-14 11:37:45.372275+00:00,prediction_modele,2025-08-31
2025-09-01 02:15:00+02:00,Hauts-de-France,3785.5653994680624,2026-09-14 11:37:45.372275+00:00,prediction_modele,2025-08-31
2025-09-01 02:15:00+02:00,Normandie,1429.2799056407757,2026-09-14 11:37:45.372275+00:00,prediction_modele,2025-08-31
2025-09-01 02:15:00+02:00,Nouvelle-Aquitaine,3222.173451670727,2026-09-14 11:37:45.372275+00:00,prediction_modele,2025-08-31
2025-09-01 02:15:00+02:00,Occitanie,2736.0852315063025,2026-09-14 11:37:45.372275+00:00,prediction_modele,2025-08-31
2025-09-01 02:15:00+02:00,Pays de la Loire,1441.498098370208,2026-09-14 11:37:45.372275+00:00,prediction_modele,2025-08-31
2025-09-01 02:15:00+02:00,Provence-Alpes-Côte d'Azur,3016.453088082192,2026-09-14 11:37:45.372275+00:00,prediction_modele,2025-08-31
2025-09-01 02:15:00+02:00,Île-de-France,5919.732007912326,2026-09-14 11:37:45.372275+00:00,prediction_modele,2025-08-31
2025-09-01 02:30:00+02:00,Auvergne-Rhône-Alpes,5583.515451271089,2026-09-14 11:37:45.372275+00:00,prediction_modele,2025-08-31
2025-09-01 02:30:00+02:00,Bourgogne-Franche-Comté,719.2916858393128,2026-09-14 11:37:45.372275+00:00,prediction_modele,2025-08-31
2025-09-01 02:30:00+02:00,Bretagne,999.7595081213667,2026-09-14 11:37:45.372275+00:00,prediction_modele,2025-08-31
2025-09-01 02:30:00+02:00,Centre-Val de Loire,548.0648922089213,2026-09-14 11:37:45.372275+00:00,prediction_modele,2025-08-31
2025-09-01 02:30:00+02:00,Grand Est,3221.8196933063764,2026-09-14 11:37:45.372275+00:00,prediction_modele,2025-08-31
2025-09-01 02:30:00+02:00,Hauts-de-France,3788.907913471269,2026-09-14 11:37:45.372275+00:00,prediction_modele,2025-08-31
2025-09-01 02:30:00+02:00,Normandie,1432.622419643982,2026-09-14 11:37:45.372275+00:00,prediction_modele,2025-08-31
2025-09-01 02:30:00+02:00,Nouvelle-Aquitaine,3225.5159656739334,2026-09-14 11:37:45.372275+00:00,prediction_modele,2025-08-31
2025-09-01 02:30:00+02:00,Occitanie,2739.427745509509,2026-09-14 11:37:45.372275+00:00,prediction_modele,2025-08-31
2025-09-01 02:30:00+02:00,Pays de la Loire,1444.8406123734144,2026-09-14 11:37:45.372275+00:00,prediction_modele,2025-08-31
2025-09-01 02:30:00+02:00,Provence-Alpes-Côte d'Azur,3019.7956020853985,2026-09-14 11:37:45.372275+00:00,prediction_modele,2025-08-31
2025-09-01 02:30:00+02:00,Île-de-France,5923.074521915532,2026-09-14 11:37:45.372275+00:00,prediction_modele,2025-08-31
2025-09-01 02:45:00+02:00,Auvergne-Rhône-Alpes,5586.857965274295,2026-09-14 11:37:45.372275+00:00,prediction_modele,2025-08-31
2025-09-01 02:45:00+02:00,Bourgogne-Franche-Comté,722.6341998425187,2026-09-14 11:37:45.372275+00:00,prediction_modele,2025-08-31
2025-09-01 02:45:00+02:00,Bretagne,1003.1020221245735,2026-09-14 11:37:45.372275+00:00,prediction_modele,2025-08-31
2025-09-01 02:45:00+02:00,Centre-Val de Loire,551.4074062121272,2026-09-14 11:37:45.372275+00:00,prediction_modele,2025-08-31
2025-09-01 02:45:00+02:00,Grand Est,3225.1622073095828,2026-09-14 11:37:45.372275+00:00,prediction_modele,2025-08-31
2025-09-01 02:45:00+02:00,Hauts-de-France,3792.250427474475,2026-09-14 11:37:45.372275+00:00,prediction_modele,2025-08-31
2025-09-01 02:45:00+02:00,Normandie,1435.9649336471884,2026-09-14 11:37:45.372275+00:00,prediction_modele,2025-08-31
2025-09-01 02:45:00+02:00,Nouvelle-Aquitaine,3228.8584796771397,2026-09-14 11:37:45.372275+00:00,prediction_modele,2025-08-31
2025-09-01 02:45:00+02:00,Occitanie,2742.7702595127153,2026-09-14 11:37:45.372275+00:00,prediction_modele,2025-08-31
2025-09-01 02:45:00+02:00,Pays de la Loire,1448.1831263766207,2026-09-14 11:37:45.372275+00:00,prediction_modele,2025-08-31
2025-09-01 02:45:00+02:00,Provence-Alpes-Côte d'Azur,3023.138116088605,2026-09-14 11:37:45.372275+00:00,prediction_modele,2025-08-31
2025-09-01 02:45:00+02:00,Île-de-France,5926.417035918739,2026-09-14 11:37:45.372275+00:00,prediction_modele,2025-08-31
2025-09-01 03:00:00+02:00,Auvergne-Rhône-Alpes,5605.766625317705,2026-09-14 11:37:45.372275+00:00,prediction_modele,2025-08-31
2025-09-01 03:00:00+02:00,Bourgogne-Franche-Comté,741.5428598859289,2026-09-14 11:37:45.372275+00:00,prediction_modele,2025-08-31
2025-09-01 03:00:00+02:00,Bretagne,1022.0106821679828,2026-09-14 11:37:45.372275+00:00,prediction_modele,2025-08-31
2025-09-01 03:00:00+02:00,Centre-Val de Loire,570.3160662555383,2026-09-14 11:37:45.372275+00:00,prediction_modele,2025-08-31
2025-09-01 03:00:00+02:00,Grand Est,3244.070867352993,2026-09-14 11:37:45.372275+00:00,prediction_modele,2025-08-31
2025-09-01 03:00:00+02:00,Hauts-de-France,3811.1590875178854,2026-09-14 11:37:45.372275+00:00,prediction_modele,2025-08-31
2025-09-01 03:00:00+02:00,Normandie,1454.8735936905987,2026-09-14 11:37:45.372275+00:00,prediction_modele,2025-08-31
2025-09-01 03:00:00+02:00,Nouvelle-Aquitaine,3247.76713972055,2026-09-14 11:37:45.372275+00:00,prediction_modele,2025-08-31
2025-09-01 03:00:00+02:00,Occitanie,2761.6789195561255,2026-09-14 11:37:45.372275+00:00,prediction_modele,2025-08-31
2025-09-01 03:00:00+02:00,Pays de la Loire,1467.091786420031,2026-09-14 11:37:45.372275+00:00,prediction_modele,2025-08-31
2025-09-01 03:00:00+02:00,Provence-Alpes-Côte d'Azur,3042.046776132015,2026-09-14 11:37:45.372275+00:00,prediction_modele,2025-08-31
2025-09-01 03:00:00+02:00,Île-de-France,5945.3256959621485,2026-09-14 11:37:45.372275+00:00,prediction_modele,2025-08-31
2025-09-01 03:15:00+02:00,Auvergne-Rhône-Alpes,5609.109139320912,2026-09-14 11:37:45.372275+00:00,prediction_modele,2025-08-31
2025-09-01 03:15:00+02:00,Bourgogne-Franche-Comté,744.8853738891357,2026-09-14 11:37:45.372275+00:00,prediction_modele,2025-08-31
2025-09-01 03:15:00+02:00,Bretagne,1025.3531961711897,2026-09-14 11:37:45.372275+00:00,prediction_modele,2025-08-31
2025-09-01 03:15:00+02:00,Centre-Val de Loire,573.6585802587442,2026-09-14 11:37:45.372275+00:00,prediction_modele,2025-08-31
2025-09-01 03:15:00+02:00,Grand Est,3247.4133813561994,2026-09-14 11:37:45.372275+00:00,prediction_modele,2025-08-31
2025-09-01 03:15:00+02:00,Hauts-de-France,3814.5016015210917,2026-09-14 11:37:45.372275+00:00,prediction_modele,2025-08-31
2025-09-01 03:15:00+02:00,Normandie,1458.216107693805,2026-09-14 11:37:45.372275+00:00,prediction_modele,2025-08-31
2025-09-01 03:15:00+02:00,Nouvelle-Aquitaine,3251.1096537237563,2026-09-14 11:37:45.372275+00:00,prediction_modele,2025-08-31
2025-09-01 03:15:00+02:00,Occitanie,2765.021433559332,2026-09-14 11:37:45.372275+00:00,prediction_modele,2025-08-31
2025-09-01 03:15:00+02:00,Pays de la Loire,1470.4343004232373,2026-09-14 11:37:45.372275+00:00,prediction_modele,2025-08-31
2025-09-01 03:15:00+02:00,Provence-Alpes-Côte d'Azur,3045.3892901352215,2026-09-14 11:37:45.372275+00:00,prediction_modele,2025-08-31
2025-09-01 03:15:00+02:00,Île-de-France,5948.668209965355,2026-09-14 11:37:45.372275+00:00,prediction_modele,2025-08-31
2025-09-01 03:30:00+02:00,Auvergne-Rhône-Alpes,5612.451653324118,2026-09-14 11:37:45.372275+00:00,prediction_modele,2025-08-31
2025-09-01 03:30:00+02:00,Bourgogne-Franche-Comté,748.2278878923416,2026-09-14 11:37:45.372275+00:00,prediction_modele,2025-08-31
2025-09-01 03:30:00+02:00,Bretagne,1028.6957101743956,2026-09-14 11:37:45.372275+00:00,prediction_modele,2025-08-31
2025-09-01 03:30:00+02:00,Centre-Val de Loire,577.0010942619501,2026-09-14 11:37:45.372275+00:00,prediction_modele,2025-08-31
2025-09-01 03:30:00+02:00,Grand Est,3250.7558953594057,2026-09-14 11:37:45.372275+00:00,prediction_modele,2025-08-31
2025-09-01 03:30:00+02:00,Hauts-de-France,3817.844115524298,2026-09-14 11:37:45.372275+00:00,prediction_modele,2025-08-31
2025-09-01 03:30:00+02:00,Normandie,1461.5586216970114,2026-09-14 11:37:45.372275+00:00,prediction_modele,2025-08-31
2025-09-01 03:30:00+02:00,Nouvelle-Aquitaine,3254.4521677269627,2026-09-14 11:37:45.372275+00:00,prediction_modele,2025-08-31
2025-09-01 03:30:00+02:00,Occitanie,2768.363947562538,2026-09-14 11:37:45.372275+00:00,prediction_modele,2025-08-31
2025-09-01 03:30:00+02:00,Pays de la Loire,1473.7768144264437,2026-09-14 11:37:45.372275+00:00,prediction_modele,2025-08-31
2025-09-01 03:30:00+02:00,Provence-Alpes-Côte d'Azur,3048.731804138428,2026-09-14 11:37:45.372275+00:00,prediction_modele,2025-08-31
2025-09-01 03:30:00+02:00,Île-de-France,5952.010723968562,2026-09-14 11:37:45.372275+00:00,prediction_modele,2025-08-31
2025-09-01 03:45:00+02:00,Auvergne-Rhône-Alpes,5615.794167327324,2026-09-14 11:37:45.372275+00:00,prediction_modele,2025-08-31
2025-09-01 03:45:00+02:00,Bourgogne-Franche-Comté,751.5704018955485,2026-09-14 11:37:45.372275+00:00,prediction_modele,2025-08-31
2025-09-01 03:45:00+02:00,Bretagne,1032.0382241776024,2026-09-14 11:37:45.372275+00:00,prediction_modele,2025-08-31
2025-09-01 03:45:00+02:00,Centre-Val de Loire,580.343608265157,2026-09-14 11:37:45.372275+00:00,prediction_modele,2025-08-31
2025-09-01 03:45:00+02:00,Grand Est,3254.098409362612,2026-09-14 11:37:45.372275+00:00,prediction_modele,2025-08-31
2025-09-01 03:45:00+02:00,Hauts-de-France,3821.186629527505,2026-09-14 11:37:45.372275+00:00,prediction_modele,2025-08-31
2025-09-01 03:45:00+02:00,Normandie,1464.9011357002178,2026-09-14 11:37:45.372275+00:00,prediction_modele,2025-08-31
2025-09-01 03:45:00+02:00,Nouvelle-Aquitaine,3257.794681730169,2026-09-14 11:37:45.372275+00:00,prediction_modele,2025-08-31
2025-09-01 03:45:00+02:00,Occitanie,2771.7064615657446,2026-09-14 11:37:45.372275+00:00,prediction_modele,2025-08-31
2025-09-01 03:45:00+02:00,Pays de la Loire,1477.1193284296505,2026-09-14 11:37:45.372275+00:00,prediction_modele,2025-08-31
2025-09-01 03:45:00+02:00,Provence-Alpes-Côte d'Azur,3052.074318141634,2026-09-14 11:37:45.372275+00:00,prediction_modele,2025-08-31
2025-09-01 03:45:00+02:00,Île-de-France,5955.353237971768,2026-09-14 11:37:45.372275+00:00,prediction_modele,2025-08-31
2025-09-01 04:00:00+02:00,Auvergne-Rhône-Alpes,5634.702827370735,2026-09-14 11:37:45.372275+00:00,prediction_modele,2025-08-31
2025-09-01 04:00:00+02:00,Bourgogne-Franche-Comté,770.4790619389587,2026-09-14 11:37:45.372275+00:00,prediction_modele,2025-08-31
2025-09-01 04:00:00+02:00,Bretagne,1050.9468842210117,2026-09-14 11:37:45.372275+00:00,prediction_modele,2025-08-31
2025-09-01 04:00:00+02:00,Centre-Val de Loire,599.2522683085681,2026-09-14 11:37:45.372275+00:00,prediction_modele,2025-08-31
2025-09-01 04:00:00+02:00,Grand Est,3273.0070694060228,2026-09-14 11:37:45.372275+00:00,prediction_modele,2025-08-31
2025-09-01 04:00:00+02:00,Hauts-de-France,3840.095289570915,2026-09-14 11:37:45.372275+00:00,prediction_modele,2025-08-31
2025-09-01 04:00:00+02:00,Normandie,1483.809795743628,2026-09-14 11:37:45.372275+00:00,prediction_modele,2025-08-31
2025-09-01 04:00:00+02:00,Nouvelle-Aquitaine,3276.7033417735797,2026-09-14 11:37:45.372275+00:00,prediction_modele,2025-08-31
2025-09-01 04:00:00+02:00,Occitanie,2790.6151216091553,2026-09-14 11:37:45.372275+00:00,prediction_modele,2025-08-31
2025-09-01 04:00:00+02:00,Pays de la Loire,1496.0279884730608,2026-09-14 11:37:45.372275+00:00,prediction_modele,2025-08-31
2025-09-01 04:00:00+02:00,Provence-Alpes-Côte d'Azur,3070.9829781850444,2026-09-14 11:37:45.372275+00:00,prediction_modele,2025-08-31
2025-09-01 04:00:00+02:00,Île-de-France,5974.261898015178,2026-09-14 11:37:45.372275+00:00,prediction_modele,2025-08-31
2025-09-01 04:15:00+02:00,Auvergne-Rhône-Alpes,5638.045341373941,2026-09-14 11:37:45.372275+00:00,prediction_modele,2025-08-31
2025-09-01 04:15:00+02:00,Bourgogne-Franche-Comté,773.8215759421655,2026-09-14 11:37:45.372275+00:00,prediction_modele,2025-08-31
2025-09-01 04:15:00+02:00,Bretagne,1054.2893982242185,2026-09-14 11:37:45.372275+00:00,prediction_modele,2025-08-31
2025-09-01 04:15:00+02:00,Centre-Val de Loire,602.594782311774,2026-09-14 11:37:45.372275+00:00,prediction_modele,2025-08-31
2025-09-01 04:15:00+02:00,Grand Est,3276.349583409229,2026-09-14 11:37:45.372275+00:00,prediction_modele,2025-08-31
2025-09-01 04:15:00+02:00,Hauts-de-France,3843.4378035741215,2026-09-14 11:37:45.372275+00:00,prediction_modele,2025-08-31
2025-09-01 04:15:00+02:00,Normandie,1487.1523097468344,2026-09-14 11:37:45.372275+00:00,prediction_modele,2025-08-31
2025-09-01 04:15:00+02:00,Nouvelle-Aquitaine,3280.045855776786,2026-09-14 11:37:45.372275+00:00,prediction_modele,2025-08-31
2025-09-01 04:15:00+02:00,Occitanie,2793.9576356123616,2026-09-14 11:37:45.372275+00:00,prediction_modele,2025-08-31
2025-09-01 04:15:00+02:00,Pays de la Loire,1499.3705024762671,2026-09-14 11:37:45.372275+00:00,prediction_modele,2025-08-31
2025-09-01 04:15:00+02:00,Provence-Alpes-Côte d'Azur,3074.325492188251,2026-09-14 11:37:45.372275+00:00,prediction_modele,2025-08-31
2025-09-01 04:15:00+02:00,Île-de-France,5977.604412018385,2026-09-14 11:37:45.372275+00:00,prediction_modele,2025-08-31
2025-09-01 04:30:00+02:00,Auvergne-Rhône-Alpes,5641.387855377147,2026-09-14 11:37:45.372275+00:00,prediction_modele,2025-08-31
2025-09-01 04:30:00+02:00,Bourgogne-Franche-Comté,777.1640899453714,2026-09-14 11:37:45.372275+00:00,prediction_modele,2025-08-31
2025-09-01 04:30:00+02:00,Bretagne,1057.6319122274244,2026-09-14 11:37:45.372275+00:00,prediction_modele,2025-08-31
2025-09-01 04:30:00+02:00,Centre-Val de Loire,605.9372963149799,2026-09-14 11:37:45.372275+00:00,prediction_modele,2025-08-31
2025-09-01 04:30:00+02:00,Grand Est,3279.6920974124355,2026-09-14 11:37:45.372275+00:00,prediction_modele,2025-08-31
2025-09-01 04:30:00+02:00,Hauts-de-France,3846.780317577328,2026-09-14 11:37:45.372275+00:00,prediction_modele,2025-08-31
2025-09-01 04:30:00+02:00,Normandie,1490.4948237500407,2026-09-14 11:37:45.372275+00:00,prediction_modele,2025-08-31
2025-09-01 04:30:00+02:00,Nouvelle-Aquitaine,3283.3883697799924,2026-09-14 11:37:45.372275+00:00,prediction_modele,2025-08-31
2025-09-01 04:30:00+02:00,Occitanie,2797.300149615568,2026-09-14 11:37:45.372275+00:00,prediction_modele,2025-08-31
2025-09-01 04:30:00+02:00,Pays de la Loire,1502.7130164794735,2026-09-14 11:37:45.372275+00:00,prediction_modele,2025-08-31
2025-09-01 04:30:00+02:00,Provence-Alpes-Côte d'Azur,3077.668006191457,2026-09-14 11:37:45.372275+00:00,prediction_modele,2025-08-31
2025-09-01 04:30:00+02:00,Île-de-France,5980.946926021592,2026-09-14 11:37:45.372275+00:00,prediction_modele,2025-08-31
2025-09-01 04:45:00+02:00,Auvergne-Rhône-Alpes,5644.730369380353,2026-09-14 11:37:45.372275+00:00,prediction_modele,2025-08-31
2025-09-01 04:45:00+02:00,Bourgogne-Franche-Comté,780.5066039485782,2026-09-14 11:37:45.372275+00:00,prediction_modele,2025-08-31
2025-09-01 04:45:00+02:00,Bretagne,1060.9744262306313,2026-09-14 11:37:45.372275+00:00,prediction_modele,2025-08-31
2025-09-01 04:45:00+02:00,Centre-Val de Loire,609.2798103181867,2026-09-14 11:37:45.372275+00:00,prediction_modele,2025-08-31
2025-09-01 04:45:00+02:00,Grand Est,3283.034611415642,2026-09-14 11:37:45.372275+00:00,prediction_modele,2025-08-31
2025-09-01 04:45:00+02:00,Hauts-de-France,3850.1228315805347,2026-09-14 11:37:45.372275+00:00,prediction_modele,2025-08-31
2025-09-01 04:45:00+02:00,Normandie,1493.837337753247,2026-09-14 11:37:45.372275+00:00,prediction_modele,2025-08-31
2025-09-01 04:45:00+02:00,Nouvelle-Aquitaine,3286.730883783199,2026-09-14 11:37:45.372275+00:00,prediction_modele,2025-08-31
2025-09-01 04:45:00+02:00,Occitanie,2800.6426636187743,2026-09-14 11:37:45.372275+00:00,prediction_modele,2025-08-31
2025-09-01 04:45:00+02:00,Pays de la Loire,1506.0555304826803,2026-09-14 11:37:45.372275+00:00,prediction_modele,2025-08-31
2025-09-01 04:45:00+02:00,Provence-Alpes-Côte d'Azur,3081.0105201946635,2026-09-14 11:37:45.372275+00:00,prediction_modele,2025-08-31
2025-09-01 04:45:00+02:00,Île-de-France,5984.289440024798,2026-09-14 11:37:45.372275+00:00,prediction_modele,2025-08-31
2025-09-01 05:00:00+02:00,Auvergne-Rhône-Alpes,5663.6390294237635,2026-09-14 11:37:45.372275+00:00,prediction_modele,2025-08-31
2025-09-01 05:00:00+02:00,Bourgogne-Franche-Comté,799.4152639919885,2026-09-14 11:37:45.372275+00:00,prediction_modele,2025-08-31
2025-09-01 05:00:00+02:00,Bretagne,1079.8830862740415,2026-09-14 11:37:45.372275+00:00,prediction_modele,2025-08-31
2025-09-01 05:00:00+02:00,Centre-Val de Loire,628.188470361597,2026-09-14 11:37:45.372275+00:00,prediction_modele,2025-08-31
2025-09-01 05:00:00+02:00,Grand Est,3301.943271459052,2026-09-14 11:37:45.372275+00:00,prediction_modele,2025-08-31
2025-09-01 05:00:00+02:00,Hauts-de-France,3869.0314916239445,2026-09-14 11:37:45.372275+00:00,prediction_modele,2025-08-31
2025-09-01 05:00:00+02:00,Normandie,1512.7459977966573,2026-09-14 11:37:45.372275+00:00,prediction_modele,2025-08-31
2025-09-01 05:00:00+02:00,Nouvelle-Aquitaine,3305.639543826609,2026-09-14 11:37:45.372275+00:00,prediction_modele,2025-08-31
2025-09-01 05:00:00+02:00,Occitanie,2819.5513236621846,2026-09-14 11:37:45.372275+00:00,prediction_modele,2025-08-31
2025-09-01 05:00:00+02:00,Pays de la Loire,1524.96419052609,2026-09-14 11:37:45.372275+00:00,prediction_modele,2025-08-31
2025-09-01 05:00:00+02:00,Provence-Alpes-Côte d'Azur,3099.9191802380737,2026-09-14 11:37:45.372275+00:00,prediction_modele,2025-08-31
2025-09-01 05:00:00+02:00,Île-de-France,6003.198100068208,2026-09-14 11:37:45.372275+00:00,prediction_modele,2025-08-31
2025-09-01 05:15:00+02:00,Auvergne-Rhône-Alpes,5666.98154342697,2026-09-14 11:37:45.372275+00:00,prediction_modele,2025-08-31
2025-09-01 05:15:00+02:00,Bourgogne-Franche-Comté,802.7577779951944,2026-09-14 11:37:45.372275+00:00,prediction_modele,2025-08-31
2025-09-01 05:15:00+02:00,Bretagne,1083.2256002772483,2026-09-14 11:37:45.372275+00:00,prediction_modele,2025-08-31
2025-09-01 05:15:00+02:00,Centre-Val de Loire,631.5309843648029,2026-09-14 11:37:45.372275+00:00,prediction_modele,2025-08-31
2025-09-01 05:15:00+02:00,Grand Est,3305.2857854622584,2026-09-14 11:37:45.372275+00:00,prediction_modele,2025-08-31
2025-09-01 05:15:00+02:00,Hauts-de-France,3872.374005627151,2026-09-14 11:37:45.372275+00:00,prediction_modele,2025-08-31
2025-09-01 05:15:00+02:00,Normandie,1516.0885117998637,2026-09-14 11:37:45.372275+00:00,prediction_modele,2025-08-31
2025-09-01 05:15:00+02:00,Nouvelle-Aquitaine,3308.9820578298154,2026-09-14 11:37:45.372275+00:00,prediction_modele,2025-08-31
2025-09-01 05:15:00+02:00,Occitanie,2822.893837665391,2026-09-14 11:37:45.372275+00:00,prediction_modele,2025-08-31
2025-09-01 05:15:00+02:00,Pays de la Loire,1528.3067045292964,2026-09-14 11:37:45.372275+00:00,prediction_modele,2025-08-31
2025-09-01 05:15:00+02:00,Provence-Alpes-Côte d'Azur,3103.26169424128,2026-09-14 11:37:45.372275+00:00,prediction_modele,2025-08-31
2025-09-01 05:15:00+02:00,Île-de-France,6006.540614071415,2026-09-14 11:37:45.372275+00:00,prediction_modele,2025-08-31
2025-09-01 05:30:00+02:00,Auvergne-Rhône-Alpes,5670.324057430176,2026-09-14 11:37:45.372275+00:00,prediction_modele,2025-08-31
2025-09-01 05:30:00+02:00,Bourgogne-Franche-Comté,806.1002919984003,2026-09-14 11:37:45.372275+00:00,prediction_modele,2025-08-31
2025-09-01 05:30:00+02:00,Bretagne,1086.5681142804542,2026-09-14 11:37:45.372275+00:00,prediction_modele,2025-08-31
2025-09-01 05:30:00+02:00,Centre-Val de Loire,634.8734983680097,2026-09-14 11:37:45.372275+00:00,prediction_modele,2025-08-31
2025-09-01 05:30:00+02:00,Grand Est,3308.628299465465,2026-09-14 11:37:45.372275+00:00,prediction_modele,2025-08-31
2025-09-01 05:30:00+02:00,Hauts-de-France,3875.716519630357,2026-09-14 11:37:45.372275+00:00,prediction_modele,2025-08-31
2025-09-01 05:30:00+02:00,Normandie,1519.43102580307,2026-09-14 11:37:45.372275+00:00,prediction_modele,2025-08-31
2025-09-01 05:30:00+02:00,Nouvelle-Aquitaine,3312.3245718330218,2026-09-14 11:37:45.372275+00:00,prediction_modele,2025-08-31
2025-09-01 05:30:00+02:00,Occitanie,2826.2363516685973,2026-09-14 11:37:45.372275+00:00,prediction_modele,2025-08-31
2025-09-01 05:30:00+02:00,Pays de la Loire,1531.6492185325028,2026-09-14 11:37:45.372275+00:00,prediction_modele,2025-08-31
2025-09-01 05:30:00+02:00,Provence-Alpes-Côte d'Azur,3106.6042082444865,2026-09-14 11:37:45.372275+00:00,prediction_modele,2025-08-31
2025-09-01 05:30:00+02:00,Île-de-France,6009.883128074621,2026-09-14 11:37:45.372275+00:00,prediction_modele,2025-08-31
2025-09-01 05:45:00+02:00,Auvergne-Rhône-Alpes,5673.666571433383,2026-09-14 11:37:45.372275+00:00,prediction_modele,2025-08-31
2025-09-01 05:45:00+02:00,Bourgogne-Franche-Comté,809.4428060016071,2026-09-14 11:37:45.372275+00:00,prediction_modele,2025-08-31
2025-09-01 05:45:00+02:00,Bretagne,1089.910628283661,2026-09-14 11:37:45.372275+00:00,prediction_modele,2025-08-31
2025-09-01 05:45:00+02:00,Centre-Val de Loire,638.2160123712165,2026-09-14 11:37:45.372275+00:00,prediction_modele,2025-08-31
2025-09-01 05:45:00+02:00,Grand Est,3311.970813468671,2026-09-14 11:37:45.372275+00:00,prediction_modele,2025-08-31
2025-09-01 05:45:00+02:00,Hauts-de-France,3879.0590336335636,2026-09-14 11:37:45.372275+00:00,prediction_modele,2025-08-31
2025-09-01 05:45:00+02:00,Normandie,1522.7735398062764,2026-09-14 11:37:45.372275+00:00,prediction_modele,2025-08-31
2025-09-01 05:45:00+02:00,Nouvelle-Aquitaine,3315.667085836228,2026-09-14 11:37:45.372275+00:00,prediction_modele,2025-08-31
2025-09-01 05:45:00+02:00,Occitanie,2829.5788656718037,2026-09-14 11:37:45.372275+00:00,prediction_modele,2025-08-31
2025-09-01 05:45:00+02:00,Pays de la Loire,1534.9917325357092,2026-09-14 11:37:45.372275+00:00,prediction_modele,2025-08-31
2025-09-01 05:45:00+02:00,Provence-Alpes-Côte d'Azur,3109.946722247693,2026-09-14 11:37:45.372275+00:00,prediction_modele,2025-08-31
2025-09-01 05:45:00+02:00,Île-de-France,6013.225642077827,2026-09-14 11:37:45.372275+00:00,prediction_modele,2025-08-31
2025-09-01 06:00:00+02:00,Auvergne-Rhône-Alpes,5692.575231476793,2026-09-14 11:37:45.372275+00:00,prediction_modele,2025-08-31
2025-09-01 06:00:00+02:00,Bourgogne-Franche-Comté,828.3514660450173,2026-09-14 11:37:45.372275+00:00,prediction_modele,2025-08-31
2025-09-01 06:00:00+02:00,Bretagne,1108.8192883270713,2026-09-14 11:37:45.372275+00:00,prediction_modele,2025-08-31
2025-09-01 06:00:00+02:00,Centre-Val de Loire,657.1246724146258,2026-09-14 11:37:45.372275+00:00,prediction_modele,2025-08-31
2025-09-01 06:00:00+02:00,Grand Est,3330.8794735120814,2026-09-14 11:37:45.372275+00:00,prediction_modele,2025-08-31
2025-09-01 06:00:00+02:00,Hauts-de-France,3897.967693676974,2026-09-14 11:37:45.372275+00:00,prediction_modele,2025-08-31
2025-09-01 06:00:00+02:00,Normandie,1541.682199849687,2026-09-14 11:37:45.372275+00:00,prediction_modele,2025-08-31
2025-09-01 06:00:00+02:00,Nouvelle-Aquitaine,3334.5757458796384,2026-09-14 11:37:45.372275+00:00,prediction_modele,2025-08-31
2025-09-01 06:00:00+02:00,Occitanie,2848.487525715214,2026-09-14 11:37:45.372275+00:00,prediction_modele,2025-08-31
2025-09-01 06:00:00+02:00,Pays de la Loire,1553.9003925791194,2026-09-14 11:37:45.372275+00:00,prediction_modele,2025-08-31
2025-09-01 06:00:00+02:00,Provence-Alpes-Côte d'Azur,3128.8553822911035,2026-09-14 11:37:45.372275+00:00,prediction_modele,2025-08-31
2025-09-01 06:00:00+02:00,Île-de-France,6032.134302121238,2026-09-14 11:37:45.372275+00:00,prediction_modele,2025-08-31
2025-09-01 06:15:00+02:00,Auvergne-Rhône-Alpes,5695.917745479999,2026-09-14 11:37:45.372275+00:00,prediction_modele,2025-08-31
2025-09-01 06:15:00+02:00,Bourgogne-Franche-Comté,831.6939800482232,2026-09-14 11:37:45.372275+00:00,prediction_modele,2025-08-31
2025-09-01 06:15:00+02:00,Bretagne,1112.161802330278,2026-09-14 11:37:45.372275+00:00,prediction_modele,2025-08-31
2025-09-01 06:15:00+02:00,Centre-Val de Loire,660.4671864178326,2026-09-14 11:37:45.372275+00:00,prediction_modele,2025-08-31
2025-09-01 06:15:00+02:00,Grand Est,3334.2219875152878,2026-09-14 11:37:45.372275+00:00,prediction_modele,2025-08-31
2025-09-01 06:15:00+02:00,Hauts-de-France,3901.31020768018,2026-09-14 11:37:45.372275+00:00,prediction_modele,2025-08-31
2025-09-01 06:15:00+02:00,Normandie,1545.0247138528935,2026-09-14 11:37:45.372275+00:00,prediction_modele,2025-08-31
2025-09-01 06:15:00+02:00,Nouvelle-Aquitaine,3337.9182598828447,2026-09-14 11:37:45.372275+00:00,prediction_modele,2025-08-31
2025-09-01 06:15:00+02:00,Occitanie,2851.8300397184203,2026-09-14 11:37:45.372275+00:00,prediction_modele,2025-08-31
2025-09-01 06:15:00+02:00,Pays de la Loire,1557.2429065823258,2026-09-14 11:37:45.372275+00:00,prediction_modele,2025-08-31
2025-09-01 06:15:00+02:00,Provence-Alpes-Côte d'Azur,3132.19789629431,2026-09-14 11:37:45.372275+00:00,prediction_modele,2025-08-31
2025-09-01 06:15:00+02:00,Île-de-France,6035.476816124444,2026-09-14 11:37:45.372275+00:00,prediction_modele,2025-08-31
2025-09-01 06:30:00+02:00,Auvergne-Rhône-Alpes,5699.260259483206,2026-09-14 11:37:45.372275+00:00,prediction_modele,2025-08-31
2025-09-01 06:30:00+02:00,Bourgogne-Franche-Comté,835.03649405143,2026-09-14 11:37:45.372275+00:00,prediction_modele,2025-08-31
2025-09-01 06:30:00+02:00,Bretagne,1115.504316333484,2026-09-14 11:37:45.372275+00:00,prediction_modele,2025-08-31
2025-09-01 06:30:00+02:00,Centre-Val de Loire,663.8097004210395,2026-09-14 11:37:45.372275+00:00,prediction_modele,2025-08-31
2025-09-01 06:30:00+02:00,Grand Est,3337.564501518494,2026-09-14 11:37:45.372275+00:00,prediction_modele,2025-08-31
2025-09-01 06:30:00+02:00,Hauts-de-France,3904.6527216833865,2026-09-14 11:37:45.372275+00:00,prediction_modele,2025-08-31
2025-09-01 06:30:00+02:00,Normandie,1548.3672278560998,2026-09-14 11:37:45.372275+00:00,prediction_modele,2025-08-31
2025-09-01 06:30:00+02:00,Nouvelle-Aquitaine,3341.260773886051,2026-09-14 11:37:45.372275+00:00,prediction_modele,2025-08-31
2025-09-01 06:30:00+02:00,Occitanie,2855.1725537216266,2026-09-14 11:37:45.372275+00:00,prediction_modele,2025-08-31
2025-09-01 06:30:00+02:00,Pays de la Loire,1560.5854205855321,2026-09-14 11:37:45.372275+00:00,prediction_modele,2025-08-31
2025-09-01 06:30:00+02:00,Provence-Alpes-Côte d'Azur,3135.5404102975162,2026-09-14 11:37:45.372275+00:00,prediction_modele,2025-08-31
2025-09-01 06:30:00+02:00,Île-de-France,6038.81933012765,2026-09-14 11:37:45.372275+00:00,prediction_modele,2025-08-31
2025-09-01 06:45:00+02:00,Auvergne-Rhône-Alpes,5702.602773486413,2026-09-14 11:37:45.372275+00:00,prediction_modele,2025-08-31
2025-09-01 06:45:00+02:00,Bourgogne-Franche-Comté,838.3790080546369,2026-09-14 11:37:45.372275+00:00,prediction_modele,2025-08-31
2025-09-01 06:45:00+02:00,Bretagne,1118.8468303366908,2026-09-14 11:37:45.372275+00:00,prediction_modele,2025-08-31
2025-09-01 06:45:00+02:00,Centre-Val de Loire,667.1522144242454,2026-09-14 11:37:45.372275+00:00,prediction_modele,2025-08-31
2025-09-01 06:45:00+02:00,Grand Est,3340.9070155217005,2026-09-14 11:37:45.372275+00:00,prediction_modele,2025-08-31
2025-09-01 06:45:00+02:00,Hauts-de-France,3907.9952356865933,2026-09-14 11:37:45.372275+00:00,prediction_modele,2025-08-31
2025-09-01 06:45:00+02:00,Normandie,1551.7097418593062,2026-09-14 11:37:45.372275+00:00,prediction_modele,2025-08-31
2025-09-01 06:45:00+02:00,Nouvelle-Aquitaine,3344.6032878892574,2026-09-14 11:37:45.372275+00:00,prediction_modele,2025-08-31
2025-09-01 06:45:00+02:00,Occitanie,2858.515067724833,2026-09-14 11:37:45.372275+00:00,prediction_modele,2025-08-31
2025-09-01 06:45:00+02:00,Pays de la Loire,1563.927934588739,2026-09-14 11:37:45.372275+00:00,prediction_modele,2025-08-31
2025-09-01 06:45:00+02:00,Provence-Alpes-Côte d'Azur,3138.8829243007226,2026-09-14 11:37:45.372275+00:00,prediction_modele,2025-08-31
2025-09-01 06:45:00+02:00,Île-de-France,6042.1618441308565,2026-09-14 11:37:45.372275+00:00,prediction_modele,2025-08-31
2025-09-01 07:00:00+02:00,Auvergne-Rhône-Alpes,5721.511433529822,2026-09-14 11:37:45.372275+00:00,prediction_modele,2025-08-31
2025-09-01 07:00:00+02:00,Bourgogne-Franche-Comté,857.2876680980462,2026-09-14 11:37:45.372275+00:00,prediction_modele,2025-08-31
2025-09-01 07:00:00+02:00,Bretagne,1137.7554903801001,2026-09-14 11:37:45.372275+00:00,prediction_modele,2025-08-31
2025-09-01 07:00:00+02:00,Centre-Val de Loire,686.0608744676556,2026-09-14 11:37:45.372275+00:00,prediction_modele,2025-08-31
2025-09-01 07:00:00+02:00,Grand Est,3359.8156755651107,2026-09-14 11:37:45.372275+00:00,prediction_modele,2025-08-31
2025-09-01 07:00:00+02:00,Hauts-de-France,3926.903895730003,2026-09-14 11:37:45.372275+00:00,prediction_modele,2025-08-31
2025-09-01 07:00:00+02:00,Normandie,1570.618401902716,2026-09-14 11:37:45.372275+00:00,prediction_modele,2025-08-31
2025-09-01 07:00:00+02:00,Nouvelle-Aquitaine,3363.5119479326677,2026-09-14 11:37:45.372275+00:00,prediction_modele,2025-08-31
2025-09-01 07:00:00+02:00,Occitanie,2877.423727768243,2026-09-14 11:37:45.372275+00:00,prediction_modele,2025-08-31
2025-09-01 07:00:00+02:00,Pays de la Loire,1582.8365946321487,2026-09-14 11:37:45.372275+00:00,prediction_modele,2025-08-31
2025-09-01 07:00:00+02:00,Provence-Alpes-Côte d'Azur,3157.791584344133,2026-09-14 11:37:45.372275+00:00,prediction_modele,2025-08-31
2025-09-01 07:00:00+02:00,Île-de-France,6061.070504174267,2026-09-14 11:37:45.372275+00:00,prediction_modele,2025-08-31
2025-09-01 07:15:00+02:00,Auvergne-Rhône-Alpes,5724.853947533029,2026-09-14 11:37:45.372275+00:00,prediction_modele,2025-08-31
2025-09-01 07:15:00+02:00,Bourgogne-Franche-Comté,860.630182101253,2026-09-14 11:37:45.372275+00:00,prediction_modele,2025-08-31
2025-09-01 07:15:00+02:00,Bretagne,1141.098004383307,2026-09-14 11:37:45.372275+00:00,prediction_modele,2025-08-31
2025-09-01 07:15:00+02:00,Centre-Val de Loire,689.4033884708624,2026-09-14 11:37:45.372275+00:00,prediction_modele,2025-08-31
2025-09-01 07:15:00+02:00,Grand Est,3363.158189568317,2026-09-14 11:37:45.372275+00:00,prediction_modele,2025-08-31
2025-09-01 07:15:00+02:00,Hauts-de-France,3930.2464097332095,2026-09-14 11:37:45.372275+00:00,prediction_modele,2025-08-31
2025-09-01 07:15:00+02:00,Normandie,1573.9609159059223,2026-09-14 11:37:45.372275+00:00,prediction_modele,2025-08-31
2025-09-01 07:15:00+02:00,Nouvelle-Aquitaine,3366.854461935874,2026-09-14 11:37:45.372275+00:00,prediction_modele,2025-08-31
2025-09-01 07:15:00+02:00,Occitanie,2880.7662417714496,2026-09-14 11:37:45.372275+00:00,prediction_modele,2025-08-31
2025-09-01 07:15:00+02:00,Pays de la Loire,1586.179108635355,2026-09-14 11:37:45.372275+00:00,prediction_modele,2025-08-31
2025-09-01 07:15:00+02:00,Provence-Alpes-Côte d'Azur,3161.134098347339,2026-09-14 11:37:45.372275+00:00,prediction_modele,2025-08-31
2025-09-01 07:15:00+02:00,Île-de-France,6064.413018177473,2026-09-14 11:37:45.372275+00:00,prediction_modele,2025-08-31
2025-09-01 07:30:00+02:00,Auvergne-Rhône-Alpes,5728.196461536236,2026-09-14 11:37:45.372275+00:00,prediction_modele,2025-08-31
2025-09-01 07:30:00+02:00,Bourgogne-Franche-Comté,863.9726961044598,2026-09-14 11:37:45.372275+00:00,prediction_modele,2025-08-31
2025-09-01 07:30:00+02:00,Bretagne,1144.4405183865128,2026-09-14 11:37:45.372275+00:00,prediction_modele,2025-08-31
2025-09-01 07:30:00+02:00,Centre-Val de Loire,692.7459024740683,2026-09-14 11:37:45.372275+00:00,prediction_modele,2025-08-31
2025-09-01 07:30:00+02:00,Grand Est,3366.5007035715234,2026-09-14 11:37:45.372275+00:00,prediction_modele,2025-08-31
2025-09-01 07:30:00+02:00,Hauts-de-France,3933.588923736416,2026-09-14 11:37:45.372275+00:00,prediction_modele,2025-08-31
2025-09-01 07:30:00+02:00,Normandie,1577.3034299091287,2026-09-14 11:37:45.372275+00:00,prediction_modele,2025-08-31
2025-09-01 07:30:00+02:00,Nouvelle-Aquitaine,3370.1969759390804,2026-09-14 11:37:45.372275+00:00,prediction_modele,2025-08-31
2025-09-01 07:30:00+02:00,Occitanie,2884.108755774656,2026-09-14 11:37:45.372275+00:00,prediction_modele,2025-08-31
2025-09-01 07:30:00+02:00,Pays de la Loire,1589.5216226385614,2026-09-14 11:37:45.372275+00:00,prediction_modele,2025-08-31
2025-09-01 07:30:00+02:00,Provence-Alpes-Côte d'Azur,3164.4766123505456,2026-09-14 11:37:45.372275+00:00,prediction_modele,2025-08-31
2025-09-01 07:30:00+02:00,Île-de-France,6067.755532180679,2026-09-14 11:37:45.372275+00:00,prediction_modele,2025-08-31
2025-09-01 07:45:00+02:00,Auvergne-Rhône-Alpes,5731.538975539442,2026-09-14 11:37:45.372275+00:00,prediction_modele,2025-08-31
2025-09-01 07:45:00+02:00,Bourgogne-Franche-Comté,867.3152101076657,2026-09-14 11:37:45.372275+00:00,prediction_modele,2025-08-31
2025-09-01 07:45:00+02:00,Bretagne,1147.7830323897197,2026-09-14 11:37:45.372275+00:00,prediction_modele,2025-08-31
2025-09-01 07:45:00+02:00,Centre-Val de Loire,696.0884164772742,2026-09-14 11:37:45.372275+00:00,prediction_modele,2025-08-31
2025-09-01 07:45:00+02:00,Grand Est,3369.84321757473,2026-09-14 11:37:45.372275+00:00,prediction_modele,2025-08-31
2025-09-01 07:45:00+02:00,Hauts-de-France,3936.931437739622,2026-09-14 11:37:45.372275+00:00,prediction_modele,2025-08-31
2025-09-01 07:45:00+02:00,Normandie,1580.645943912335,2026-09-14 11:37:45.372275+00:00,prediction_modele,2025-08-31
2025-09-01 07:45:00+02:00,Nouvelle-Aquitaine,3373.5394899422868,2026-09-14 11:37:45.372275+00:00,prediction_modele,2025-08-31
2025-09-01 07:45:00+02:00,Occitanie,2887.4512697778623,2026-09-14 11:37:45.372275+00:00,prediction_modele,2025-08-31
2025-09-01 07:45:00+02:00,Pays de la Loire,1592.8641366417678,2026-09-14 11:37:45.372275+00:00,prediction_modele,2025-08-31
2025-09-01 07:45:00+02:00,Provence-Alpes-Côte d'Azur,3167.819126353752,2026-09-14 11:37:45.372275+00:00,prediction_modele,2025-08-31
2025-09-01 07:45:00+02:00,Île-de-France,6071.098046183886,2026-09-14 11:37:45.372275+00:00,prediction_modele,2025-08-31
2025-09-01 08:00:00+02:00,Auvergne-Rhône-Alpes,5750.447635582852,2026-09-14 11:37:45.372275+00:00,prediction_modele,2025-08-31
2025-09-01 08:00:00+02:00,Bourgogne-Franche-Comté,886.223870151076,2026-09-14 11:37:45.372275+00:00,prediction_modele,2025-08-31
2025-09-01 08:00:00+02:00,Bretagne,1166.69169243313,2026-09-14 11:37:45.372275+00:00,prediction_modele,2025-08-31
2025-09-01 08:00:00+02:00,Centre-Val de Loire,714.9970765206854,2026-09-14 11:37:45.372275+00:00,prediction_modele,2025-08-31
2025-09-01 08:00:00+02:00,Grand Est,3388.75187761814,2026-09-14 11:37:45.372275+00:00,prediction_modele,2025-08-31
2025-09-01 08:00:00+02:00,Hauts-de-France,3955.8400977830324,2026-09-14 11:37:45.372275+00:00,prediction_modele,2025-08-31
2025-09-01 08:00:00+02:00,Normandie,1599.5546039557457,2026-09-14 11:37:45.372275+00:00,prediction_modele,2025-08-31
2025-09-01 08:00:00+02:00,Nouvelle-Aquitaine,3392.448149985697,2026-09-14 11:37:45.372275+00:00,prediction_modele,2025-08-31
2025-09-01 08:00:00+02:00,Occitanie,2906.3599298212725,2026-09-14 11:37:45.372275+00:00,prediction_modele,2025-08-31
2025-09-01 08:00:00+02:00,Pays de la Loire,1611.772796685178,2026-09-14 11:37:45.372275+00:00,prediction_modele,2025-08-31
2025-09-01 08:00:00+02:00,Provence-Alpes-Côte d'Azur,3186.727786397162,2026-09-14 11:37:45.372275+00:00,prediction_modele,2025-08-31
2025-09-01 08:00:00+02:00,Île-de-France,6090.006706227296,2026-09-14 11:37:45.372275+00:00,prediction_modele,2025-08-31
2025-09-01 08:15:00+02:00,Auvergne-Rhône-Alpes,5753.790149586059,2026-09-14 11:37:45.372275+00:00,prediction_modele,2025-08-31
2025-09-01 08:15:00+02:00,Bourgogne-Franche-Comté,889.5663841542828,2026-09-14 11:37:45.372275+00:00,prediction_modele,2025-08-31
2025-09-01 08:15:00+02:00,Bretagne,1170.0342064363367,2026-09-14 11:37:45.372275+00:00,prediction_modele,2025-08-31
2025-09-01 08:15:00+02:00,Centre-Val de Loire,718.3395905238913,2026-09-14 11:37:45.372275+00:00,prediction_modele,2025-08-31
2025-09-01 08:15:00+02:00,Grand Est,3392.0943916213464,2026-09-14 11:37:45.372275+00:00,prediction_modele,2025-08-31
2025-09-01 08:15:00+02:00,Hauts-de-France,3959.182611786239,2026-09-14 11:37:45.372275+00:00,prediction_modele,2025-08-31
2025-09-01 08:15:00+02:00,Normandie,1602.897117958952,2026-09-14 11:37:45.372275+00:00,prediction_modele,2025-08-31
2025-09-01 08:15:00+02:00,Nouvelle-Aquitaine,3395.7906639889034,2026-09-14 11:37:45.372275+00:00,prediction_modele,2025-08-31
2025-09-01 08:15:00+02:00,Occitanie,2909.702443824479,2026-09-14 11:37:45.372275+00:00,prediction_modele,2025-08-31
2025-09-01 08:15:00+02:00,Pays de la Loire,1615.1153106883844,2026-09-14 11:37:45.372275+00:00,prediction_modele,2025-08-31
2025-09-01 08:15:00+02:00,Provence-Alpes-Côte d'Azur,3190.0703004003685,2026-09-14 11:37:45.372275+00:00,prediction_modele,2025-08-31
2025-09-01 08:15:00+02:00,Île-de-France,6093.349220230502,2026-09-14 11:37:45.372275+00:00,prediction_modele,2025-08-31
2025-09-01 08:30:00+02:00,Auvergne-Rhône-Alpes,5757.132663589265,2026-09-14 11:37:45.372275+00:00,prediction_modele,2025-08-31
2025-09-01 08:30:00+02:00,Bourgogne-Franche-Comté,892.9088981574887,2026-09-14 11:37:45.372275+00:00,prediction_modele,2025-08-31
2025-09-01 08:30:00+02:00,Bretagne,1173.3767204395426,2026-09-14 11:37:45.372275+00:00,prediction_modele,2025-08-31
2025-09-01 08:30:00+02:00,Centre-Val de Loire,721.6821045270972,2026-09-14 11:37:45.372275+00:00,prediction_modele,2025-08-31
2025-09-01 08:30:00+02:00,Grand Est,3395.4369056245528,2026-09-14 11:37:45.372275+00:00,prediction_modele,2025-08-31
2025-09-01 08:30:00+02:00,Hauts-de-France,3962.525125789445,2026-09-14 11:37:45.372275+00:00,prediction_modele,2025-08-31
2025-09-01 08:30:00+02:00,Normandie,1606.2396319621585,2026-09-14 11:37:45.372275+00:00,prediction_modele,2025-08-31
2025-09-01 08:30:00+02:00,Nouvelle-Aquitaine,3399.1331779921097,2026-09-14 11:37:45.372275+00:00,prediction_modele,2025-08-31
2025-09-01 08:30:00+02:00,Occitanie,2913.0449578276853,2026-09-14 11:37:45.372275+00:00,prediction_modele,2025-08-31
2025-09-01 08:30:00+02:00,Pays de la Loire,1618.4578246915908,2026-09-14 11:37:45.372275+00:00,prediction_modele,2025-08-31
2025-09-01 08:30:00+02:00,Provence-Alpes-Côte d'Azur,3193.412814403575,2026-09-14 11:37:45.372275+00:00,prediction_modele,2025-08-31
2025-09-01 08:30:00+02:00,Île-de-France,6096.691734233709,2026-09-14 11:37:45.372275+00:00,prediction_modele,2025-08-31
2025-09-01 08:45:00+02:00,Auvergne-Rhône-Alpes,5760.4751775924715,2026-09-14 11:37:45.372275+00:00,prediction_modele,2025-08-31
2025-09-01 08:45:00+02:00,Bourgogne-Franche-Comté,896.2514121606955,2026-09-14 11:37:45.372275+00:00,prediction_modele,2025-08-31
2025-09-01 08:45:00+02:00,Bretagne,1176.7192344427494,2026-09-14 11:37:45.372275+00:00,prediction_modele,2025-08-31
2025-09-01 08:45:00+02:00,Centre-Val de Loire,725.024618530304,2026-09-14 11:37:45.372275+00:00,prediction_modele,2025-08-31
2025-09-01 08:45:00+02:00,Grand Est,3398.779419627759,2026-09-14 11:37:45.372275+00:00,prediction_modele,2025-08-31
2025-09-01 08:45:00+02:00,Hauts-de-France,3965.867639792652,2026-09-14 11:37:45.372275+00:00,prediction_modele,2025-08-31
2025-09-01 08:45:00+02:00,Normandie,1609.5821459653648,2026-09-14 11:37:45.372275+00:00,prediction_modele,2025-08-31
2025-09-01 08:45:00+02:00,Nouvelle-Aquitaine,3402.475691995316,2026-09-14 11:37:45.372275+00:00,prediction_modele,2025-08-31
2025-09-01 08:45:00+02:00,Occitanie,2916.3874718308916,2026-09-14 11:37:45.372275+00:00,prediction_modele,2025-08-31
2025-09-01 08:45:00+02:00,Pays de la Loire,1621.8003386947976,2026-09-14 11:37:45.372275+00:00,prediction_modele,2025-08-31
2025-09-01 08:45:00+02:00,Provence-Alpes-Côte d'Azur,3196.7553284067812,2026-09-14 11:37:45.372275+00:00,prediction_modele,2025-08-31
2025-09-01 08:45:00+02:00,Île-de-France,6100.034248236915,2026-09-14 11:37:45.372275+00:00,prediction_modele,2025-08-31
2025-09-01 09:00:00+02:00,Auvergne-Rhône-Alpes,5779.383837635882,2026-09-14 11:37:45.372275+00:00,prediction_modele,2025-08-31
2025-09-01 09:00:00+02:00,Bourgogne-Franche-Comté,915.1600722041057,2026-09-14 11:37:45.372275+00:00,prediction_modele,2025-08-31
2025-09-01 09:00:00+02:00,Bretagne,1195.6278944861588,2026-09-14 11:37:45.372275+00:00,prediction_modele,2025-08-31
2025-09-01 09:00:00+02:00,Centre-Val de Loire,743.9332785737142,2026-09-14 11:37:45.372275+00:00,prediction_modele,2025-08-31
2025-09-01 09:00:00+02:00,Grand Est,3417.6880796711694,2026-09-14 11:37:45.372275+00:00,prediction_modele,2025-08-31
2025-09-01 09:00:00+02:00,Hauts-de-France,3984.7762998360618,2026-09-14 11:37:45.372275+00:00,prediction_modele,2025-08-31
2025-09-01 09:00:00+02:00,Normandie,1628.490806008775,2026-09-14 11:37:45.372275+00:00,prediction_modele,2025-08-31
2025-09-01 09:00:00+02:00,Nouvelle-Aquitaine,3421.3843520387263,2026-09-14 11:37:45.372275+00:00,prediction_modele,2025-08-31
2025-09-01 09:00:00+02:00,Occitanie,2935.296131874302,2026-09-14 11:37:45.372275+00:00,prediction_modele,2025-08-31
2025-09-01 09:00:00+02:00,Pays de la Loire,1640.7089987382074,2026-09-14 11:37:45.372275+00:00,prediction_modele,2025-08-31
2025-09-01 09:00:00+02:00,Provence-Alpes-Côte d'Azur,3215.6639884501915,2026-09-14 11:37:45.372275+00:00,prediction_modele,2025-08-31
2025-09-01 09:00:00+02:00,Île-de-France,6118.942908280325,2026-09-14 11:37:45.372275+00:00,prediction_modele,2025-08-31
2025-09-01 09:15:00+02:00,Auvergne-Rhône-Alpes,5782.726351639088,2026-09-14 11:37:45.372275+00:00,prediction_modele,2025-08-31
2025-09-01 09:15:00+02:00,Bourgogne-Franche-Comté,918.5025862073117,2026-09-14 11:37:45.372275+00:00,prediction_modele,2025-08-31
2025-09-01 09:15:00+02:00,Bretagne,1198.9704084893656,2026-09-14 11:37:45.372275+00:00,prediction_modele,2025-08-31
2025-09-01 09:15:00+02:00,Centre-Val de Loire,747.2757925769201,2026-09-14 11:37:45.372275+00:00,prediction_modele,2025-08-31
2025-09-01 09:15:00+02:00,Grand Est,3421.030593674376,2026-09-14 11:37:45.372275+00:00,prediction_modele,2025-08-31
2025-09-01 09:15:00+02:00,Hauts-de-France,3988.118813839268,2026-09-14 11:37:45.372275+00:00,prediction_modele,2025-08-31
2025-09-01 09:15:00+02:00,Normandie,1631.8333200119814,2026-09-14 11:37:45.372275+00:00,prediction_modele,2025-08-31
2025-09-01 09:15:00+02:00,Nouvelle-Aquitaine,3424.7268660419327,2026-09-14 11:37:45.372275+00:00,prediction_modele,2025-08-31
2025-09-01 09:15:00+02:00,Occitanie,2938.638645877508,2026-09-14 11:37:45.372275+00:00,prediction_modele,2025-08-31
2025-09-01 09:15:00+02:00,Pays de la Loire,1644.0515127414137,2026-09-14 11:37:45.372275+00:00,prediction_modele,2025-08-31
2025-09-01 09:15:00+02:00,Provence-Alpes-Côte d'Azur,3219.006502453398,2026-09-14 11:37:45.372275+00:00,prediction_modele,2025-08-31
2025-09-01 09:15:00+02:00,Île-de-France,6122.285422283532,2026-09-14 11:37:45.372275+00:00,prediction_modele,2025-08-31
2025-09-01 09:30:00+02:00,Auvergne-Rhône-Alpes,5786.068865642294,2026-09-14 11:37:45.372275+00:00,prediction_modele,2025-08-31
2025-09-01 09:30:00+02:00,Bourgogne-Franche-Comté,921.8451002105176,2026-09-14 11:37:45.372275+00:00,prediction_modele,2025-08-31
2025-09-01 09:30:00+02:00,Bretagne,1202.3129224925715,2026-09-14 11:37:45.372275+00:00,prediction_modele,2025-08-31
2025-09-01 09:30:00+02:00,Centre-Val de Loire,750.618306580127,2026-09-14 11:37:45.372275+00:00,prediction_modele,2025-08-31
2025-09-01 09:30:00+02:00,Grand Est,3424.373107677582,2026-09-14 11:37:45.372275+00:00,prediction_modele,2025-08-31
2025-09-01 09:30:00+02:00,Hauts-de-France,3991.4613278424745,2026-09-14 11:37:45.372275+00:00,prediction_modele,2025-08-31
2025-09-01 09:30:00+02:00,Normandie,1635.1758340151878,2026-09-14 11:37:45.372275+00:00,prediction_modele,2025-08-31
2025-09-01 09:30:00+02:00,Nouvelle-Aquitaine,3428.069380045139,2026-09-14 11:37:45.372275+00:00,prediction_modele,2025-08-31
2025-09-01 09:30:00+02:00,Occitanie,2941.9811598807146,2026-09-14 11:37:45.372275+00:00,prediction_modele,2025-08-31
2025-09-01 09:30:00+02:00,Pays de la Loire,1647.39402674462,2026-09-14 11:37:45.372275+00:00,prediction_modele,2025-08-31
2025-09-01 09:30:00+02:00,Provence-Alpes-Côte d'Azur,3222.349016456604,2026-09-14 11:37:45.372275+00:00,prediction_modele,2025-08-31
2025-09-01 09:30:00+02:00,Île-de-France,6125.627936286738,2026-09-14 11:37:45.372275+00:00,prediction_modele,2025-08-31
2025-09-01 09:45:00+02:00,Auvergne-Rhône-Alpes,5789.4113796455,2026-09-14 11:37:45.372275+00:00,prediction_modele,2025-08-31
2025-09-01 09:45:00+02:00,Bourgogne-Franche-Comté,925.1876142137244,2026-09-14 11:37:45.372275+00:00,prediction_modele,2025-08-31
2025-09-01 09:45:00+02:00,Bretagne,1205.6554364957783,2026-09-14 11:37:45.372275+00:00,prediction_modele,2025-08-31
2025-09-01 09:45:00+02:00,Centre-Val de Loire,753.9608205833338,2026-09-14 11:37:45.372275+00:00,prediction_modele,2025-08-31
2025-09-01 09:45:00+02:00,Grand Est,3427.715621680789,2026-09-14 11:37:45.372275+00:00,prediction_modele,2025-08-31
2025-09-01 09:45:00+02:00,Hauts-de-France,3994.803841845681,2026-09-14 11:37:45.372275+00:00,prediction_modele,2025-08-31
2025-09-01 09:45:00+02:00,Normandie,1638.5183480183941,2026-09-14 11:37:45.372275+00:00,prediction_modele,2025-08-31
2025-09-01 09:45:00+02:00,Nouvelle-Aquitaine,3431.4118940483454,2026-09-14 11:37:45.372275+00:00,prediction_modele,2025-08-31
2025-09-01 09:45:00+02:00,Occitanie,2945.323673883921,2026-09-14 11:37:45.372275+00:00,prediction_modele,2025-08-31
2025-09-01 09:45:00+02:00,Pays de la Loire,1650.7365407478264,2026-09-14 11:37:45.372275+00:00,prediction_modele,2025-08-31
2025-09-01 09:45:00+02:00,Provence-Alpes-Côte d'Azur,3225.6915304598106,2026-09-14 11:37:45.372275+00:00,prediction_modele,2025-08-31
2025-09-01 09:45:00+02:00,Île-de-France,6128.970450289944,2026-09-14 11:37:45.372275+00:00,prediction_modele,2025-08-31
2025-09-01 10:00:00+02:00,Auvergne-Rhône-Alpes,5808.320039688911,2026-09-14 11:37:45.372275+00:00,prediction_modele,2025-08-31
2025-09-01 10:00:00+02:00,Bourgogne-Franche-Comté,944.0962742571355,2026-09-14 11:37:45.372275+00:00,prediction_modele,2025-08-31
2025-09-01 10:00:00+02:00,Bretagne,1224.5640965391885,2026-09-14 11:37:45.372275+00:00,prediction_modele,2025-08-31
2025-09-01 10:00:00+02:00,Centre-Val de Loire,772.869480626744,2026-09-14 11:37:45.372275+00:00,prediction_modele,2025-08-31
2025-09-01 10:00:00+02:00,Grand Est,3446.624281724199,2026-09-14 11:37:45.372275+00:00,prediction_modele,2025-08-31
2025-09-01 10:00:00+02:00,Hauts-de-France,4013.7125018890915,2026-09-14 11:37:45.372275+00:00,prediction_modele,2025-08-31
2025-09-01 10:00:00+02:00,Normandie,1657.4270080618044,2026-09-14 11:37:45.372275+00:00,prediction_modele,2025-08-31
2025-09-01 10:00:00+02:00,Nouvelle-Aquitaine,3450.320554091756,2026-09-14 11:37:45.372275+00:00,prediction_modele,2025-08-31
2025-09-01 10:00:00+02:00,Occitanie,2964.2323339273316,2026-09-14 11:37:45.372275+00:00,prediction_modele,2025-08-31
2025-09-01 10:00:00+02:00,Pays de la Loire,1669.6452007912371,2026-09-14 11:37:45.372275+00:00,prediction_modele,2025-08-31
2025-09-01 10:00:00+02:00,Provence-Alpes-Côte d'Azur,3244.600190503221,2026-09-14 11:37:45.372275+00:00,prediction_modele,2025-08-31
2025-09-01 10:00:00+02:00,Île-de-France,6147.879110333355,2026-09-14 11:37:45.372275+00:00,prediction_modele,2025-08-31
2025-09-01 10:15:00+02:00,Auvergne-Rhône-Alpes,5811.662553692117,2026-09-14 11:37:45.372275+00:00,prediction_modele,2025-08-31
2025-09-01 10:15:00+02:00,Bourgogne-Franche-Comté,947.4387882603414,2026-09-14 11:37:45.372275+00:00,prediction_modele,2025-08-31
2025-09-01 10:15:00+02:00,Bretagne,1227.9066105423954,2026-09-14 11:37:45.372275+00:00,prediction_modele,2025-08-31
2025-09-01 10:15:00+02:00,Centre-Val de Loire,776.2119946299499,2026-09-14 11:37:45.372275+00:00,prediction_modele,2025-08-31
2025-09-01 10:15:00+02:00,Grand Est,3449.966795727405,2026-09-14 11:37:45.372275+00:00,prediction_modele,2025-08-31
2025-09-01 10:15:00+02:00,Hauts-de-France,4017.055015892298,2026-09-14 11:37:45.372275+00:00,prediction_modele,2025-08-31
2025-09-01 10:15:00+02:00,Normandie,1660.7695220650107,2026-09-14 11:37:45.372275+00:00,prediction_modele,2025-08-31
2025-09-01 10:15:00+02:00,Nouvelle-Aquitaine,3453.6630680949625,2026-09-14 11:37:45.372275+00:00,prediction_modele,2025-08-31
2025-09-01 10:15:00+02:00,Occitanie,2967.574847930538,2026-09-14 11:37:45.372275+00:00,prediction_modele,2025-08-31
2025-09-01 10:15:00+02:00,Pays de la Loire,1672.9877147944435,2026-09-14 11:37:45.372275+00:00,prediction_modele,2025-08-31
2025-09-01 10:15:00+02:00,Provence-Alpes-Côte d'Azur,3247.942704506427,2026-09-14 11:37:45.372275+00:00,prediction_modele,2025-08-31
2025-09-01 10:15:00+02:00,Île-de-France,6151.221624336562,2026-09-14 11:37:45.372275+00:00,prediction_modele,2025-08-31
2025-09-01 10:30:00+02:00,Auvergne-Rhône-Alpes,5815.005067695323,2026-09-14 11:37:45.372275+00:00,prediction_modele,2025-08-31
2025-09-01 10:30:00+02:00,Bourgogne-Franche-Comté,950.7813022635473,2026-09-14 11:37:45.372275+00:00,prediction_modele,2025-08-31
2025-09-01 10:30:00+02:00,Bretagne,1231.2491245456013,2026-09-14 11:37:45.372275+00:00,prediction_modele,2025-08-31
2025-09-01 10:30:00+02:00,Centre-Val de Loire,779.5545086331567,2026-09-14 11:37:45.372275+00:00,prediction_modele,2025-08-31
2025-09-01 10:30:00+02:00,Grand Est,3453.309309730612,2026-09-14 11:37:45.372275+00:00,prediction_modele,2025-08-31
2025-09-01 10:30:00+02:00,Hauts-de-France,4020.3975298955042,2026-09-14 11:37:45.372275+00:00,prediction_modele,2025-08-31
2025-09-01 10:30:00+02:00,Normandie,1664.112036068217,2026-09-14 11:37:45.372275+00:00,prediction_modele,2025-08-31
2025-09-01 10:30:00+02:00,Nouvelle-Aquitaine,3457.005582098169,2026-09-14 11:37:45.372275+00:00,prediction_modele,2025-08-31
2025-09-01 10:30:00+02:00,Occitanie,2970.9173619337444,2026-09-14 11:37:45.372275+00:00,prediction_modele,2025-08-31
2025-09-01 10:30:00+02:00,Pays de la Loire,1676.3302287976499,2026-09-14 11:37:45.372275+00:00,prediction_modele,2025-08-31
2025-09-01 10:30:00+02:00,Provence-Alpes-Côte d'Azur,3251.2852185096335,2026-09-14 11:37:45.372275+00:00,prediction_modele,2025-08-31
2025-09-01 10:30:00+02:00,Île-de-France,6154.564138339768,2026-09-14 11:37:45.372275+00:00,prediction_modele,2025-08-31
2025-09-01 10:45:00+02:00,Auvergne-Rhône-Alpes,5818.34758169853,2026-09-14 11:37:45.372275+00:00,prediction_modele,2025-08-31
2025-09-01 10:45:00+02:00,Bourgogne-Franche-Comté,954.1238162667541,2026-09-14 11:37:45.372275+00:00,prediction_modele,2025-08-31
2025-09-01 10:45:00+02:00,Bretagne,1234.591638548808,2026-09-14 11:37:45.372275+00:00,prediction_modele,2025-08-31
2025-09-01 10:45:00+02:00,Centre-Val de Loire,782.8970226363635,2026-09-14 11:37:45.372275+00:00,prediction_modele,2025-08-31
2025-09-01 10:45:00+02:00,Grand Est,3456.651823733818,2026-09-14 11:37:45.372275+00:00,prediction_modele,2025-08-31
2025-09-01 10:45:00+02:00,Hauts-de-France,4023.7400438987106,2026-09-14 11:37:45.372275+00:00,prediction_modele,2025-08-31
2025-09-01 10:45:00+02:00,Normandie,1667.4545500714235,2026-09-14 11:37:45.372275+00:00,prediction_modele,2025-08-31
2025-09-01 10:45:00+02:00,Nouvelle-Aquitaine,3460.348096101375,2026-09-14 11:37:45.372275+00:00,prediction_modele,2025-08-31
2025-09-01 10:45:00+02:00,Occitanie,2974.2598759369507,2026-09-14 11:37:45.372275+00:00,prediction_modele,2025-08-31
2025-09-01 10:45:00+02:00,Pays de la Loire,1679.6727428008562,2026-09-14 11:37:45.372275+00:00,prediction_modele,2025-08-31
2025-09-01 10:45:00+02:00,Provence-Alpes-Côte d'Azur,3254.62773251284,2026-09-14 11:37:45.372275+00:00,prediction_modele,2025-08-31
2025-09-01 10:45:00+02:00,Île-de-France,6157.906652342974,2026-09-14 11:37:45.372275+00:00,prediction_modele,2025-08-31
2025-09-01 11:00:00+02:00,Auvergne-Rhône-Alpes,5837.25624174194,2026-09-14 11:37:45.372275+00:00,prediction_modele,2025-08-31
2025-09-01 11:00:00+02:00,Bourgogne-Franche-Comté,973.0324763101644,2026-09-14 11:37:45.372275+00:00,prediction_modele,2025-08-31
2025-09-01 11:00:00+02:00,Bretagne,1253.5002985922183,2026-09-14 11:37:45.372275+00:00,prediction_modele,2025-08-31
2025-09-01 11:00:00+02:00,Centre-Val de Loire,801.8056826797729,2026-09-14 11:37:45.372275+00:00,prediction_modele,2025-08-31
2025-09-01 11:00:00+02:00,Grand Est,3475.5604837772285,2026-09-14 11:37:45.372275+00:00,prediction_modele,2025-08-31
2025-09-01 11:00:00+02:00,Hauts-de-France,4042.648703942121,2026-09-14 11:37:45.372275+00:00,prediction_modele,2025-08-31
2025-09-01 11:00:00+02:00,Normandie,1686.3632101148337,2026-09-14 11:37:45.372275+00:00,prediction_modele,2025-08-31
2025-09-01 11:00:00+02:00,Nouvelle-Aquitaine,3479.2567561447854,2026-09-14 11:37:45.372275+00:00,prediction_modele,2025-08-31
2025-09-01 11:00:00+02:00,Occitanie,2993.168535980361,2026-09-14 11:37:45.372275+00:00,prediction_modele,2025-08-31
2025-09-01 11:00:00+02:00,Pays de la Loire,1698.5814028442664,2026-09-14 11:37:45.372275+00:00,prediction_modele,2025-08-31
2025-09-01 11:00:00+02:00,Provence-Alpes-Côte d'Azur,3273.53639255625,2026-09-14 11:37:45.372275+00:00,prediction_modele,2025-08-31
2025-09-01 11:00:00+02:00,Île-de-France,6176.815312386385,2026-09-14 11:37:45.372275+00:00,prediction_modele,2025-08-31
2025-09-01 11:15:00+02:00,Auvergne-Rhône-Alpes,5840.598755745146,2026-09-14 11:37:45.372275+00:00,prediction_modele,2025-08-31
2025-09-01 11:15:00+02:00,Bourgogne-Franche-Comté,976.3749903133703,2026-09-14 11:37:45.372275+00:00,prediction_modele,2025-08-31
2025-09-01 11:15:00+02:00,Bretagne,1256.8428125954251,2026-09-14 11:37:45.372275+00:00,prediction_modele,2025-08-31
2025-09-01 11:15:00+02:00,Centre-Val de Loire,805.1481966829797,2026-09-14 11:37:45.372275+00:00,prediction_modele,2025-08-31
2025-09-01 11:15:00+02:00,Grand Est,3478.902997780435,2026-09-14 11:37:45.372275+00:00,prediction_modele,2025-08-31
2025-09-01 11:15:00+02:00,Hauts-de-France,4045.991217945327,2026-09-14 11:37:45.372275+00:00,prediction_modele,2025-08-31
2025-09-01 11:15:00+02:00,Normandie,1689.70572411804,2026-09-14 11:37:45.372275+00:00,prediction_modele,2025-08-31
2025-09-01 11:15:00+02:00,Nouvelle-Aquitaine,3482.599270147992,2026-09-14 11:37:45.372275+00:00,prediction_modele,2025-08-31
2025-09-01 11:15:00+02:00,Occitanie,2996.5110499835673,2026-09-14 11:37:45.372275+00:00,prediction_modele,2025-08-31
2025-09-01 11:15:00+02:00,Pays de la Loire,1701.9239168474728,2026-09-14 11:37:45.372275+00:00,prediction_modele,2025-08-31
2025-09-01 11:15:00+02:00,Provence-Alpes-Côte d'Azur,3276.8789065594565,2026-09-14 11:37:45.372275+00:00,prediction_modele,2025-08-31
2025-09-01 11:15:00+02:00,Île-de-France,6180.157826389591,2026-09-14 11:37:45.372275+00:00,prediction_modele,2025-08-31
2025-09-01 11:30:00+02:00,Auvergne-Rhône-Alpes,5843.941269748353,2026-09-14 11:37:45.372275+00:00,prediction_modele,2025-08-31
2025-09-01 11:30:00+02:00,Bourgogne-Franche-Comté,979.7175043165771,2026-09-14 11:37:45.372275+00:00,prediction_modele,2025-08-31
2025-09-01 11:30:00+02:00,Bretagne,1260.185326598631,2026-09-14 11:37:45.372275+00:00,prediction_modele,2025-08-31
2025-09-01 11:30:00+02:00,Centre-Val de Loire,808.4907106861865,2026-09-14 11:37:45.372275+00:00,prediction_modele,2025-08-31
2025-09-01 11:30:00+02:00,Grand Est,3482.245511783641,2026-09-14 11:37:45.372275+00:00,prediction_modele,2025-08-31
2025-09-01 11:30:00+02:00,Hauts-de-France,4049.3337319485336,2026-09-14 11:37:45.372275+00:00,prediction_modele,2025-08-31
2025-09-01 11:30:00+02:00,Normandie,1693.0482381212464,2026-09-14 11:37:45.372275+00:00,prediction_modele,2025-08-31
2025-09-01 11:30:00+02:00,Nouvelle-Aquitaine,3485.941784151198,2026-09-14 11:37:45.372275+00:00,prediction_modele,2025-08-31
2025-09-01 11:30:00+02:00,Occitanie,2999.8535639867737,2026-09-14 11:37:45.372275+00:00,prediction_modele,2025-08-31
2025-09-01 11:30:00+02:00,Pays de la Loire,1705.2664308506792,2026-09-14 11:37:45.372275+00:00,prediction_modele,2025-08-31
2025-09-01 11:30:00+02:00,Provence-Alpes-Côte d'Azur,3280.221420562663,2026-09-14 11:37:45.372275+00:00,prediction_modele,2025-08-31
2025-09-01 11:30:00+02:00,Île-de-France,6183.500340392797,2026-09-14 11:37:45.372275+00:00,prediction_modele,2025-08-31
2025-09-01 11:45:00+02:00,Auvergne-Rhône-Alpes,5847.283783751559,2026-09-14 11:37:45.372275+00:00,prediction_modele,2025-08-31
2025-09-01 11:45:00+02:00,Bourgogne-Franche-Comté,983.0600183197839,2026-09-14 11:37:45.372275+00:00,prediction_modele,2025-08-31
2025-09-01 11:45:00+02:00,Bretagne,1263.5278406018379,2026-09-14 11:37:45.372275+00:00,prediction_modele,2025-08-31
2025-09-01 11:45:00+02:00,Centre-Val de Loire,811.8332246893924,2026-09-14 11:37:45.372275+00:00,prediction_modele,2025-08-31
2025-09-01 11:45:00+02:00,Grand Est,3485.5880257868475,2026-09-14 11:37:45.372275+00:00,prediction_modele,2025-08-31
2025-09-01 11:45:00+02:00,Hauts-de-France,4052.6762459517404,2026-09-14 11:37:45.372275+00:00,prediction_modele,2025-08-31
2025-09-01 11:45:00+02:00,Normandie,1696.3907521244528,2026-09-14 11:37:45.372275+00:00,prediction_modele,2025-08-31
2025-09-01 11:45:00+02:00,Nouvelle-Aquitaine,3489.2842981544045,2026-09-14 11:37:45.372275+00:00,prediction_modele,2025-08-31
2025-09-01 11:45:00+02:00,Occitanie,3003.19607798998,2026-09-14 11:37:45.372275+00:00,prediction_modele,2025-08-31
2025-09-01 11:45:00+02:00,Pays de la Loire,1708.608944853886,2026-09-14 11:37:45.372275+00:00,prediction_modele,2025-08-31
2025-09-01 11:45:00+02:00,Provence-Alpes-Côte d'Azur,3283.563934565869,2026-09-14 11:37:45.372275+00:00,prediction_modele,2025-08-31
2025-09-01 11:45:00+02:00,Île-de-France,6186.8428543960035,2026-09-14 11:37:45.372275+00:00,prediction_modele,2025-08-31
2025-09-01 12:00:00+02:00,Auvergne-Rhône-Alpes,5866.192443794969,2026-09-14 11:37:45.372275+00:00,prediction_modele,2025-08-31
2025-09-01 12:00:00+02:00,Bourgogne-Franche-Comté,1001.9686783631932,2026-09-14 11:37:45.372275+00:00,prediction_modele,2025-08-31
2025-09-01 12:00:00+02:00,Bretagne,1282.4365006452472,2026-09-14 11:37:45.372275+00:00,prediction_modele,2025-08-31
2025-09-01 12:00:00+02:00,Centre-Val de Loire,830.7418847328026,2026-09-14 11:37:45.372275+00:00,prediction_modele,2025-08-31
2025-09-01 12:00:00+02:00,Grand Est,3504.496685830258,2026-09-14 11:37:45.372275+00:00,prediction_modele,2025-08-31
2025-09-01 12:00:00+02:00,Hauts-de-France,4071.58490599515,2026-09-14 11:37:45.372275+00:00,prediction_modele,2025-08-31
2025-09-01 12:00:00+02:00,Normandie,1715.299412167863,2026-09-14 11:37:45.372275+00:00,prediction_modele,2025-08-31
2025-09-01 12:00:00+02:00,Nouvelle-Aquitaine,3508.1929581978147,2026-09-14 11:37:45.372275+00:00,prediction_modele,2025-08-31
2025-09-01 12:00:00+02:00,Occitanie,3022.1047380333903,2026-09-14 11:37:45.372275+00:00,prediction_modele,2025-08-31
2025-09-01 12:00:00+02:00,Pays de la Loire,1727.5176048972958,2026-09-14 11:37:45.372275+00:00,prediction_modele,2025-08-31
2025-09-01 12:00:00+02:00,Provence-Alpes-Côte d'Azur,3302.4725946092794,2026-09-14 11:37:45.372275+00:00,prediction_modele,2025-08-31
2025-09-01 12:00:00+02:00,Île-de-France,6205.751514439414,2026-09-14 11:37:45.372275+00:00,prediction_modele,2025-08-31
2025-09-01 12:15:00+02:00,Auvergne-Rhône-Alpes,5869.534957798176,2026-09-14 11:37:45.372275+00:00,prediction_modele,2025-08-31
2025-09-01 12:15:00+02:00,Bourgogne-Franche-Comté,1005.3111923664001,2026-09-14 11:37:45.372275+00:00,prediction_modele,2025-08-31
2025-09-01 12:15:00+02:00,Bretagne,1285.779014648454,2026-09-14 11:37:45.372275+00:00,prediction_modele,2025-08-31
2025-09-01 12:15:00+02:00,Centre-Val de Loire,834.0843987360095,2026-09-14 11:37:45.372275+00:00,prediction_modele,2025-08-31
2025-09-01 12:15:00+02:00,Grand Est,3507.839199833464,2026-09-14 11:37:45.372275+00:00,prediction_modele,2025-08-31
2025-09-01 12:15:00+02:00,Hauts-de-France,4074.9274199983565,2026-09-14 11:37:45.372275+00:00,prediction_modele,2025-08-31
2025-09-01 12:15:00+02:00,Normandie,1718.6419261710694,2026-09-14 11:37:45.372275+00:00,prediction_modele,2025-08-31
2025-09-01 12:15:00+02:00,Nouvelle-Aquitaine,3511.535472201021,2026-09-14 11:37:45.372275+00:00,prediction_modele,2025-08-31
2025-09-01 12:15:00+02:00,Occitanie,3025.4472520365966,2026-09-14 11:37:45.372275+00:00,prediction_modele,2025-08-31
2025-09-01 12:15:00+02:00,Pays de la Loire,1730.8601189005021,2026-09-14 11:37:45.372275+00:00,prediction_modele,2025-08-31
2025-09-01 12:15:00+02:00,Provence-Alpes-Côte d'Azur,3305.815108612486,2026-09-14 11:37:45.372275+00:00,prediction_modele,2025-08-31
2025-09-01 12:15:00+02:00,Île-de-France,6209.09402844262,2026-09-14 11:37:45.372275+00:00,prediction_modele,2025-08-31
2025-09-01 12:30:00+02:00,Auvergne-Rhône-Alpes,5872.877471801383,2026-09-14 11:37:45.372275+00:00,prediction_modele,2025-08-31
2025-09-01 12:30:00+02:00,Bourgogne-Franche-Comté,1008.6537063696069,2026-09-14 11:37:45.372275+00:00,prediction_modele,2025-08-31
2025-09-01 12:30:00+02:00,Bretagne,1289.12152865166,2026-09-14 11:37:45.372275+00:00,prediction_modele,2025-08-31
2025-09-01 12:30:00+02:00,Centre-Val de Loire,837.4269127392154,2026-09-14 11:37:45.372275+00:00,prediction_modele,2025-08-31
2025-09-01 12:30:00+02:00,Grand Est,3511.1817138366705,2026-09-14 11:37:45.372275+00:00,prediction_modele,2025-08-31
2025-09-01 12:30:00+02:00,Hauts-de-France,4078.269934001563,2026-09-14 11:37:45.372275+00:00,prediction_modele,2025-08-31
2025-09-01 12:30:00+02:00,Normandie,1721.9844401742757,2026-09-14 11:37:45.372275+00:00,prediction_modele,2025-08-31
2025-09-01 12:30:00+02:00,Nouvelle-Aquitaine,3514.8779862042275,2026-09-14 11:37:45.372275+00:00,prediction_modele,2025-08-31
2025-09-01 12:30:00+02:00,Occitanie,3028.789766039803,2026-09-14 11:37:45.372275+00:00,prediction_modele,2025-08-31
2025-09-01 12:30:00+02:00,Pays de la Loire,1734.2026329037085,2026-09-14 11:37:45.372275+00:00,prediction_modele,2025-08-31
2025-09-01 12:30:00+02:00,Provence-Alpes-Côte d'Azur,3309.157622615692,2026-09-14 11:37:45.372275+00:00,prediction_modele,2025-08-31
2025-09-01 12:30:00+02:00,Île-de-France,6212.4365424458265,2026-09-14 11:37:45.372275+00:00,prediction_modele,2025-08-31
2025-09-01 12:45:00+02:00,Auvergne-Rhône-Alpes,5876.219985804589,2026-09-14 11:37:45.372275+00:00,prediction_modele,2025-08-31
2025-09-01 12:45:00+02:00,Bourgogne-Franche-Comté,1011.9962203728128,2026-09-14 11:37:45.372275+00:00,prediction_modele,2025-08-31
2025-09-01 12:45:00+02:00,Bretagne,1292.4640426548667,2026-09-14 11:37:45.372275+00:00,prediction_modele,2025-08-31
2025-09-01 12:45:00+02:00,Centre-Val de Loire,840.7694267424213,2026-09-14 11:37:45.372275+00:00,prediction_modele,2025-08-31
2025-09-01 12:45:00+02:00,Grand Est,3514.5242278398773,2026-09-14 11:37:45.372275+00:00,prediction_modele,2025-08-31
2025-09-01 12:45:00+02:00,Hauts-de-France,4081.6124480047692,2026-09-14 11:37:45.372275+00:00,prediction_modele,2025-08-31
2025-09-01 12:45:00+02:00,Normandie,1725.326954177482,2026-09-14 11:37:45.372275+00:00,prediction_modele,2025-08-31
2025-09-01 12:45:00+02:00,Nouvelle-Aquitaine,3518.220500207434,2026-09-14 11:37:45.372275+00:00,prediction_modele,2025-08-31
2025-09-01 12:45:00+02:00,Occitanie,3032.1322800430094,2026-09-14 11:37:45.372275+00:00,prediction_modele,2025-08-31
2025-09-01 12:45:00+02:00,Pays de la Loire,1737.5451469069149,2026-09-14 11:37:45.372275+00:00,prediction_modele,2025-08-31
2025-09-01 12:45:00+02:00,Provence-Alpes-Côte d'Azur,3312.5001366188985,2026-09-14 11:37:45.372275+00:00,prediction_modele,2025-08-31
2025-09-01 12:45:00+02:00,Île-de-France,6215.779056449033,2026-09-14 11:37:45.372275+00:00,prediction_modele,2025-08-31
2025-09-01 13:00:00+02:00,Auvergne-Rhône-Alpes,5895.128645847999,2026-09-14 11:37:45.372275+00:00,prediction_modele,2025-08-31
2025-09-01 13:00:00+02:00,Bourgogne-Franche-Comté,1030.904880416223,2026-09-14 11:37:45.372275+00:00,prediction_modele,2025-08-31
2025-09-01 13:00:00+02:00,Bretagne,1311.372702698277,2026-09-14 11:37:45.372275+00:00,prediction_modele,2025-08-31
2025-09-01 13:00:00+02:00,Centre-Val de Loire,859.6780867858324,2026-09-14 11:37:45.372275+00:00,prediction_modele,2025-08-31
2025-09-01 13:00:00+02:00,Grand Est,3533.432887883287,2026-09-14 11:37:45.372275+00:00,prediction_modele,2025-08-31
2025-09-01 13:00:00+02:00,Hauts-de-France,4100.5211080481795,2026-09-14 11:37:45.372275+00:00,prediction_modele,2025-08-31
2025-09-01 13:00:00+02:00,Normandie,1744.2356142208928,2026-09-14 11:37:45.372275+00:00,prediction_modele,2025-08-31
2025-09-01 13:00:00+02:00,Nouvelle-Aquitaine,3537.129160250844,2026-09-14 11:37:45.372275+00:00,prediction_modele,2025-08-31
2025-09-01 13:00:00+02:00,Occitanie,3051.0409400864196,2026-09-14 11:37:45.372275+00:00,prediction_modele,2025-08-31
2025-09-01 13:00:00+02:00,Pays de la Loire,1756.453806950325,2026-09-14 11:37:45.372275+00:00,prediction_modele,2025-08-31
2025-09-01 13:00:00+02:00,Provence-Alpes-Côte d'Azur,3331.408796662309,2026-09-14 11:37:45.372275+00:00,prediction_modele,2025-08-31
2025-09-01 13:00:00+02:00,Île-de-France,6234.687716492443,2026-09-14 11:37:45.372275+00:00,prediction_modele,2025-08-31
2025-09-01 13:15:00+02:00,Auvergne-Rhône-Alpes,5898.471159851206,2026-09-14 11:37:45.372275+00:00,prediction_modele,2025-08-31
2025-09-01 13:15:00+02:00,Bourgogne-Franche-Comté,1034.2473944194298,2026-09-14 11:37:45.372275+00:00,prediction_modele,2025-08-31
2025-09-01 13:15:00+02:00,Bretagne,1314.7152167014838,2026-09-14 11:37:45.372275+00:00,prediction_modele,2025-08-31
2025-09-01 13:15:00+02:00,Centre-Val de Loire,863.0206007890383,2026-09-14 11:37:45.372275+00:00,prediction_modele,2025-08-31
2025-09-01 13:15:00+02:00,Grand Est,3536.7754018864935,2026-09-14 11:37:45.372275+00:00,prediction_modele,2025-08-31
2025-09-01 13:15:00+02:00,Hauts-de-France,4103.863622051385,2026-09-14 11:37:45.372275+00:00,prediction_modele,2025-08-31
2025-09-01 13:15:00+02:00,Normandie,1747.5781282240991,2026-09-14 11:37:45.372275+00:00,prediction_modele,2025-08-31
2025-09-01 13:15:00+02:00,Nouvelle-Aquitaine,3540.4716742540504,2026-09-14 11:37:45.372275+00:00,prediction_modele,2025-08-31
2025-09-01 13:15:00+02:00,Occitanie,3054.383454089626,2026-09-14 11:37:45.372275+00:00,prediction_modele,2025-08-31
2025-09-01 13:15:00+02:00,Pays de la Loire,1759.7963209535314,2026-09-14 11:37:45.372275+00:00,prediction_modele,2025-08-31
2025-09-01 13:15:00+02:00,Provence-Alpes-Côte d'Azur,3334.7513106655156,2026-09-14 11:37:45.372275+00:00,prediction_modele,2025-08-31
2025-09-01 13:15:00+02:00,Île-de-France,6238.030230495649,2026-09-14 11:37:45.372275+00:00,prediction_modele,2025-08-31
2025-09-01 13:30:00+02:00,Auvergne-Rhône-Alpes,5901.813673854412,2026-09-14 11:37:45.372275+00:00,prediction_modele,2025-08-31
2025-09-01 13:30:00+02:00,Bourgogne-Franche-Comté,1037.5899084226357,2026-09-14 11:37:45.372275+00:00,prediction_modele,2025-08-31
2025-09-01 13:30:00+02:00,Bretagne,1318.0577307046897,2026-09-14 11:37:45.372275+00:00,prediction_modele,2025-08-31
2025-09-01 13:30:00+02:00,Centre-Val de Loire,866.3631147922442,2026-09-14 11:37:45.372275+00:00,prediction_modele,2025-08-31
2025-09-01 13:30:00+02:00,Grand Est,3540.1179158897,2026-09-14 11:37:45.372275+00:00,prediction_modele,2025-08-31
2025-09-01 13:30:00+02:00,Hauts-de-France,4107.206136054592,2026-09-14 11:37:45.372275+00:00,prediction_modele,2025-08-31
2025-09-01 13:30:00+02:00,Normandie,1750.9206422273055,2026-09-14 11:37:45.372275+00:00,prediction_modele,2025-08-31
2025-09-01 13:30:00+02:00,Nouvelle-Aquitaine,3543.814188257257,2026-09-14 11:37:45.372275+00:00,prediction_modele,2025-08-31
2025-09-01 13:30:00+02:00,Occitanie,3057.7259680928323,2026-09-14 11:37:45.372275+00:00,prediction_modele,2025-08-31
2025-09-01 13:30:00+02:00,Pays de la Loire,1763.1388349567378,2026-09-14 11:37:45.372275+00:00,prediction_modele,2025-08-31
2025-09-01 13:30:00+02:00,Provence-Alpes-Côte d'Azur,3338.093824668722,2026-09-14 11:37:45.372275+00:00,prediction_modele,2025-08-31
2025-09-01 13:30:00+02:00,Île-de-France,6241.372744498856,2026-09-14 11:37:45.372275+00:00,prediction_modele,2025-08-31
2025-09-01 13:45:00+02:00,Auvergne-Rhône-Alpes,5905.1561878576185,2026-09-14 11:37:45.372275+00:00,prediction_modele,2025-08-31
2025-09-01 13:45:00+02:00,Bourgogne-Franche-Comté,1040.9324224258426,2026-09-14 11:37:45.372275+00:00,prediction_modele,2025-08-31
2025-09-01 13:45:00+02:00,Bretagne,1321.4002447078965,2026-09-14 11:37:45.372275+00:00,prediction_modele,2025-08-31
2025-09-01 13:45:00+02:00,Centre-Val de Loire,869.705628795451,2026-09-14 11:37:45.372275+00:00,prediction_modele,2025-08-31
2025-09-01 13:45:00+02:00,Grand Est,3543.460429892906,2026-09-14 11:37:45.372275+00:00,prediction_modele,2025-08-31
2025-09-01 13:45:00+02:00,Hauts-de-France,4110.548650057799,2026-09-14 11:37:45.372275+00:00,prediction_modele,2025-08-31
2025-09-01 13:45:00+02:00,Normandie,1754.2631562305119,2026-09-14 11:37:45.372275+00:00,prediction_modele,2025-08-31
2025-09-01 13:45:00+02:00,Nouvelle-Aquitaine,3547.156702260463,2026-09-14 11:37:45.372275+00:00,prediction_modele,2025-08-31
2025-09-01 13:45:00+02:00,Occitanie,3061.0684820960387,2026-09-14 11:37:45.372275+00:00,prediction_modele,2025-08-31
2025-09-01 13:45:00+02:00,Pays de la Loire,1766.4813489599446,2026-09-14 11:37:45.372275+00:00,prediction_modele,2025-08-31
2025-09-01 13:45:00+02:00,Provence-Alpes-Côte d'Azur,3341.4363386719283,2026-09-14 11:37:45.372275+00:00,prediction_modele,2025-08-31
2025-09-01 13:45:00+02:00,Île-de-France,6244.715258502062,2026-09-14 11:37:45.372275+00:00,prediction_modele,2025-08-31
2025-09-01 14:00:00+02:00,Auvergne-Rhône-Alpes,5924.064847901029,2026-09-14 11:37:45.372275+00:00,prediction_modele,2025-08-31
2025-09-01 14:00:00+02:00,Bourgogne-Franche-Comté,1059.8410824692528,2026-09-14 11:37:45.372275+00:00,prediction_modele,2025-08-31
2025-09-01 14:00:00+02:00,Bretagne,1340.3089047513058,2026-09-14 11:37:45.372275+00:00,prediction_modele,2025-08-31
2025-09-01 14:00:00+02:00,Centre-Val de Loire,888.6142888388613,2026-09-14 11:37:45.372275+00:00,prediction_modele,2025-08-31
2025-09-01 14:00:00+02:00,Grand Est,3562.3690899363164,2026-09-14 11:37:45.372275+00:00,prediction_modele,2025-08-31
2025-09-01 14:00:00+02:00,Hauts-de-France,4129.457310101208,2026-09-14 11:37:45.372275+00:00,prediction_modele,2025-08-31
2025-09-01 14:00:00+02:00,Normandie,1773.171816273922,2026-09-14 11:37:45.372275+00:00,prediction_modele,2025-08-31
2025-09-01 14:00:00+02:00,Nouvelle-Aquitaine,3566.0653623038734,2026-09-14 11:37:45.372275+00:00,prediction_modele,2025-08-31
2025-09-01 14:00:00+02:00,Occitanie,3079.977142139449,2026-09-14 11:37:45.372275+00:00,prediction_modele,2025-08-31
2025-09-01 14:00:00+02:00,Pays de la Loire,1785.3900090033544,2026-09-14 11:37:45.372275+00:00,prediction_modele,2025-08-31
2025-09-01 14:00:00+02:00,Provence-Alpes-Côte d'Azur,3360.3449987153385,2026-09-14 11:37:45.372275+00:00,prediction_modele,2025-08-31
2025-09-01 14:00:00+02:00,Île-de-France,6263.623918545472,2026-09-14 11:37:45.372275+00:00,prediction_modele,2025-08-31
2025-09-01 14:15:00+02:00,Auvergne-Rhône-Alpes,5927.407361904235,2026-09-14 11:37:45.372275+00:00,prediction_modele,2025-08-31
2025-09-01 14:15:00+02:00,Bourgogne-Franche-Comté,1063.1835964724587,2026-09-14 11:37:45.372275+00:00,prediction_modele,2025-08-31
2025-09-01 14:15:00+02:00,Bretagne,1343.6514187545126,2026-09-14 11:37:45.372275+00:00,prediction_modele,2025-08-31
2025-09-01 14:15:00+02:00,Centre-Val de Loire,891.9568028420672,2026-09-14 11:37:45.372275+00:00,prediction_modele,2025-08-31
2025-09-01 14:15:00+02:00,Grand Est,3565.711603939523,2026-09-14 11:37:45.372275+00:00,prediction_modele,2025-08-31
2025-09-01 14:15:00+02:00,Hauts-de-France,4132.799824104415,2026-09-14 11:37:45.372275+00:00,prediction_modele,2025-08-31
2025-09-01 14:15:00+02:00,Normandie,1776.5143302771285,2026-09-14 11:37:45.372275+00:00,prediction_modele,2025-08-31
2025-09-01 14:15:00+02:00,Nouvelle-Aquitaine,3569.4078763070797,2026-09-14 11:37:45.372275+00:00,prediction_modele,2025-08-31
2025-09-01 14:15:00+02:00,Occitanie,3083.3196561426553,2026-09-14 11:37:45.372275+00:00,prediction_modele,2025-08-31
2025-09-01 14:15:00+02:00,Pays de la Loire,1788.7325230065608,2026-09-14 11:37:45.372275+00:00,prediction_modele,2025-08-31
2025-09-01 14:15:00+02:00,Provence-Alpes-Côte d'Azur,3363.687512718545,2026-09-14 11:37:45.372275+00:00,prediction_modele,2025-08-31
2025-09-01 14:15:00+02:00,Île-de-France,6266.966432548679,2026-09-14 11:37:45.372275+00:00,prediction_modele,2025-08-31
2025-09-01 14:30:00+02:00,Auvergne-Rhône-Alpes,5930.7498759074415,2026-09-14 11:37:45.372275+00:00,prediction_modele,2025-08-31
2025-09-01 14:30:00+02:00,Bourgogne-Franche-Comté,1066.5261104756646,2026-09-14 11:37:45.372275+00:00,prediction_modele,2025-08-31
2025-09-01 14:30:00+02:00,Bretagne,1346.9939327577185,2026-09-14 11:37:45.372275+00:00,prediction_modele,2025-08-31
2025-09-01 14:30:00+02:00,Centre-Val de Loire,895.299316845274,2026-09-14 11:37:45.372275+00:00,prediction_modele,2025-08-31
2025-09-01 14:30:00+02:00,Grand Est,3569.054117942729,2026-09-14 11:37:45.372275+00:00,prediction_modele,2025-08-31
2025-09-01 14:30:00+02:00,Hauts-de-France,4136.142338107622,2026-09-14 11:37:45.372275+00:00,prediction_modele,2025-08-31
2025-09-01 14:30:00+02:00,Normandie,1779.8568442803348,2026-09-14 11:37:45.372275+00:00,prediction_modele,2025-08-31
2025-09-01 14:30:00+02:00,Nouvelle-Aquitaine,3572.750390310286,2026-09-14 11:37:45.372275+00:00,prediction_modele,2025-08-31
2025-09-01 14:30:00+02:00,Occitanie,3086.6621701458616,2026-09-14 11:37:45.372275+00:00,prediction_modele,2025-08-31
2025-09-01 14:30:00+02:00,Pays de la Loire,1792.0750370097671,2026-09-14 11:37:45.372275+00:00,prediction_modele,2025-08-31
2025-09-01 14:30:00+02:00,Provence-Alpes-Côte d'Azur,3367.0300267217513,2026-09-14 11:37:45.372275+00:00,prediction_modele,2025-08-31
2025-09-01 14:30:00+02:00,Île-de-France,6270.308946551885,2026-09-14 11:37:45.372275+00:00,prediction_modele,2025-08-31
2025-09-01 14:45:00+02:00,Auvergne-Rhône-Alpes,5934.092389910647,2026-09-14 11:37:45.372275+00:00,prediction_modele,2025-08-31
2025-09-01 14:45:00+02:00,Bourgogne-Franche-Comté,1069.8686244788714,2026-09-14 11:37:45.372275+00:00,prediction_modele,2025-08-31
2025-09-01 14:45:00+02:00,Bretagne,1350.336446760925,2026-09-14 11:37:45.372275+00:00,prediction_modele,2025-08-31
2025-09-01 14:45:00+02:00,Centre-Val de Loire,898.6418308484808,2026-09-14 11:37:45.372275+00:00,prediction_modele,2025-08-31
2025-09-01 14:45:00+02:00,Grand Est,3572.396631945936,2026-09-14 11:37:45.372275+00:00,prediction_modele,2025-08-31
2025-09-01 14:45:00+02:00,Hauts-de-France,4139.484852110828,2026-09-14 11:37:45.372275+00:00,prediction_modele,2025-08-31
2025-09-01 14:45:00+02:00,Normandie,1783.1993582835412,2026-09-14 11:37:45.372275+00:00,prediction_modele,2025-08-31
2025-09-01 14:45:00+02:00,Nouvelle-Aquitaine,3576.0929043134925,2026-09-14 11:37:45.372275+00:00,prediction_modele,2025-08-31
2025-09-01 14:45:00+02:00,Occitanie,3090.004684149068,2026-09-14 11:37:45.372275+00:00,prediction_modele,2025-08-31
2025-09-01 14:45:00+02:00,Pays de la Loire,1795.4175510129735,2026-09-14 11:37:45.372275+00:00,prediction_modele,2025-08-31
2025-09-01 14:45:00+02:00,Provence-Alpes-Côte d'Azur,3370.3725407249576,2026-09-14 11:37:45.372275+00:00,prediction_modele,2025-08-31
2025-09-01 14:45:00+02:00,Île-de-France,6273.651460555091,2026-09-14 11:37:45.372275+00:00,prediction_modele,2025-08-31
2025-09-01 15:00:00+02:00,Auvergne-Rhône-Alpes,5953.001049954058,2026-09-14 11:37:45.372275+00:00,prediction_modele,2025-08-31
2025-09-01 15:00:00+02:00,Bourgogne-Franche-Comté,1088.7772845222817,2026-09-14 11:37:45.372275+00:00,prediction_modele,2025-08-31
2025-09-01 15:00:00+02:00,Bretagne,1369.2451068043356,2026-09-14 11:37:45.372275+00:00,prediction_modele,2025-08-31
2025-09-01 15:00:00+02:00,Centre-Val de Loire,917.5504908918901,2026-09-14 11:37:45.372275+00:00,prediction_modele,2025-08-31
2025-09-01 15:00:00+02:00,Grand Est,3591.305291989346,2026-09-14 11:37:45.372275+00:00,prediction_modele,2025-08-31
2025-09-01 15:00:00+02:00,Hauts-de-France,4158.393512154238,2026-09-14 11:37:45.372275+00:00,prediction_modele,2025-08-31
2025-09-01 15:00:00+02:00,Normandie,1802.1080183269514,2026-09-14 11:37:45.372275+00:00,prediction_modele,2025-08-31
2025-09-01 15:00:00+02:00,Nouvelle-Aquitaine,3595.0015643569027,2026-09-14 11:37:45.372275+00:00,prediction_modele,2025-08-31
2025-09-01 15:00:00+02:00,Occitanie,3108.9133441924782,2026-09-14 11:37:45.372275+00:00,prediction_modele,2025-08-31
2025-09-01 15:00:00+02:00,Pays de la Loire,1814.3262110563837,2026-09-14 11:37:45.372275+00:00,prediction_modele,2025-08-31
2025-09-01 15:00:00+02:00,Provence-Alpes-Côte d'Azur,3389.281200768368,2026-09-14 11:37:45.372275+00:00,prediction_modele,2025-08-31
2025-09-01 15:00:00+02:00,Île-de-France,6292.560120598502,2026-09-14 11:37:45.372275+00:00,prediction_modele,2025-08-31
2025-09-01 15:15:00+02:00,Auvergne-Rhône-Alpes,5956.343563957264,2026-09-14 11:37:45.372275+00:00,prediction_modele,2025-08-31
2025-09-01 15:15:00+02:00,Bourgogne-Franche-Comté,1092.1197985254876,2026-09-14 11:37:45.372275+00:00,prediction_modele,2025-08-31
2025-09-01 15:15:00+02:00,Bretagne,1372.587620807542,2026-09-14 11:37:45.372275+00:00,prediction_modele,2025-08-31
2025-09-01 15:15:00+02:00,Centre-Val de Loire,920.893004895097,2026-09-14 11:37:45.372275+00:00,prediction_modele,2025-08-31
2025-09-01 15:15:00+02:00,Grand Est,3594.647805992552,2026-09-14 11:37:45.372275+00:00,prediction_modele,2025-08-31
2025-09-01 15:15:00+02:00,Hauts-de-France,4161.736026157445,2026-09-14 11:37:45.372275+00:00,prediction_modele,2025-08-31
2025-09-01 15:15:00+02:00,Normandie,1805.4505323301578,2026-09-14 11:37:45.372275+00:00,prediction_modele,2025-08-31
2025-09-01 15:15:00+02:00,Nouvelle-Aquitaine,3598.344078360109,2026-09-14 11:37:45.372275+00:00,prediction_modele,2025-08-31
2025-09-01 15:15:00+02:00,Occitanie,3112.2558581956846,2026-09-14 11:37:45.372275+00:00,prediction_modele,2025-08-31
2025-09-01 15:15:00+02:00,Pays de la Loire,1817.66872505959,2026-09-14 11:37:45.372275+00:00,prediction_modele,2025-08-31
2025-09-01 15:15:00+02:00,Provence-Alpes-Côte d'Azur,3392.623714771574,2026-09-14 11:37:45.372275+00:00,prediction_modele,2025-08-31
2025-09-01 15:15:00+02:00,Île-de-France,6295.902634601708,2026-09-14 11:37:45.372275+00:00,prediction_modele,2025-08-31
2025-09-01 15:30:00+02:00,Auvergne-Rhône-Alpes,5959.68607796047,2026-09-14 11:37:45.372275+00:00,prediction_modele,2025-08-31
2025-09-01 15:30:00+02:00,Bourgogne-Franche-Comté,1095.4623125286944,2026-09-14 11:37:45.372275+00:00,prediction_modele,2025-08-31
2025-09-01 15:30:00+02:00,Bretagne,1375.9301348107483,2026-09-14 11:37:45.372275+00:00,prediction_modele,2025-08-31
2025-09-01 15:30:00+02:00,Centre-Val de Loire,924.2355188983038,2026-09-14 11:37:45.372275+00:00,prediction_modele,2025-08-31
2025-09-01 15:30:00+02:00,Grand Est,3597.990319995759,2026-09-14 11:37:45.372275+00:00,prediction_modele,2025-08-31
2025-09-01 15:30:00+02:00,Hauts-de-France,4165.078540160651,2026-09-14 11:37:45.372275+00:00,prediction_modele,2025-08-31
2025-09-01 15:30:00+02:00,Normandie,1808.7930463333641,2026-09-14 11:37:45.372275+00:00,prediction_modele,2025-08-31
2025-09-01 15:30:00+02:00,Nouvelle-Aquitaine,3601.6865923633154,2026-09-14 11:37:45.372275+00:00,prediction_modele,2025-08-31
2025-09-01 15:30:00+02:00,Occitanie,3115.598372198891,2026-09-14 11:37:45.372275+00:00,prediction_modele,2025-08-31
2025-09-01 15:30:00+02:00,Pays de la Loire,1821.0112390627964,2026-09-14 11:37:45.372275+00:00,prediction_modele,2025-08-31
2025-09-01 15:30:00+02:00,Provence-Alpes-Côte d'Azur,3395.9662287747806,2026-09-14 11:37:45.372275+00:00,prediction_modele,2025-08-31
2025-09-01 15:30:00+02:00,Île-de-France,6299.245148604914,2026-09-14 11:37:45.372275+00:00,prediction_modele,2025-08-31
2025-09-01 15:45:00+02:00,Auvergne-Rhône-Alpes,5963.028591963677,2026-09-14 11:37:45.372275+00:00,prediction_modele,2025-08-31
2025-09-01 15:45:00+02:00,Bourgogne-Franche-Comté,1098.8048265319012,2026-09-14 11:37:45.372275+00:00,prediction_modele,2025-08-31
2025-09-01 15:45:00+02:00,Bretagne,1379.2726488139547,2026-09-14 11:37:45.372275+00:00,prediction_modele,2025-08-31
2025-09-01 15:45:00+02:00,Centre-Val de Loire,927.5780329015097,2026-09-14 11:37:45.372275+00:00,prediction_modele,2025-08-31
2025-09-01 15:45:00+02:00,Grand Est,3601.3328339989653,2026-09-14 11:37:45.372275+00:00,prediction_modele,2025-08-31
2025-09-01 15:45:00+02:00,Hauts-de-France,4168.421054163858,2026-09-14 11:37:45.372275+00:00,prediction_modele,2025-08-31
2025-09-01 15:45:00+02:00,Normandie,1812.1355603365705,2026-09-14 11:37:45.372275+00:00,prediction_modele,2025-08-31
2025-09-01 15:45:00+02:00,Nouvelle-Aquitaine,3605.029106366522,2026-09-14 11:37:45.372275+00:00,prediction_modele,2025-08-31
2025-09-01 15:45:00+02:00,Occitanie,3118.9408862020973,2026-09-14 11:37:45.372275+00:00,prediction_modele,2025-08-31
2025-09-01 15:45:00+02:00,Pays de la Loire,1824.3537530660033,2026-09-14 11:37:45.372275+00:00,prediction_modele,2025-08-31
2025-09-01 15:45:00+02:00,Provence-Alpes-Côte d'Azur,3399.3087427779874,2026-09-14 11:37:45.372275+00:00,prediction_modele,2025-08-31
2025-09-01 15:45:00+02:00,Île-de-France,6302.587662608121,2026-09-14 11:37:45.372275+00:00,prediction_modele,2025-08-31
2025-09-01 16:00:00+02:00,Auvergne-Rhône-Alpes,5981.937252007087,2026-09-14 11:37:45.372275+00:00,prediction_modele,2025-08-31
2025-09-01 16:00:00+02:00,Bourgogne-Franche-Comté,1117.7134865753105,2026-09-14 11:37:45.372275+00:00,prediction_modele,2025-08-31
2025-09-01 16:00:00+02:00,Bretagne,1398.181308857365,2026-09-14 11:37:45.372275+00:00,prediction_modele,2025-08-31
2025-09-01 16:00:00+02:00,Centre-Val de Loire,946.4866929449199,2026-09-14 11:37:45.372275+00:00,prediction_modele,2025-08-31
2025-09-01 16:00:00+02:00,Grand Est,3620.241494042375,2026-09-14 11:37:45.372275+00:00,prediction_modele,2025-08-31
2025-09-01 16:00:00+02:00,Hauts-de-France,4187.329714207268,2026-09-14 11:37:45.372275+00:00,prediction_modele,2025-08-31
2025-09-01 16:00:00+02:00,Normandie,1831.0442203799807,2026-09-14 11:37:45.372275+00:00,prediction_modele,2025-08-31
2025-09-01 16:00:00+02:00,Nouvelle-Aquitaine,3623.937766409932,2026-09-14 11:37:45.372275+00:00,prediction_modele,2025-08-31
2025-09-01 16:00:00+02:00,Occitanie,3137.8495462455076,2026-09-14 11:37:45.372275+00:00,prediction_modele,2025-08-31
2025-09-01 16:00:00+02:00,Pays de la Loire,1843.262413109413,2026-09-14 11:37:45.372275+00:00,prediction_modele,2025-08-31
2025-09-01 16:00:00+02:00,Provence-Alpes-Côte d'Azur,3418.217402821397,2026-09-14 11:37:45.372275+00:00,prediction_modele,2025-08-31
2025-09-01 16:00:00+02:00,Île-de-France,6321.496322651531,2026-09-14 11:37:45.372275+00:00,prediction_modele,2025-08-31
2025-09-01 16:15:00+02:00,Auvergne-Rhône-Alpes,5985.279766010293,2026-09-14 11:37:45.372275+00:00,prediction_modele,2025-08-31
2025-09-01 16:15:00+02:00,Bourgogne-Franche-Comté,1121.0560005785173,2026-09-14 11:37:45.372275+00:00,prediction_modele,2025-08-31
2025-09-01 16:15:00+02:00,Bretagne,1401.5238228605713,2026-09-14 11:37:45.372275+00:00,prediction_modele,2025-08-31
2025-09-01 16:15:00+02:00,Centre-Val de Loire,949.8292069481267,2026-09-14 11:37:45.372275+00:00,prediction_modele,2025-08-31
2025-09-01 16:15:00+02:00,Grand Est,3623.584008045582,2026-09-14 11:37:45.372275+00:00,prediction_modele,2025-08-31
2025-09-01 16:15:00+02:00,Hauts-de-France,4190.672228210474,2026-09-14 11:37:45.372275+00:00,prediction_modele,2025-08-31
2025-09-01 16:15:00+02:00,Normandie,1834.386734383187,2026-09-14 11:37:45.372275+00:00,prediction_modele,2025-08-31
2025-09-01 16:15:00+02:00,Nouvelle-Aquitaine,3627.2802804131384,2026-09-14 11:37:45.372275+00:00,prediction_modele,2025-08-31
2025-09-01 16:15:00+02:00,Occitanie,3141.192060248714,2026-09-14 11:37:45.372275+00:00,prediction_modele,2025-08-31
2025-09-01 16:15:00+02:00,Pays de la Loire,1846.6049271126194,2026-09-14 11:37:45.372275+00:00,prediction_modele,2025-08-31
2025-09-01 16:15:00+02:00,Provence-Alpes-Côte d'Azur,3421.5599168246035,2026-09-14 11:37:45.372275+00:00,prediction_modele,2025-08-31
2025-09-01 16:15:00+02:00,Île-de-France,6324.838836654737,2026-09-14 11:37:45.372275+00:00,prediction_modele,2025-08-31
2025-09-01 16:30:00+02:00,Auvergne-Rhône-Alpes,5988.6222800135,2026-09-14 11:37:45.372275+00:00,prediction_modele,2025-08-31
2025-09-01 16:30:00+02:00,Bourgogne-Franche-Comté,1124.3985145817242,2026-09-14 11:37:45.372275+00:00,prediction_modele,2025-08-31
2025-09-01 16:30:00+02:00,Bretagne,1404.8663368637776,2026-09-14 11:37:45.372275+00:00,prediction_modele,2025-08-31
2025-09-01 16:30:00+02:00,Centre-Val de Loire,953.1717209513326,2026-09-14 11:37:45.372275+00:00,prediction_modele,2025-08-31
2025-09-01 16:30:00+02:00,Grand Est,3626.926522048788,2026-09-14 11:37:45.372275+00:00,prediction_modele,2025-08-31
2025-09-01 16:30:00+02:00,Hauts-de-France,4194.01474221368,2026-09-14 11:37:45.372275+00:00,prediction_modele,2025-08-31
2025-09-01 16:30:00+02:00,Normandie,1837.7292483863935,2026-09-14 11:37:45.372275+00:00,prediction_modele,2025-08-31
2025-09-01 16:30:00+02:00,Nouvelle-Aquitaine,3630.6227944163447,2026-09-14 11:37:45.372275+00:00,prediction_modele,2025-08-31
2025-09-01 16:30:00+02:00,Occitanie,3144.5345742519203,2026-09-14 11:37:45.372275+00:00,prediction_modele,2025-08-31
2025-09-01 16:30:00+02:00,Pays de la Loire,1849.9474411158258,2026-09-14 11:37:45.372275+00:00,prediction_modele,2025-08-31
2025-09-01 16:30:00+02:00,Provence-Alpes-Côte d'Azur,3424.90243082781,2026-09-14 11:37:45.372275+00:00,prediction_modele,2025-08-31
2025-09-01 16:30:00+02:00,Île-de-France,6328.181350657944,2026-09-14 11:37:45.372275+00:00,prediction_modele,2025-08-31
2025-09-01 16:45:00+02:00,Auvergne-Rhône-Alpes,5991.964794016706,2026-09-14 11:37:45.372275+00:00,prediction_modele,2025-08-31
2025-09-01 16:45:00+02:00,Bourgogne-Franche-Comté,1127.74102858493,2026-09-14 11:37:45.372275+00:00,prediction_modele,2025-08-31
2025-09-01 16:45:00+02:00,Bretagne,1408.208850866984,2026-09-14 11:37:45.372275+00:00,prediction_modele,2025-08-31
2025-09-01 16:45:00+02:00,Centre-Val de Loire,956.5142349545386,2026-09-14 11:37:45.372275+00:00,prediction_modele,2025-08-31
2025-09-01 16:45:00+02:00,Grand Est,3630.2690360519946,2026-09-14 11:37:45.372275+00:00,prediction_modele,2025-08-31
2025-09-01 16:45:00+02:00,Hauts-de-France,4197.3572562168865,2026-09-14 11:37:45.372275+00:00,prediction_modele,2025-08-31
2025-09-01 16:45:00+02:00,Normandie,1841.0717623895998,2026-09-14 11:37:45.372275+00:00,prediction_modele,2025-08-31
2025-09-01 16:45:00+02:00,Nouvelle-Aquitaine,3633.965308419551,2026-09-14 11:37:45.372275+00:00,prediction_modele,2025-08-31
2025-09-01 16:45:00+02:00,Occitanie,3147.8770882551266,2026-09-14 11:37:45.372275+00:00,prediction_modele,2025-08-31
2025-09-01 16:45:00+02:00,Pays de la Loire,1853.2899551190321,2026-09-14 11:37:45.372275+00:00,prediction_modele,2025-08-31
2025-09-01 16:45:00+02:00,Provence-Alpes-Côte d'Azur,3428.2449448310163,2026-09-14 11:37:45.372275+00:00,prediction_modele,2025-08-31
2025-09-01 16:45:00+02:00,Île-de-France,6331.523864661151,2026-09-14 11:37:45.372275+00:00,prediction_modele,2025-08-31
2025-09-01 17:00:00+02:00,Auvergne-Rhône-Alpes,6010.873454060116,2026-09-14 11:37:45.372275+00:00,prediction_modele,2025-08-31
2025-09-01 17:00:00+02:00,Bourgogne-Franche-Comté,1146.6496886283403,2026-09-14 11:37:45.372275+00:00,prediction_modele,2025-08-31
2025-09-01 17:00:00+02:00,Bretagne,1427.1175109103942,2026-09-14 11:37:45.372275+00:00,prediction_modele,2025-08-31
2025-09-01 17:00:00+02:00,Centre-Val de Loire,975.4228949979497,2026-09-14 11:37:45.372275+00:00,prediction_modele,2025-08-31
2025-09-01 17:00:00+02:00,Grand Est,3649.177696095405,2026-09-14 11:37:45.372275+00:00,prediction_modele,2025-08-31
2025-09-01 17:00:00+02:00,Hauts-de-France,4216.265916260298,2026-09-14 11:37:45.372275+00:00,prediction_modele,2025-08-31
2025-09-01 17:00:00+02:00,Normandie,1859.98042243301,2026-09-14 11:37:45.372275+00:00,prediction_modele,2025-08-31
2025-09-01 17:00:00+02:00,Nouvelle-Aquitaine,3652.873968462962,2026-09-14 11:37:45.372275+00:00,prediction_modele,2025-08-31
2025-09-01 17:00:00+02:00,Occitanie,3166.7857482985373,2026-09-14 11:37:45.372275+00:00,prediction_modele,2025-08-31
2025-09-01 17:00:00+02:00,Pays de la Loire,1872.1986151624428,2026-09-14 11:37:45.372275+00:00,prediction_modele,2025-08-31
2025-09-01 17:00:00+02:00,Provence-Alpes-Côte d'Azur,3447.1536048744265,2026-09-14 11:37:45.372275+00:00,prediction_modele,2025-08-31
2025-09-01 17:00:00+02:00,Île-de-France,6350.432524704561,2026-09-14 11:37:45.372275+00:00,prediction_modele,2025-08-31
2025-09-01 17:15:00+02:00,Auvergne-Rhône-Alpes,6014.215968063323,2026-09-14 11:37:45.372275+00:00,prediction_modele,2025-08-31
2025-09-01 17:15:00+02:00,Bourgogne-Franche-Comté,1149.9922026315471,2026-09-14 11:37:45.372275+00:00,prediction_modele,2025-08-31
2025-09-01 17:15:00+02:00,Bretagne,1430.4600249136006,2026-09-14 11:37:45.372275+00:00,prediction_modele,2025-08-31
2025-09-01 17:15:00+02:00,Centre-Val de Loire,978.7654090011565,2026-09-14 11:37:45.372275+00:00,prediction_modele,2025-08-31
2025-09-01 17:15:00+02:00,Grand Est,3652.5202100986107,2026-09-14 11:37:45.372275+00:00,prediction_modele,2025-08-31
2025-09-01 17:15:00+02:00,Hauts-de-France,4219.608430263504,2026-09-14 11:37:45.372275+00:00,prediction_modele,2025-08-31
2025-09-01 17:15:00+02:00,Normandie,1863.3229364362164,2026-09-14 11:37:45.372275+00:00,prediction_modele,2025-08-31
2025-09-01 17:15:00+02:00,Nouvelle-Aquitaine,3656.216482466168,2026-09-14 11:37:45.372275+00:00,prediction_modele,2025-08-31
2025-09-01 17:15:00+02:00,Occitanie,3170.1282623017437,2026-09-14 11:37:45.372275+00:00,prediction_modele,2025-08-31
2025-09-01 17:15:00+02:00,Pays de la Loire,1875.5411291656492,2026-09-14 11:37:45.372275+00:00,prediction_modele,2025-08-31
2025-09-01 17:15:00+02:00,Provence-Alpes-Côte d'Azur,3450.496118877633,2026-09-14 11:37:45.372275+00:00,prediction_modele,2025-08-31
2025-09-01 17:15:00+02:00,Île-de-France,6353.775038707767,2026-09-14 11:37:45.372275+00:00,prediction_modele,2025-08-31
2025-09-01 17:30:00+02:00,Auvergne-Rhône-Alpes,6017.558482066529,2026-09-14 11:37:45.372275+00:00,prediction_modele,2025-08-31
2025-09-01 17:30:00+02:00,Bourgogne-Franche-Comté,1153.334716634754,2026-09-14 11:37:45.372275+00:00,prediction_modele,2025-08-31
2025-09-01 17:30:00+02:00,Bretagne,1433.802538916807,2026-09-14 11:37:45.372275+00:00,prediction_modele,2025-08-31
2025-09-01 17:30:00+02:00,Centre-Val de Loire,982.1079230043624,2026-09-14 11:37:45.372275+00:00,prediction_modele,2025-08-31
2025-09-01 17:30:00+02:00,Grand Est,3655.8627241018175,2026-09-14 11:37:45.372275+00:00,prediction_modele,2025-08-31
2025-09-01 17:30:00+02:00,Hauts-de-France,4222.9509442667095,2026-09-14 11:37:45.372275+00:00,prediction_modele,2025-08-31
2025-09-01 17:30:00+02:00,Normandie,1866.6654504394228,2026-09-14 11:37:45.372275+00:00,prediction_modele,2025-08-31
2025-09-01 17:30:00+02:00,Nouvelle-Aquitaine,3659.5589964693745,2026-09-14 11:37:45.372275+00:00,prediction_modele,2025-08-31
2025-09-01 17:30:00+02:00,Occitanie,3173.47077630495,2026-09-14 11:37:45.372275+00:00,prediction_modele,2025-08-31
2025-09-01 17:30:00+02:00,Pays de la Loire,1878.8836431688555,2026-09-14 11:37:45.372275+00:00,prediction_modele,2025-08-31
2025-09-01 17:30:00+02:00,Provence-Alpes-Côte d'Azur,3453.838632880839,2026-09-14 11:37:45.372275+00:00,prediction_modele,2025-08-31
2025-09-01 17:30:00+02:00,Île-de-France,6357.1175527109735,2026-09-14 11:37:45.372275+00:00,prediction_modele,2025-08-31
2025-09-01 17:45:00+02:00,Auvergne-Rhône-Alpes,6020.900996069736,2026-09-14 11:37:45.372275+00:00,prediction_modele,2025-08-31
2025-09-01 17:45:00+02:00,Bourgogne-Franche-Comté,1156.6772306379598,2026-09-14 11:37:45.372275+00:00,prediction_modele,2025-08-31
2025-09-01 17:45:00+02:00,Bretagne,1437.1450529200133,2026-09-14 11:37:45.372275+00:00,prediction_modele,2025-08-31
2025-09-01 17:45:00+02:00,Centre-Val de Loire,985.4504370075683,2026-09-14 11:37:45.372275+00:00,prediction_modele,2025-08-31
2025-09-01 17:45:00+02:00,Grand Est,3659.205238105024,2026-09-14 11:37:45.372275+00:00,prediction_modele,2025-08-31
2025-09-01 17:45:00+02:00,Hauts-de-France,4226.293458269916,2026-09-14 11:37:45.372275+00:00,prediction_modele,2025-08-31
2025-09-01 17:45:00+02:00,Normandie,1870.0079644426291,2026-09-14 11:37:45.372275+00:00,prediction_modele,2025-08-31
2025-09-01 17:45:00+02:00,Nouvelle-Aquitaine,3662.901510472581,2026-09-14 11:37:45.372275+00:00,prediction_modele,2025-08-31
2025-09-01 17:45:00+02:00,Occitanie,3176.8132903081564,2026-09-14 11:37:45.372275+00:00,prediction_modele,2025-08-31
2025-09-01 17:45:00+02:00,Pays de la Loire,1882.226157172062,2026-09-14 11:37:45.372275+00:00,prediction_modele,2025-08-31
2025-09-01 17:45:00+02:00,Provence-Alpes-Côte d'Azur,3457.181146884046,2026-09-14 11:37:45.372275+00:00,prediction_modele,2025-08-31
2025-09-01 17:45:00+02:00,Île-de-France,6360.46006671418,2026-09-14 11:37:45.372275+00:00,prediction_modele,2025-08-31
2025-09-01 18:00:00+02:00,Auvergne-Rhône-Alpes,6039.809656113146,2026-09-14 11:37:45.372275+00:00,prediction_modele,2025-08-31
2025-09-01 18:00:00+02:00,Bourgogne-Franche-Comté,1175.58589068137,2026-09-14 11:37:45.372275+00:00,prediction_modele,2025-08-31
2025-09-01 18:00:00+02:00,Bretagne,1456.053712963424,2026-09-14 11:37:45.372275+00:00,prediction_modele,2025-08-31
2025-09-01 18:00:00+02:00,Centre-Val de Loire,1004.3590970509795,2026-09-14 11:37:45.372275+00:00,prediction_modele,2025-08-31
2025-09-01 18:00:00+02:00,Grand Est,3678.113898148434,2026-09-14 11:37:45.372275+00:00,prediction_modele,2025-08-31
2025-09-01 18:00:00+02:00,Hauts-de-France,4245.2021183133265,2026-09-14 11:37:45.372275+00:00,prediction_modele,2025-08-31
2025-09-01 18:00:00+02:00,Normandie,1888.9166244860394,2026-09-14 11:37:45.372275+00:00,prediction_modele,2025-08-31
2025-09-01 18:00:00+02:00,Nouvelle-Aquitaine,3681.810170515991,2026-09-14 11:37:45.372275+00:00,prediction_modele,2025-08-31
2025-09-01 18:00:00+02:00,Occitanie,3195.7219503515666,2026-09-14 11:37:45.372275+00:00,prediction_modele,2025-08-31
2025-09-01 18:00:00+02:00,Pays de la Loire,1901.1348172154721,2026-09-14 11:37:45.372275+00:00,prediction_modele,2025-08-31
2025-09-01 18:00:00+02:00,Provence-Alpes-Côte d'Azur,3476.089806927456,2026-09-14 11:37:45.372275+00:00,prediction_modele,2025-08-31
2025-09-01 18:00:00+02:00,Île-de-France,6379.36872675759,2026-09-14 11:37:45.372275+00:00,prediction_modele,2025-08-31
2025-09-01 18:15:00+02:00,Auvergne-Rhône-Alpes,6043.152170116352,2026-09-14 11:37:45.372275+00:00,prediction_modele,2025-08-31
2025-09-01 18:15:00+02:00,Bourgogne-Franche-Comté,1178.928404684577,2026-09-14 11:37:45.372275+00:00,prediction_modele,2025-08-31
2025-09-01 18:15:00+02:00,Bretagne,1459.3962269666304,2026-09-14 11:37:45.372275+00:00,prediction_modele,2025-08-31
2025-09-01 18:15:00+02:00,Centre-Val de Loire,1007.7016110541854,2026-09-14 11:37:45.372275+00:00,prediction_modele,2025-08-31
2025-09-01 18:15:00+02:00,Grand Est,3681.4564121516405,2026-09-14 11:37:45.372275+00:00,prediction_modele,2025-08-31
2025-09-01 18:15:00+02:00,Hauts-de-France,4248.544632316532,2026-09-14 11:37:45.372275+00:00,prediction_modele,2025-08-31
2025-09-01 18:15:00+02:00,Normandie,1892.2591384892457,2026-09-14 11:37:45.372275+00:00,prediction_modele,2025-08-31
2025-09-01 18:15:00+02:00,Nouvelle-Aquitaine,3685.1526845191975,2026-09-14 11:37:45.372275+00:00,prediction_modele,2025-08-31
2025-09-01 18:15:00+02:00,Occitanie,3199.064464354773,2026-09-14 11:37:45.372275+00:00,prediction_modele,2025-08-31
2025-09-01 18:15:00+02:00,Pays de la Loire,1904.4773312186785,2026-09-14 11:37:45.372275+00:00,prediction_modele,2025-08-31
2025-09-01 18:15:00+02:00,Provence-Alpes-Côte d'Azur,3479.432320930662,2026-09-14 11:37:45.372275+00:00,prediction_modele,2025-08-31
2025-09-01 18:15:00+02:00,Île-de-France,6382.7112407607965,2026-09-14 11:37:45.372275+00:00,prediction_modele,2025-08-31
2025-09-01 18:30:00+02:00,Auvergne-Rhône-Alpes,6046.494684119559,2026-09-14 11:37:45.372275+00:00,prediction_modele,2025-08-31
2025-09-01 18:30:00+02:00,Bourgogne-Franche-Comté,1182.2709186877828,2026-09-14 11:37:45.372275+00:00,prediction_modele,2025-08-31
2025-09-01 18:30:00+02:00,Bretagne,1462.7387409698367,2026-09-14 11:37:45.372275+00:00,prediction_modele,2025-08-31
2025-09-01 18:30:00+02:00,Centre-Val de Loire,1011.0441250573913,2026-09-14 11:37:45.372275+00:00,prediction_modele,2025-08-31
2025-09-01 18:30:00+02:00,Grand Est,3684.798926154847,2026-09-14 11:37:45.372275+00:00,prediction_modele,2025-08-31
2025-09-01 18:30:00+02:00,Hauts-de-France,4251.887146319739,2026-09-14 11:37:45.372275+00:00,prediction_modele,2025-08-31
2025-09-01 18:30:00+02:00,Normandie,1895.601652492452,2026-09-14 11:37:45.372275+00:00,prediction_modele,2025-08-31
2025-09-01 18:30:00+02:00,Nouvelle-Aquitaine,3688.495198522404,2026-09-14 11:37:45.372275+00:00,prediction_modele,2025-08-31
2025-09-01 18:30:00+02:00,Occitanie,3202.4069783579794,2026-09-14 11:37:45.372275+00:00,prediction_modele,2025-08-31
2025-09-01 18:30:00+02:00,Pays de la Loire,1907.8198452218849,2026-09-14 11:37:45.372275+00:00,prediction_modele,2025-08-31
2025-09-01 18:30:00+02:00,Provence-Alpes-Côte d'Azur,3482.7748349338685,2026-09-14 11:37:45.372275+00:00,prediction_modele,2025-08-31
2025-09-01 18:30:00+02:00,Île-de-France,6386.053754764003,2026-09-14 11:37:45.372275+00:00,prediction_modele,2025-08-31
2025-09-01 18:45:00+02:00,Auvergne-Rhône-Alpes,6049.837198122765,2026-09-14 11:37:45.372275+00:00,prediction_modele,2025-08-31
2025-09-01 18:45:00+02:00,Bourgogne-Franche-Comté,1185.6134326909896,2026-09-14 11:37:45.372275+00:00,prediction_modele,2025-08-31
2025-09-01 18:45:00+02:00,Bretagne,1466.081254973043,2026-09-14 11:37:45.372275+00:00,prediction_modele,2025-08-31
2025-09-01 18:45:00+02:00,Centre-Val de Loire,1014.3866390605981,2026-09-14 11:37:45.372275+00:00,prediction_modele,2025-08-31
2025-09-01 18:45:00+02:00,Grand Est,3688.1414401580532,2026-09-14 11:37:45.372275+00:00,prediction_modele,2025-08-31
2025-09-01 18:45:00+02:00,Hauts-de-France,4255.229660322946,2026-09-14 11:37:45.372275+00:00,prediction_modele,2025-08-31
2025-09-01 18:45:00+02:00,Normandie,1898.9441664956585,2026-09-14 11:37:45.372275+00:00,prediction_modele,2025-08-31
2025-09-01 18:45:00+02:00,Nouvelle-Aquitaine,3691.83771252561,2026-09-14 11:37:45.372275+00:00,prediction_modele,2025-08-31
2025-09-01 18:45:00+02:00,Occitanie,3205.7494923611857,2026-09-14 11:37:45.372275+00:00,prediction_modele,2025-08-31
2025-09-01 18:45:00+02:00,Pays de la Loire,1911.1623592250917,2026-09-14 11:37:45.372275+00:00,prediction_modele,2025-08-31
2025-09-01 18:45:00+02:00,Provence-Alpes-Côte d'Azur,3486.117348937075,2026-09-14 11:37:45.372275+00:00,prediction_modele,2025-08-31
2025-09-01 18:45:00+02:00,Île-de-France,6389.396268767209,2026-09-14 11:37:45.372275+00:00,prediction_modele,2025-08-31
2025-09-01 19:00:00+02:00,Auvergne-Rhône-Alpes,6068.745858166176,2026-09-14 11:37:45.372275+00:00,prediction_modele,2025-08-31
2025-09-01 19:00:00+02:00,Bourgogne-Franche-Comté,1204.5220927343998,2026-09-14 11:37:45.372275+00:00,prediction_modele,2025-08-31
2025-09-01 19:00:00+02:00,Bretagne,1484.9899150164529,2026-09-14 11:37:45.372275+00:00,prediction_modele,2025-08-31
2025-09-01 19:00:00+02:00,Centre-Val de Loire,1033.2952991040083,2026-09-14 11:37:45.372275+00:00,prediction_modele,2025-08-31
2025-09-01 19:00:00+02:00,Grand Est,3707.0501002014635,2026-09-14 11:37:45.372275+00:00,prediction_modele,2025-08-31
2025-09-01 19:00:00+02:00,Hauts-de-France,4274.138320366355,2026-09-14 11:37:45.372275+00:00,prediction_modele,2025-08-31
2025-09-01 19:00:00+02:00,Normandie,1917.8528265390687,2026-09-14 11:37:45.372275+00:00,prediction_modele,2025-08-31
2025-09-01 19:00:00+02:00,Nouvelle-Aquitaine,3710.7463725690204,2026-09-14 11:37:45.372275+00:00,prediction_modele,2025-08-31
2025-09-01 19:00:00+02:00,Occitanie,3224.658152404596,2026-09-14 11:37:45.372275+00:00,prediction_modele,2025-08-31
2025-09-01 19:00:00+02:00,Pays de la Loire,1930.0710192685015,2026-09-14 11:37:45.372275+00:00,prediction_modele,2025-08-31
2025-09-01 19:00:00+02:00,Provence-Alpes-Côte d'Azur,3505.026008980485,2026-09-14 11:37:45.372275+00:00,prediction_modele,2025-08-31
2025-09-01 19:00:00+02:00,Île-de-France,6408.3049288106195,2026-09-14 11:37:45.372275+00:00,prediction_modele,2025-08-31
2025-09-01 19:15:00+02:00,Auvergne-Rhône-Alpes,6072.088372169382,2026-09-14 11:37:45.372275+00:00,prediction_modele,2025-08-31
2025-09-01 19:15:00+02:00,Bourgogne-Franche-Comté,1207.8646067376058,2026-09-14 11:37:45.372275+00:00,prediction_modele,2025-08-31
2025-09-01 19:15:00+02:00,Bretagne,1488.3324290196592,2026-09-14 11:37:45.372275+00:00,prediction_modele,2025-08-31
2025-09-01 19:15:00+02:00,Centre-Val de Loire,1036.6378131072142,2026-09-14 11:37:45.372275+00:00,prediction_modele,2025-08-31
2025-09-01 19:15:00+02:00,Grand Est,3710.39261420467,2026-09-14 11:37:45.372275+00:00,prediction_modele,2025-08-31
2025-09-01 19:15:00+02:00,Hauts-de-France,4277.480834369562,2026-09-14 11:37:45.372275+00:00,prediction_modele,2025-08-31
2025-09-01 19:15:00+02:00,Normandie,1921.195340542275,2026-09-14 11:37:45.372275+00:00,prediction_modele,2025-08-31
2025-09-01 19:15:00+02:00,Nouvelle-Aquitaine,3714.088886572227,2026-09-14 11:37:45.372275+00:00,prediction_modele,2025-08-31
2025-09-01 19:15:00+02:00,Occitanie,3228.0006664078023,2026-09-14 11:37:45.372275+00:00,prediction_modele,2025-08-31
2025-09-01 19:15:00+02:00,Pays de la Loire,1933.4135332717078,2026-09-14 11:37:45.372275+00:00,prediction_modele,2025-08-31
2025-09-01 19:15:00+02:00,Provence-Alpes-Côte d'Azur,3508.368522983692,2026-09-14 11:37:45.372275+00:00,prediction_modele,2025-08-31
2025-09-01 19:15:00+02:00,Île-de-France,6411.647442813826,2026-09-14 11:37:45.372275+00:00,prediction_modele,2025-08-31
2025-09-01 19:30:00+02:00,Auvergne-Rhône-Alpes,6075.4308861725885,2026-09-14 11:37:45.372275+00:00,prediction_modele,2025-08-31
2025-09-01 19:30:00+02:00,Bourgogne-Franche-Comté,1211.2071207408117,2026-09-14 11:37:45.372275+00:00,prediction_modele,2025-08-31
2025-09-01 19:30:00+02:00,Bretagne,1491.6749430228656,2026-09-14 11:37:45.372275+00:00,prediction_modele,2025-08-31
2025-09-01 19:30:00+02:00,Centre-Val de Loire,1039.980327110421,2026-09-14 11:37:45.372275+00:00,prediction_modele,2025-08-31
2025-09-01 19:30:00+02:00,Grand Est,3713.735128207876,2026-09-14 11:37:45.372275+00:00,prediction_modele,2025-08-31
2025-09-01 19:30:00+02:00,Hauts-de-France,4280.823348372769,2026-09-14 11:37:45.372275+00:00,prediction_modele,2025-08-31
2025-09-01 19:30:00+02:00,Normandie,1924.5378545454814,2026-09-14 11:37:45.372275+00:00,prediction_modele,2025-08-31
2025-09-01 19:30:00+02:00,Nouvelle-Aquitaine,3717.431400575433,2026-09-14 11:37:45.372275+00:00,prediction_modele,2025-08-31
2025-09-01 19:30:00+02:00,Occitanie,3231.3431804110087,2026-09-14 11:37:45.372275+00:00,prediction_modele,2025-08-31
2025-09-01 19:30:00+02:00,Pays de la Loire,1936.7560472749142,2026-09-14 11:37:45.372275+00:00,prediction_modele,2025-08-31
2025-09-01 19:30:00+02:00,Provence-Alpes-Côte d'Azur,3511.711036986898,2026-09-14 11:37:45.372275+00:00,prediction_modele,2025-08-31
2025-09-01 19:30:00+02:00,Île-de-France,6414.989956817032,2026-09-14 11:37:45.372275+00:00,prediction_modele,2025-08-31
2025-09-01 19:45:00+02:00,Auvergne-Rhône-Alpes,6078.773400175794,2026-09-14 11:37:45.372275+00:00,prediction_modele,2025-08-31
2025-09-01 19:45:00+02:00,Bourgogne-Franche-Comté,1214.5496347440185,2026-09-14 11:37:45.372275+00:00,prediction_modele,2025-08-31
2025-09-01 19:45:00+02:00,Bretagne,1495.017457026072,2026-09-14 11:37:45.372275+00:00,prediction_modele,2025-08-31
2025-09-01 19:45:00+02:00,Centre-Val de Loire,1043.3228411136279,2026-09-14 11:37:45.372275+00:00,prediction_modele,2025-08-31
2025-09-01 19:45:00+02:00,Grand Est,3717.077642211083,2026-09-14 11:37:45.372275+00:00,prediction_modele,2025-08-31
2025-09-01 19:45:00+02:00,Hauts-de-France,4284.165862375975,2026-09-14 11:37:45.372275+00:00,prediction_modele,2025-08-31
2025-09-01 19:45:00+02:00,Normandie,1927.8803685486878,2026-09-14 11:37:45.372275+00:00,prediction_modele,2025-08-31
2025-09-01 19:45:00+02:00,Nouvelle-Aquitaine,3720.7739145786395,2026-09-14 11:37:45.372275+00:00,prediction_modele,2025-08-31
2025-09-01 19:45:00+02:00,Occitanie,3234.685694414215,2026-09-14 11:37:45.372275+00:00,prediction_modele,2025-08-31
2025-09-01 19:45:00+02:00,Pays de la Loire,1940.0985612781205,2026-09-14 11:37:45.372275+00:00,prediction_modele,2025-08-31
2025-09-01 19:45:00+02:00,Provence-Alpes-Côte d'Azur,3515.0535509901047,2026-09-14 11:37:45.372275+00:00,prediction_modele,2025-08-31
2025-09-01 19:45:00+02:00,Île-de-France,6418.332470820238,2026-09-14 11:37:45.372275+00:00,prediction_modele,2025-08-31
2025-09-01 20:00:00+02:00,Auvergne-Rhône-Alpes,6097.682060219205,2026-09-14 11:37:45.372275+00:00,prediction_modele,2025-08-31
2025-09-01 20:00:00+02:00,Bourgogne-Franche-Comté,1233.4582947874287,2026-09-14 11:37:45.372275+00:00,prediction_modele,2025-08-31
2025-09-01 20:00:00+02:00,Bretagne,1513.9261170694826,2026-09-14 11:37:45.372275+00:00,prediction_modele,2025-08-31
2025-09-01 20:00:00+02:00,Centre-Val de Loire,1062.2315011570372,2026-09-14 11:37:45.372275+00:00,prediction_modele,2025-08-31
2025-09-01 20:00:00+02:00,Grand Est,3735.986302254493,2026-09-14 11:37:45.372275+00:00,prediction_modele,2025-08-31
2025-09-01 20:00:00+02:00,Hauts-de-France,4303.074522419385,2026-09-14 11:37:45.372275+00:00,prediction_modele,2025-08-31
2025-09-01 20:00:00+02:00,Normandie,1946.7890285920985,2026-09-14 11:37:45.372275+00:00,prediction_modele,2025-08-31
2025-09-01 20:00:00+02:00,Nouvelle-Aquitaine,3739.6825746220497,2026-09-14 11:37:45.372275+00:00,prediction_modele,2025-08-31
2025-09-01 20:00:00+02:00,Occitanie,3253.5943544576253,2026-09-14 11:37:45.372275+00:00,prediction_modele,2025-08-31
2025-09-01 20:00:00+02:00,Pays de la Loire,1959.0072213215308,2026-09-14 11:37:45.372275+00:00,prediction_modele,2025-08-31
2025-09-01 20:00:00+02:00,Provence-Alpes-Côte d'Azur,3533.962211033515,2026-09-14 11:37:45.372275+00:00,prediction_modele,2025-08-31
2025-09-01 20:00:00+02:00,Île-de-France,6437.241130863649,2026-09-14 11:37:45.372275+00:00,prediction_modele,2025-08-31
2025-09-01 20:15:00+02:00,Auvergne-Rhône-Alpes,6101.024574222411,2026-09-14 11:37:45.372275+00:00,prediction_modele,2025-08-31
2025-09-01 20:15:00+02:00,Bourgogne-Franche-Comté,1236.8008087906346,2026-09-14 11:37:45.372275+00:00,prediction_modele,2025-08-31
2025-09-01 20:15:00+02:00,Bretagne,1517.268631072689,2026-09-14 11:37:45.372275+00:00,prediction_modele,2025-08-31
2025-09-01 20:15:00+02:00,Centre-Val de Loire,1065.574015160244,2026-09-14 11:37:45.372275+00:00,prediction_modele,2025-08-31
2025-09-01 20:15:00+02:00,Grand Est,3739.328816257699,2026-09-14 11:37:45.372275+00:00,prediction_modele,2025-08-31
2025-09-01 20:15:00+02:00,Hauts-de-France,4306.417036422592,2026-09-14 11:37:45.372275+00:00,prediction_modele,2025-08-31
2025-09-01 20:15:00+02:00,Normandie,1950.1315425953048,2026-09-14 11:37:45.372275+00:00,prediction_modele,2025-08-31
2025-09-01 20:15:00+02:00,Nouvelle-Aquitaine,3743.025088625256,2026-09-14 11:37:45.372275+00:00,prediction_modele,2025-08-31
2025-09-01 20:15:00+02:00,Occitanie,3256.9368684608316,2026-09-14 11:37:45.372275+00:00,prediction_modele,2025-08-31
2025-09-01 20:15:00+02:00,Pays de la Loire,1962.3497353247371,2026-09-14 11:37:45.372275+00:00,prediction_modele,2025-08-31
2025-09-01 20:15:00+02:00,Provence-Alpes-Côte d'Azur,3537.304725036721,2026-09-14 11:37:45.372275+00:00,prediction_modele,2025-08-31
2025-09-01 20:15:00+02:00,Île-de-France,6440.583644866855,2026-09-14 11:37:45.372275+00:00,prediction_modele,2025-08-31
2025-09-01 20:30:00+02:00,Auvergne-Rhône-Alpes,6104.367088225617,2026-09-14 11:37:45.372275+00:00,prediction_modele,2025-08-31
2025-09-01 20:30:00+02:00,Bourgogne-Franche-Comté,1240.1433227938414,2026-09-14 11:37:45.372275+00:00,prediction_modele,2025-08-31
2025-09-01 20:30:00+02:00,Bretagne,1520.6111450758954,2026-09-14 11:37:45.372275+00:00,prediction_modele,2025-08-31
2025-09-01 20:30:00+02:00,Centre-Val de Loire,1068.9165291634508,2026-09-14 11:37:45.372275+00:00,prediction_modele,2025-08-31
2025-09-01 20:30:00+02:00,Grand Est,3742.6713302609055,2026-09-14 11:37:45.372275+00:00,prediction_modele,2025-08-31
2025-09-01 20:30:00+02:00,Hauts-de-France,4309.759550425798,2026-09-14 11:37:45.372275+00:00,prediction_modele,2025-08-31
2025-09-01 20:30:00+02:00,Normandie,1953.4740565985112,2026-09-14 11:37:45.372275+00:00,prediction_modele,2025-08-31
2025-09-01 20:30:00+02:00,Nouvelle-Aquitaine,3746.3676026284625,2026-09-14 11:37:45.372275+00:00,prediction_modele,2025-08-31
2025-09-01 20:30:00+02:00,Occitanie,3260.279382464038,2026-09-14 11:37:45.372275+00:00,prediction_modele,2025-08-31
2025-09-01 20:30:00+02:00,Pays de la Loire,1965.6922493279435,2026-09-14 11:37:45.372275+00:00,prediction_modele,2025-08-31
2025-09-01 20:30:00+02:00,Provence-Alpes-Côte d'Azur,3540.6472390399276,2026-09-14 11:37:45.372275+00:00,prediction_modele,2025-08-31
2025-09-01 20:30:00+02:00,Île-de-France,6443.926158870061,2026-09-14 11:37:45.372275+00:00,prediction_modele,2025-08-31
2025-09-01 20:45:00+02:00,Auvergne-Rhône-Alpes,6107.709602228824,2026-09-14 11:37:45.372275+00:00,prediction_modele,2025-08-31
2025-09-01 20:45:00+02:00,Bourgogne-Franche-Comté,1243.4858367970483,2026-09-14 11:37:45.372275+00:00,prediction_modele,2025-08-31
2025-09-01 20:45:00+02:00,Bretagne,1523.9536590791017,2026-09-14 11:37:45.372275+00:00,prediction_modele,2025-08-31
2025-09-01 20:45:00+02:00,Centre-Val de Loire,1072.2590431666567,2026-09-14 11:37:45.372275+00:00,prediction_modele,2025-08-31
2025-09-01 20:45:00+02:00,Grand Est,3746.013844264112,2026-09-14 11:37:45.372275+00:00,prediction_modele,2025-08-31
2025-09-01 20:45:00+02:00,Hauts-de-France,4313.102064429005,2026-09-14 11:37:45.372275+00:00,prediction_modele,2025-08-31
2025-09-01 20:45:00+02:00,Normandie,1956.8165706017176,2026-09-14 11:37:45.372275+00:00,prediction_modele,2025-08-31
2025-09-01 20:45:00+02:00,Nouvelle-Aquitaine,3749.710116631669,2026-09-14 11:37:45.372275+00:00,prediction_modele,2025-08-31
2025-09-01 20:45:00+02:00,Occitanie,3263.6218964672444,2026-09-14 11:37:45.372275+00:00,prediction_modele,2025-08-31
2025-09-01 20:45:00+02:00,Pays de la Loire,1969.0347633311503,2026-09-14 11:37:45.372275+00:00,prediction_modele,2025-08-31
2025-09-01 20:45:00+02:00,Provence-Alpes-Côte d'Azur,3543.989753043134,2026-09-14 11:37:45.372275+00:00,prediction_modele,2025-08-31
2025-09-01 20:45:00+02:00,Île-de-France,6447.268672873268,2026-09-14 11:37:45.372275+00:00,prediction_modele,2025-08-31
2025-09-01 21:00:00+02:00,Auvergne-Rhône-Alpes,6126.618262272234,2026-09-14 11:37:45.372275+00:00,prediction_modele,2025-08-31
2025-09-01 21:00:00+02:00,Bourgogne-Franche-Comté,1262.3944968404576,2026-09-14 11:37:45.372275+00:00,prediction_modele,2025-08-31
2025-09-01 21:00:00+02:00,Bretagne,1542.862319122512,2026-09-14 11:37:45.372275+00:00,prediction_modele,2025-08-31
2025-09-01 21:00:00+02:00,Centre-Val de Loire,1091.167703210067,2026-09-14 11:37:45.372275+00:00,prediction_modele,2025-08-31
2025-09-01 21:00:00+02:00,Grand Est,3764.922504307522,2026-09-14 11:37:45.372275+00:00,prediction_modele,2025-08-31
2025-09-01 21:00:00+02:00,Hauts-de-France,4332.010724472415,2026-09-14 11:37:45.372275+00:00,prediction_modele,2025-08-31
2025-09-01 21:00:00+02:00,Normandie,1975.7252306451278,2026-09-14 11:37:45.372275+00:00,prediction_modele,2025-08-31
2025-09-01 21:00:00+02:00,Nouvelle-Aquitaine,3768.618776675079,2026-09-14 11:37:45.372275+00:00,prediction_modele,2025-08-31
2025-09-01 21:00:00+02:00,Occitanie,3282.5305565106546,2026-09-14 11:37:45.372275+00:00,prediction_modele,2025-08-31
2025-09-01 21:00:00+02:00,Pays de la Loire,1987.94342337456,2026-09-14 11:37:45.372275+00:00,prediction_modele,2025-08-31
2025-09-01 21:00:00+02:00,Provence-Alpes-Côte d'Azur,3562.898413086544,2026-09-14 11:37:45.372275+00:00,prediction_modele,2025-08-31
2025-09-01 21:00:00+02:00,Île-de-France,6466.177332916678,2026-09-14 11:37:45.372275+00:00,prediction_modele,2025-08-31
2025-09-01 21:15:00+02:00,Auvergne-Rhône-Alpes,6129.96077627544,2026-09-14 11:37:45.372275+00:00,prediction_modele,2025-08-31
2025-09-01 21:15:00+02:00,Bourgogne-Franche-Comté,1265.7370108436644,2026-09-14 11:37:45.372275+00:00,prediction_modele,2025-08-31
2025-09-01 21:15:00+02:00,Bretagne,1546.2048331257183,2026-09-14 11:37:45.372275+00:00,prediction_modele,2025-08-31
2025-09-01 21:15:00+02:00,Centre-Val de Loire,1094.5102172132738,2026-09-14 11:37:45.372275+00:00,prediction_modele,2025-08-31
2025-09-01 21:15:00+02:00,Grand Est,3768.2650183107285,2026-09-14 11:37:45.372275+00:00,prediction_modele,2025-08-31
2025-09-01 21:15:00+02:00,Hauts-de-France,4335.353238475621,2026-09-14 11:37:45.372275+00:00,prediction_modele,2025-08-31
2025-09-01 21:15:00+02:00,Normandie,1979.0677446483342,2026-09-14 11:37:45.372275+00:00,prediction_modele,2025-08-31
2025-09-01 21:15:00+02:00,Nouvelle-Aquitaine,3771.9612906782854,2026-09-14 11:37:45.372275+00:00,prediction_modele,2025-08-31
2025-09-01 21:15:00+02:00,Occitanie,3285.873070513861,2026-09-14 11:37:45.372275+00:00,prediction_modele,2025-08-31
2025-09-01 21:15:00+02:00,Pays de la Loire,1991.2859373777665,2026-09-14 11:37:45.372275+00:00,prediction_modele,2025-08-31
2025-09-01 21:15:00+02:00,Provence-Alpes-Côte d'Azur,3566.2409270897506,2026-09-14 11:37:45.372275+00:00,prediction_modele,2025-08-31
2025-09-01 21:15:00+02:00,Île-de-France,6469.519846919884,2026-09-14 11:37:45.372275+00:00,prediction_modele,2025-08-31
2025-09-01 21:30:00+02:00,Auvergne-Rhône-Alpes,6133.303290278647,2026-09-14 11:37:45.372275+00:00,prediction_modele,2025-08-31
2025-09-01 21:30:00+02:00,Bourgogne-Franche-Comté,1269.0795248468712,2026-09-14 11:37:45.372275+00:00,prediction_modele,2025-08-31
2025-09-01 21:30:00+02:00,Bretagne,1549.5473471289247,2026-09-14 11:37:45.372275+00:00,prediction_modele,2025-08-31
2025-09-01 21:30:00+02:00,Centre-Val de Loire,1097.8527312164797,2026-09-14 11:37:45.372275+00:00,prediction_modele,2025-08-31
2025-09-01 21:30:00+02:00,Grand Est,3771.607532313935,2026-09-14 11:37:45.372275+00:00,prediction_modele,2025-08-31
2025-09-01 21:30:00+02:00,Hauts-de-France,4338.695752478827,2026-09-14 11:37:45.372275+00:00,prediction_modele,2025-08-31
2025-09-01 21:30:00+02:00,Normandie,1982.4102586515405,2026-09-14 11:37:45.372275+00:00,prediction_modele,2025-08-31
2025-09-01 21:30:00+02:00,Nouvelle-Aquitaine,3775.303804681492,2026-09-14 11:37:45.372275+00:00,prediction_modele,2025-08-31
2025-09-01 21:30:00+02:00,Occitanie,3289.2155845170673,2026-09-14 11:37:45.372275+00:00,prediction_modele,2025-08-31
2025-09-01 21:30:00+02:00,Pays de la Loire,1994.6284513809728,2026-09-14 11:37:45.372275+00:00,prediction_modele,2025-08-31
2025-09-01 21:30:00+02:00,Provence-Alpes-Côte d'Azur,3569.583441092957,2026-09-14 11:37:45.372275+00:00,prediction_modele,2025-08-31
2025-09-01 21:30:00+02:00,Île-de-France,6472.862360923091,2026-09-14 11:37:45.372275+00:00,prediction_modele,2025-08-31
2025-09-01 21:45:00+02:00,Auvergne-Rhône-Alpes,6136.645804281853,2026-09-14 11:37:45.372275+00:00,prediction_modele,2025-08-31
2025-09-01 21:45:00+02:00,Bourgogne-Franche-Comté,1272.4220388500771,2026-09-14 11:37:45.372275+00:00,prediction_modele,2025-08-31
2025-09-01 21:45:00+02:00,Bretagne,1552.889861132131,2026-09-14 11:37:45.372275+00:00,prediction_modele,2025-08-31
2025-09-01 21:45:00+02:00,Centre-Val de Loire,1101.1952452196856,2026-09-14 11:37:45.372275+00:00,prediction_modele,2025-08-31
2025-09-01 21:45:00+02:00,Grand Est,3774.9500463171416,2026-09-14 11:37:45.372275+00:00,prediction_modele,2025-08-31
2025-09-01 21:45:00+02:00,Hauts-de-France,4342.038266482034,2026-09-14 11:37:45.372275+00:00,prediction_modele,2025-08-31
2025-09-01 21:45:00+02:00,Normandie,1985.7527726547469,2026-09-14 11:37:45.372275+00:00,prediction_modele,2025-08-31
2025-09-01 21:45:00+02:00,Nouvelle-Aquitaine,3778.646318684698,2026-09-14 11:37:45.372275+00:00,prediction_modele,2025-08-31
2025-09-01 21:45:00+02:00,Occitanie,3292.5580985202737,2026-09-14 11:37:45.372275+00:00,prediction_modele,2025-08-31
2025-09-01 21:45:00+02:00,Pays de la Loire,1997.9709653841792,2026-09-14 11:37:45.372275+00:00,prediction_modele,2025-08-31
2025-09-01 21:45:00+02:00,Provence-Alpes-Côte d'Azur,3572.9259550961633,2026-09-14 11:37:45.372275+00:00,prediction_modele,2025-08-31
2025-09-01 21:45:00+02:00,Île-de-France,6476.204874926298,2026-09-14 11:37:45.372275+00:00,prediction_modele,2025-08-31
2025-09-01 22:00:00+02:00,Auvergne-Rhône-Alpes,6155.554464325263,2026-09-14 11:37:45.372275+00:00,prediction_modele,2025-08-31
2025-09-01 22:00:00+02:00,Bourgogne-Franche-Comté,1291.3306988934874,2026-09-14 11:37:45.372275+00:00,prediction_modele,2025-08-31
2025-09-01 22:00:00+02:00,Bretagne,1571.7985211755413,2026-09-14 11:37:45.372275+00:00,prediction_modele,2025-08-31
2025-09-01 22:00:00+02:00,Centre-Val de Loire,1120.1039052630967,2026-09-14 11:37:45.372275+00:00,prediction_modele,2025-08-31
2025-09-01 22:00:00+02:00,Grand Est,3793.858706360552,2026-09-14 11:37:45.372275+00:00,prediction_modele,2025-08-31
2025-09-01 22:00:00+02:00,Hauts-de-France,4360.946926525445,2026-09-14 11:37:45.372275+00:00,prediction_modele,2025-08-31
2025-09-01 22:00:00+02:00,Normandie,2004.6614326981571,2026-09-14 11:37:45.372275+00:00,prediction_modele,2025-08-31
2025-09-01 22:00:00+02:00,Nouvelle-Aquitaine,3797.554978728109,2026-09-14 11:37:45.372275+00:00,prediction_modele,2025-08-31
2025-09-01 22:00:00+02:00,Occitanie,3311.4667585636844,2026-09-14 11:37:45.372275+00:00,prediction_modele,2025-08-31
2025-09-01 22:00:00+02:00,Pays de la Loire,2016.8796254275899,2026-09-14 11:37:45.372275+00:00,prediction_modele,2025-08-31
2025-09-01 22:00:00+02:00,Provence-Alpes-Côte d'Azur,3591.8346151395735,2026-09-14 11:37:45.372275+00:00,prediction_modele,2025-08-31
2025-09-01 22:00:00+02:00,Île-de-France,6495.113534969708,2026-09-14 11:37:45.372275+00:00,prediction_modele,2025-08-31
2025-09-01 22:15:00+02:00,Auvergne-Rhône-Alpes,6158.89697832847,2026-09-14 11:37:45.372275+00:00,prediction_modele,2025-08-31
2025-09-01 22:15:00+02:00,Bourgogne-Franche-Comté,1294.6732128966942,2026-09-14 11:37:45.372275+00:00,prediction_modele,2025-08-31
2025-09-01 22:15:00+02:00,Bretagne,1575.1410351787476,2026-09-14 11:37:45.372275+00:00,prediction_modele,2025-08-31
2025-09-01 22:15:00+02:00,Centre-Val de Loire,1123.4464192663036,2026-09-14 11:37:45.372275+00:00,prediction_modele,2025-08-31
2025-09-01 22:15:00+02:00,Grand Est,3797.201220363758,2026-09-14 11:37:45.372275+00:00,prediction_modele,2025-08-31
2025-09-01 22:15:00+02:00,Hauts-de-France,4364.289440528651,2026-09-14 11:37:45.372275+00:00,prediction_modele,2025-08-31
2025-09-01 22:15:00+02:00,Normandie,2008.0039467013635,2026-09-14 11:37:45.372275+00:00,prediction_modele,2025-08-31
2025-09-01 22:15:00+02:00,Nouvelle-Aquitaine,3800.897492731315,2026-09-14 11:37:45.372275+00:00,prediction_modele,2025-08-31
2025-09-01 22:15:00+02:00,Occitanie,3314.8092725668907,2026-09-14 11:37:45.372275+00:00,prediction_modele,2025-08-31
2025-09-01 22:15:00+02:00,Pays de la Loire,2020.2221394307962,2026-09-14 11:37:45.372275+00:00,prediction_modele,2025-08-31
2025-09-01 22:15:00+02:00,Provence-Alpes-Côte d'Azur,3595.17712914278,2026-09-14 11:37:45.372275+00:00,prediction_modele,2025-08-31
2025-09-01 22:15:00+02:00,Île-de-France,6498.456048972914,2026-09-14 11:37:45.372275+00:00,prediction_modele,2025-08-31
2025-09-01 22:30:00+02:00,Auvergne-Rhône-Alpes,6162.239492331676,2026-09-14 11:37:45.372275+00:00,prediction_modele,2025-08-31
2025-09-01 22:30:00+02:00,Bourgogne-Franche-Comté,1298.015726899901,2026-09-14 11:37:45.372275+00:00,prediction_modele,2025-08-31
2025-09-01 22:30:00+02:00,Bretagne,1578.483549181954,2026-09-14 11:37:45.372275+00:00,prediction_modele,2025-08-31
2025-09-01 22:30:00+02:00,Centre-Val de Loire,1126.7889332695095,2026-09-14 11:37:45.372275+00:00,prediction_modele,2025-08-31
2025-09-01 22:30:00+02:00,Grand Est,3800.5437343669646,2026-09-14 11:37:45.372275+00:00,prediction_modele,2025-08-31
2025-09-01 22:30:00+02:00,Hauts-de-France,4367.6319545318565,2026-09-14 11:37:45.372275+00:00,prediction_modele,2025-08-31
2025-09-01 22:30:00+02:00,Normandie,2011.3464607045698,2026-09-14 11:37:45.372275+00:00,prediction_modele,2025-08-31
2025-09-01 22:30:00+02:00,Nouvelle-Aquitaine,3804.2400067345216,2026-09-14 11:37:45.372275+00:00,prediction_modele,2025-08-31
2025-09-01 22:30:00+02:00,Occitanie,3318.151786570097,2026-09-14 11:37:45.372275+00:00,prediction_modele,2025-08-31
2025-09-01 22:30:00+02:00,Pays de la Loire,2023.5646534340026,2026-09-14 11:37:45.372275+00:00,prediction_modele,2025-08-31
2025-09-01 22:30:00+02:00,Provence-Alpes-Côte d'Azur,3598.5196431459863,2026-09-14 11:37:45.372275+00:00,prediction_modele,2025-08-31
2025-09-01 22:30:00+02:00,Île-de-France,6501.798562976121,2026-09-14 11:37:45.372275+00:00,prediction_modele,2025-08-31
2025-09-01 22:45:00+02:00,Auvergne-Rhône-Alpes,6165.582006334883,2026-09-14 11:37:45.372275+00:00,prediction_modele,2025-08-31
2025-09-01 22:45:00+02:00,Bourgogne-Franche-Comté,1301.358240903107,2026-09-14 11:37:45.372275+00:00,prediction_modele,2025-08-31
2025-09-01 22:45:00+02:00,Bretagne,1581.8260631851604,2026-09-14 11:37:45.372275+00:00,prediction_modele,2025-08-31
2025-09-01 22:45:00+02:00,Centre-Val de Loire,1130.1314472727154,2026-09-14 11:37:45.372275+00:00,prediction_modele,2025-08-31
2025-09-01 22:45:00+02:00,Grand Est,3803.886248370171,2026-09-14 11:37:45.372275+00:00,prediction_modele,2025-08-31
2025-09-01 22:45:00+02:00,Hauts-de-France,4370.974468535063,2026-09-14 11:37:45.372275+00:00,prediction_modele,2025-08-31
2025-09-01 22:45:00+02:00,Normandie,2014.6889747077762,2026-09-14 11:37:45.372275+00:00,prediction_modele,2025-08-31
2025-09-01 22:45:00+02:00,Nouvelle-Aquitaine,3807.582520737728,2026-09-14 11:37:45.372275+00:00,prediction_modele,2025-08-31
2025-09-01 22:45:00+02:00,Occitanie,3321.4943005733035,2026-09-14 11:37:45.372275+00:00,prediction_modele,2025-08-31
2025-09-01 22:45:00+02:00,Pays de la Loire,2026.907167437209,2026-09-14 11:37:45.372275+00:00,prediction_modele,2025-08-31
2025-09-01 22:45:00+02:00,Provence-Alpes-Côte d'Azur,3601.862157149193,2026-09-14 11:37:45.372275+00:00,prediction_modele,2025-08-31
2025-09-01 22:45:00+02:00,Île-de-France,6505.141076979327,2026-09-14 11:37:45.372275+00:00,prediction_modele,2025-08-31
2025-09-01 23:00:00+02:00,Auvergne-Rhône-Alpes,6184.490666378293,2026-09-14 11:37:45.372275+00:00,prediction_modele,2025-08-31
2025-09-01 23:00:00+02:00,Bourgogne-Franche-Comté,1320.2669009465171,2026-09-14 11:37:45.372275+00:00,prediction_modele,2025-08-31
2025-09-01 23:00:00+02:00,Bretagne,1600.7347232285706,2026-09-14 11:37:45.372275+00:00,prediction_modele,2025-08-31
2025-09-01 23:00:00+02:00,Centre-Val de Loire,1149.0401073161256,2026-09-14 11:37:45.372275+00:00,prediction_modele,2025-08-31
2025-09-01 23:00:00+02:00,Grand Est,3822.7949084135807,2026-09-14 11:37:45.372275+00:00,prediction_modele,2025-08-31
2025-09-01 23:00:00+02:00,Hauts-de-France,4389.883128578473,2026-09-14 11:37:45.372275+00:00,prediction_modele,2025-08-31
2025-09-01 23:00:00+02:00,Normandie,2033.5976347511864,2026-09-14 11:37:45.372275+00:00,prediction_modele,2025-08-31
2025-09-01 23:00:00+02:00,Nouvelle-Aquitaine,3826.4911807811377,2026-09-14 11:37:45.372275+00:00,prediction_modele,2025-08-31
2025-09-01 23:00:00+02:00,Occitanie,3340.4029606167132,2026-09-14 11:37:45.372275+00:00,prediction_modele,2025-08-31
2025-09-01 23:00:00+02:00,Pays de la Loire,2045.8158274806187,2026-09-14 11:37:45.372275+00:00,prediction_modele,2025-08-31
2025-09-01 23:00:00+02:00,Provence-Alpes-Côte d'Azur,3620.770817192603,2026-09-14 11:37:45.372275+00:00,prediction_modele,2025-08-31
2025-09-01 23:00:00+02:00,Île-de-France,6524.049737022737,2026-09-14 11:37:45.372275+00:00,prediction_modele,2025-08-31
2025-09-01 23:15:00+02:00,Auvergne-Rhône-Alpes,6187.833180381499,2026-09-14 11:37:45.372275+00:00,prediction_modele,2025-08-31
2025-09-01 23:15:00+02:00,Bourgogne-Franche-Comté,1323.609414949723,2026-09-14 11:37:45.372275+00:00,prediction_modele,2025-08-31
2025-09-01 23:15:00+02:00,Bretagne,1604.077237231777,2026-09-14 11:37:45.372275+00:00,prediction_modele,2025-08-31
2025-09-01 23:15:00+02:00,Centre-Val de Loire,1152.3826213193315,2026-09-14 11:37:45.372275+00:00,prediction_modele,2025-08-31
2025-09-01 23:15:00+02:00,Grand Est,3826.1374224167876,2026-09-14 11:37:45.372275+00:00,prediction_modele,2025-08-31
2025-09-01 23:15:00+02:00,Hauts-de-France,4393.2256425816795,2026-09-14 11:37:45.372275+00:00,prediction_modele,2025-08-31
2025-09-01 23:15:00+02:00,Normandie,2036.9401487543928,2026-09-14 11:37:45.372275+00:00,prediction_modele,2025-08-31
2025-09-01 23:15:00+02:00,Nouvelle-Aquitaine,3829.833694784344,2026-09-14 11:37:45.372275+00:00,prediction_modele,2025-08-31
2025-09-01 23:15:00+02:00,Occitanie,3343.7454746199196,2026-09-14 11:37:45.372275+00:00,prediction_modele,2025-08-31
2025-09-01 23:15:00+02:00,Pays de la Loire,2049.158341483825,2026-09-14 11:37:45.372275+00:00,prediction_modele,2025-08-31
2025-09-01 23:15:00+02:00,Provence-Alpes-Côte d'Azur,3624.113331195809,2026-09-14 11:37:45.372275+00:00,prediction_modele,2025-08-31
2025-09-01 23:15:00+02:00,Île-de-France,6527.392251025944,2026-09-14 11:37:45.372275+00:00,prediction_modele,2025-08-31
2025-09-01 23:30:00+02:00,Auvergne-Rhône-Alpes,6191.175694384706,2026-09-14 11:37:45.372275+00:00,prediction_modele,2025-08-31
2025-09-01 23:30:00+02:00,Bourgogne-Franche-Comté,1326.951928952929,2026-09-14 11:37:45.372275+00:00,prediction_modele,2025-08-31
2025-09-01 23:30:00+02:00,Bretagne,1607.4197512349833,2026-09-14 11:37:45.372275+00:00,prediction_modele,2025-08-31
2025-09-01 23:30:00+02:00,Centre-Val de Loire,1155.7251353225383,2026-09-14 11:37:45.372275+00:00,prediction_modele,2025-08-31
2025-09-01 23:30:00+02:00,Grand Est,3829.4799364199935,2026-09-14 11:37:45.372275+00:00,prediction_modele,2025-08-31
2025-09-01 23:30:00+02:00,Hauts-de-France,4396.568156584886,2026-09-14 11:37:45.372275+00:00,prediction_modele,2025-08-31
2025-09-01 23:30:00+02:00,Normandie,2040.2826627575992,2026-09-14 11:37:45.372275+00:00,prediction_modele,2025-08-31
2025-09-01 23:30:00+02:00,Nouvelle-Aquitaine,3833.1762087875504,2026-09-14 11:37:45.372275+00:00,prediction_modele,2025-08-31
2025-09-01 23:30:00+02:00,Occitanie,3347.087988623126,2026-09-14 11:37:45.372275+00:00,prediction_modele,2025-08-31
2025-09-01 23:30:00+02:00,Pays de la Loire,2052.5008554870315,2026-09-14 11:37:45.372275+00:00,prediction_modele,2025-08-31
2025-09-01 23:30:00+02:00,Provence-Alpes-Côte d'Azur,3627.4558451990156,2026-09-14 11:37:45.372275+00:00,prediction_modele,2025-08-31
2025-09-01 23:30:00+02:00,Île-de-France,6530.7347650291495,2026-09-14 11:37:45.372275+00:00,prediction_modele,2025-08-31
2025-09-01 23:45:00+02:00,Auvergne-Rhône-Alpes,6194.518208387912,2026-09-14 11:37:45.372275+00:00,prediction_modele,2025-08-31
2025-09-01 23:45:00+02:00,Bourgogne-Franche-Comté,1330.2944429561358,2026-09-14 11:37:45.372275+00:00,prediction_modele,2025-08-31
2025-09-01 23:45:00+02:00,Bretagne,1610.7622652381897,2026-09-14 11:37:45.372275+00:00,prediction_modele,2025-08-31
2025-09-01 23:45:00+02:00,Centre-Val de Loire,1159.0676493257452,2026-09-14 11:37:45.372275+00:00,prediction_modele,2025-08-31
2025-09-01 23:45:00+02:00,Grand Est,3832.8224504232003,2026-09-14 11:37:45.372275+00:00,prediction_modele,2025-08-31
2025-09-01 23:45:00+02:00,Hauts-de-France,4399.910670588092,2026-09-14 11:37:45.372275+00:00,prediction_modele,2025-08-31
2025-09-01 23:45:00+02:00,Normandie,2043.6251767608055,2026-09-14 11:37:45.372275+00:00,prediction_modele,2025-08-31
2025-09-01 23:45:00+02:00,Nouvelle-Aquitaine,3836.518722790757,2026-09-14 11:37:45.372275+00:00,prediction_modele,2025-08-31
2025-09-01 23:45:00+02:00,Occitanie,3350.4305026263323,2026-09-14 11:37:45.372275+00:00,prediction_modele,2025-08-31
2025-09-01 23:45:00+02:00,Pays de la Loire,2055.843369490238,2026-09-14 11:37:45.372275+00:00,prediction_modele,2025-08-31
2025-09-01 23:45:00+02:00,Provence-Alpes-Côte d'Azur,3630.798359202222,2026-09-14 11:37:45.372275+00:00,prediction_modele,2025-08-31
2025-09-01 23:45:00+02:00,Île-de-France,6534.077279032355,2026-09-14 11:37:45.372275+00:00,prediction_modele,2025-08-31
