tch_eolien,tco_thermique,thermique,tco_bioenergies,heure,tco_hydraulique,nature,stockage_batterie,nucleaire,date,hydraulique,libelle_region,code_insee_region,tch_bioenergies,destockage_batterie,tco_solaire,date_heure,eolien,tch_hydraulique,consommation,pompage,bioenergies,tco_eolien,ech_physiques,solaire,tch_thermique,tch_solaire,tco_nucleaire,tch_nucleaire,heure_utc,date_locale,ville_reference,temperature_2m,relative_humidity_2m,jour_semaine,weekend,ferie,nom_ferie,vacances_au_moins_une_zone,zones_en_vacances
31.65,0.0,0,2.51,00:00,0.25,Données temps réel,0,0,2026-07-01,16,Île-de-France,11,44.92,0,0.0,2026-06-30 22:00:00+00:00,44,84.21,6330,0,159,0.7,6112,0,0.0,0.0,0.0,,2026-06-30 22:00:00+00:00,2026-07-01,Paris,20.7,60,2,False,False,,False,
27.69,0.0,0,1.47,00:00,1.23,Données temps réel,0,9118,2026-07-01,25,Centre-Val de Loire,24,32.97,0,0.0,2026-06-30 22:00:00+00:00,500,27.17,2036,0,30,24.56,-7636,0,0.0,0.0,447.84,78.4,2026-06-30 22:00:00+00:00,2026-07-01,Orléans,22.4,52,2,False,False,,False,
8.72,0.0,0,1.46,00:00,0.15,Données temps réel,-2,0,2026-07-01,3,Bourgogne-Franche-Comté,27,37.04,0,0.0,2026-06-30 22:00:00+00:00,104,0.58,2060,0,30,5.05,1924,0,0.0,0.0,0.0,,2026-06-30 22:00:00+00:00,2026-07-01,Dijon,21.1,59,2,False,False,,False,
5.23,3.58,90,3.46,00:00,0.4,Données temps réel,0,8480,2026-07-01,10,Normandie,28,58.78,0,0.0,2026-06-30 22:00:00+00:00,87,34.48,2516,0,87,3.46,-6238,0,11.8,0.0,337.04,69.17,2026-06-30 22:00:00+00:00,2026-07-01,Rouen,15.5,82,2,False,False,,False,
8.01,16.98,834,1.99,00:00,0.1,Données temps réel,-3,3522,2026-07-01,5,Hauts-de-France,32,50.0,0,0.0,2026-06-30 22:00:00+00:00,533,125.0,4913,0,98,10.85,-76,0,34.84,0.0,71.69,64.51,2026-06-30 22:00:00+00:00,2026-07-01,Lille,16.9,71,2,False,False,,False,
17.23,38.66,1636,2.46,00:00,28.99,Données temps réel,-226,6795,2026-07-01,1227,Grand Est,44,38.66,0,0.0,2026-06-30 22:00:00+00:00,899,53.26,4232,0,104,21.24,-6203,0,52.88,0.0,160.56,62.8,2026-06-30 22:00:00+00:00,2026-07-01,Strasbourg,23.9,76,2,False,False,,False,
40.56,15.71,443,3.69,00:00,0.32,Données temps réel,-2,0,2026-07-01,9,Pays de la Loire,52,114.29,0,0.0,2026-06-30 22:00:00+00:00,991,90.0,2820,0,104,35.14,1274,0,22.41,0.0,0.0,,2026-06-30 22:00:00+00:00,2026-07-01,Nantes,19.0,72,2,False,False,,False,
11.48,20.14,436,2.08,00:00,4.34,Données temps réel,0,0,2026-07-01,94,Bretagne,53,56.96,0,0.0,2026-06-30 22:00:00+00:00,226,34.18,2165,0,45,10.44,1364,0,30.58,0.0,0.0,,2026-06-30 22:00:00+00:00,2026-07-01,Rennes,18.0,70,2,False,False,,False,
24.36,0.48,20,1.21,00:00,1.62,Données temps réel,0,5219,2026-07-01,68,Nouvelle-Aquitaine,75,14.7,8,0.0,2026-06-30 22:00:00+00:00,539,3.03,4199,0,51,12.84,-1706,0,3.66,0.0,124.29,78.72,2026-06-30 22:00:00+00:00,2026-07-01,Bordeaux,19.7,73,2,False,False,,False,
45.05,0.0,0,2.05,00:00,36.02,Données temps réel,-2,0,2026-07-01,1615,Occitanie,76,59.74,0,0.0,2026-06-30 22:00:00+00:00,820,30.17,4484,0,92,18.29,2012,0,0.0,0.0,0.0,0.0,2026-06-30 22:00:00+00:00,2026-07-01,Toulouse,23.3,61,2,False,False,,False,
13.03,5.85,383,1.24,00:00,57.5,Données temps réel,-2,4538,2026-07-01,3766,Auvergne-Rhône-Alpes,84,42.86,0,0.0,2026-06-30 22:00:00+00:00,104,32.89,6550,0,81,1.59,-2320,0,39.9,0.0,69.28,33.44,2026-06-30 22:00:00+00:00,2026-07-01,Lyon,26.5,36,2,False,False,,False,
0.83,26.25,1182,3.04,00:00,25.12,Données temps réel,0,0,2026-07-01,1131,Provence-Alpes-Côte d'Azur,93,46.13,0,0.0,2026-06-30 22:00:00+00:00,1,35.06,4502,0,137,0.02,2051,0,44.93,0.0,0.0,,2026-06-30 22:00:00+00:00,2026-07-01,Marseille,27.3,54,2,False,False,,False,
27.34,0.0,0,2.52,00:15,0.26,Données temps réel,0,0,2026-07-01,16,Île-de-France,11,44.35,0,0.0,2026-06-30 22:15:00+00:00,38,84.21,6224,0,157,0.61,6013,0,0.0,0.0,0.0,,2026-06-30 22:00:00+00:00,2026-07-01,Paris,20.7,60,2,False,False,,False,
25.47,0.0,0,1.5,00:15,1.25,Données temps réel,0,9130,2026-07-01,25,Centre-Val de Loire,24,32.97,0,0.0,2026-06-30 22:15:00+00:00,460,27.17,2005,0,30,22.94,-7639,0,0.0,0.0,455.36,78.5,2026-06-30 22:00:00+00:00,2026-07-01,Orléans,22.4,52,2,False,False,,False,
9.31,0.0,0,1.49,00:15,0.15,Données temps réel,0,0,2026-07-01,3,Bourgogne-Franche-Comté,27,37.04,0,0.0,2026-06-30 22:15:00+00:00,111,0.58,2018,0,30,5.5,1874,0,0.0,0.0,0.0,,2026-06-30 22:00:00+00:00,2026-07-01,Dijon,21.1,59,2,False,False,,False,
5.11,3.54,89,3.46,00:15,0.4,Données temps réel,0,8480,2026-07-01,10,Normandie,28,58.78,0,0.0,2026-06-30 22:15:00+00:00,85,34.48,2511,0,87,3.39,-6240,0,11.66,0.0,337.71,69.17,2026-06-30 22:00:00+00:00,2026-07-01,Rouen,15.5,82,2,False,False,,False,
7.92,17.51,863,2.01,00:15,0.1,Données temps réel,-3,3521,2026-07-01,5,Hauts-de-France,32,50.51,0,0.0,2026-06-30 22:15:00+00:00,527,125.0,4928,0,99,10.69,-85,0,36.05,0.0,71.45,64.49,2026-06-30 22:00:00+00:00,2026-07-01,Lille,16.9,71,2,False,False,,False,
16.64,34.4,1468,2.44,00:15,26.27,Données temps réel,-1,6880,2026-07-01,1121,Grand Est,44,38.66,1,0.0,2026-06-30 22:15:00+00:00,868,48.65,4268,0,104,20.34,-6173,0,47.45,0.0,161.2,63.59,2026-06-30 22:00:00+00:00,2026-07-01,Strasbourg,23.9,76,2,False,False,,False,
35.94,15.68,443,3.68,00:15,0.32,Données temps réel,-13,0,2026-07-01,9,Pays de la Loire,52,114.29,0,0.0,2026-06-30 22:15:00+00:00,878,90.0,2825,0,104,31.08,1403,0,22.41,0.0,0.0,,2026-06-30 22:00:00+00:00,2026-07-01,Nantes,19.0,72,2,False,False,,False,
11.78,20.59,437,2.12,00:15,5.09,Données temps réel,0,0,2026-07-01,108,Bretagne,53,56.96,0,0.0,2026-06-30 22:15:00+00:00,232,39.27,2122,0,45,10.93,1300,0,30.65,0.0,0.0,,2026-06-30 22:00:00+00:00,2026-07-01,Rennes,18.0,70,2,False,False,,False,
23.9,0.48,20,1.24,00:15,1.67,Données temps réel,-3,5220,2026-07-01,69,Nouvelle-Aquitaine,75,14.7,8,0.0,2026-06-30 22:15:00+00:00,529,3.08,4128,0,51,12.81,-1766,0,3.66,0.0,126.45,78.73,2026-06-30 22:00:00+00:00,2026-07-01,Bordeaux,19.7,73,2,False,False,,False,
45.88,0.0,0,2.08,00:15,36.4,Données temps réel,0,0,2026-07-01,1607,Occitanie,76,59.74,0,0.0,2026-06-30 22:15:00+00:00,835,30.02,4415,-35,92,18.91,1969,0,0.0,0.0,0.0,0.0,2026-06-30 22:00:00+00:00,2026-07-01,Toulouse,23.3,61,2,False,False,,False,
13.28,5.87,379,1.25,00:15,61.2,Données temps réel,0,4828,2026-07-01,3952,Auvergne-Rhône-Alpes,84,42.86,0,0.0,2026-06-30 22:15:00+00:00,106,34.51,6458,0,81,1.64,-2887,0,39.48,0.0,74.76,35.58,2026-06-30 22:00:00+00:00,2026-07-01,Lyon,26.5,36,2,False,False,,False,
0.0,21.8,972,3.12,00:15,19.85,Données temps réel,0,0,2026-07-01,885,Provence-Alpes-Côte d'Azur,93,46.8,0,0.0,2026-06-30 22:15:00+00:00,0,27.43,4458,0,139,0.0,2462,0,36.94,0.0,0.0,,2026-06-30 22:00:00+00:00,2026-07-01,Marseille,27.3,54,2,False,False,,False,
28.78,0.0,0,2.57,00:30,0.26,Données temps réel,0,0,2026-07-01,16,Île-de-France,11,44.35,0,0.0,2026-06-30 22:30:00+00:00,40,84.21,6098,0,157,0.66,5885,0,0.0,0.0,0.0,,2026-06-30 22:00:00+00:00,2026-07-01,Paris,20.7,60,2,False,False,,False,
23.53,0.0,0,1.59,00:30,1.33,Données temps réel,0,9121,2026-07-01,25,Centre-Val de Loire,24,32.97,0,0.0,2026-06-30 22:30:00+00:00,425,27.17,1885,0,30,22.55,-7716,0,0.0,0.0,483.87,78.43,2026-06-30 22:00:00+00:00,2026-07-01,Orléans,22.4,52,2,False,False,,False,
9.82,0.0,0,1.52,00:30,0.15,Données temps réel,-3,0,2026-07-01,3,Bourgogne-Franche-Comté,27,37.04,0,0.0,2026-06-30 22:30:00+00:00,117,0.58,1979,0,30,5.91,1831,0,0.0,0.0,0.0,,2026-06-30 22:00:00+00:00,2026-07-01,Dijon,21.1,59,2,False,False,,False,
5.89,3.64,89,3.48,00:30,0.41,Données temps réel,0,8472,2026-07-01,10,Normandie,28,57.43,0,0.0,2026-06-30 22:30:00+00:00,98,34.48,2444,0,85,4.01,-6311,0,11.66,0.0,346.64,69.1,2026-06-30 22:00:00+00:00,2026-07-01,Rouen,15.5,82,2,False,False,,False,
7.98,18.02,864,2.06,00:30,0.1,Données temps réel,-2,3524,2026-07-01,5,Hauts-de-France,32,50.51,0,0.0,2026-06-30 22:30:00+00:00,531,125.0,4796,0,99,11.07,-225,0,36.09,0.0,73.48,64.54,2026-06-30 22:00:00+00:00,2026-07-01,Lille,16.9,71,2,False,False,,False,
15.91,29.86,1249,2.49,00:30,18.79,Données temps réel,-1,6893,2026-07-01,786,Grand Est,44,38.66,0,0.0,2026-06-30 22:30:00+00:00,830,34.11,4183,0,104,19.84,-5678,0,40.37,0.0,164.79,63.71,2026-06-30 22:00:00+00:00,2026-07-01,Strasbourg,23.9,76,2,False,False,,False,
30.29,16.28,445,3.81,00:30,0.33,Données temps réel,-12,0,2026-07-01,9,Pays de la Loire,52,114.29,0,0.0,2026-06-30 22:30:00+00:00,740,90.0,2733,0,104,27.08,1447,0,22.51,0.0,0.0,,2026-06-30 22:00:00+00:00,2026-07-01,Nantes,19.0,72,2,False,False,,False,
14.07,21.34,437,2.2,00:30,7.03,Données temps réel,0,0,2026-07-01,144,Bretagne,53,56.96,0,0.0,2026-06-30 22:30:00+00:00,277,52.36,2048,0,45,13.53,1145,0,30.65,0.0,0.0,,2026-06-30 22:00:00+00:00,2026-07-01,Rennes,18.0,70,2,False,False,,False,
22.41,0.5,20,1.27,00:30,1.79,Données temps réel,0,5215,2026-07-01,72,Nouvelle-Aquitaine,75,14.7,8,0.0,2026-06-30 22:30:00+00:00,496,3.21,4030,0,51,12.31,-1831,0,3.66,0.0,129.4,78.66,2026-06-30 22:00:00+00:00,2026-07-01,Bordeaux,19.7,73,2,False,False,,False,
46.87,0.0,0,2.17,00:30,27.11,Données temps réel,-2,0,2026-07-01,1149,Occitanie,76,59.74,0,0.0,2026-06-30 22:30:00+00:00,853,21.46,4239,-35,92,20.12,2243,0,0.0,0.0,0.0,0.0,2026-06-30 22:00:00+00:00,2026-07-01,Toulouse,23.3,61,2,False,False,,False,
13.28,5.96,375,1.29,00:30,60.17,Données temps réel,0,5177,2026-07-01,3788,Auvergne-Rhône-Alpes,84,42.86,0,0.0,2026-06-30 22:30:00+00:00,106,33.08,6295,0,81,1.68,-3233,0,39.06,0.0,82.24,38.15,2026-06-30 22:00:00+00:00,2026-07-01,Lyon,26.5,36,2,False,False,,False,
0.0,18.91,810,3.31,00:30,20.75,Données temps réel,0,0,2026-07-01,889,Provence-Alpes-Côte d'Azur,93,47.81,0,0.0,2026-06-30 22:30:00+00:00,0,27.56,4284,0,142,0.0,2445,0,30.79,0.0,0.0,,2026-06-30 22:00:00+00:00,2026-07-01,Marseille,27.3,54,2,False,False,,False,
28.78,0.0,0,2.63,00:45,0.27,Données temps réel,0,0,2026-07-01,16,Île-de-France,11,43.79,0,0.0,2026-06-30 22:45:00+00:00,40,84.21,5904,0,155,0.68,5694,0,0.0,0.0,0.0,,2026-06-30 22:00:00+00:00,2026-07-01,Paris,20.7,60,2,False,False,,False,
24.53,0.0,0,1.67,00:45,1.39,Données temps réel,0,9124,2026-07-01,25,Centre-Val de Loire,24,32.97,0,0.0,2026-06-30 22:45:00+00:00,443,27.17,1796,0,30,24.67,-7826,0,0.0,0.0,508.02,78.45,2026-06-30 22:00:00+00:00,2026-07-01,Orléans,22.4,52,2,False,False,,False,
10.07,0.0,0,1.57,00:45,0.16,Données temps réel,-3,0,2026-07-01,3,Bourgogne-Franche-Comté,27,37.04,0,0.0,2026-06-30 22:45:00+00:00,120,0.58,1906,0,30,6.3,1756,0,0.0,0.0,0.0,,2026-06-30 22:00:00+00:00,2026-07-01,Dijon,21.1,59,2,False,False,,False,
6.07,3.74,89,3.58,00:45,0.42,Données temps réel,0,8481,2026-07-01,10,Normandie,28,57.43,0,0.0,2026-06-30 22:45:00+00:00,101,34.48,2377,0,85,4.25,-6389,0,11.66,0.0,356.79,69.18,2026-06-30 22:00:00+00:00,2026-07-01,Rouen,15.5,82,2,False,False,,False,
7.74,18.41,856,2.13,00:45,0.11,Données temps réel,-3,3530,2026-07-01,5,Hauts-de-France,32,50.51,0,0.0,2026-06-30 22:45:00+00:00,515,125.0,4650,0,99,11.08,-353,0,35.76,0.0,75.91,64.65,2026-06-30 22:00:00+00:00,2026-07-01,Lille,16.9,71,2,False,False,,False,
15.53,30.3,1238,2.55,00:45,15.03,Données temps réel,-1,6908,2026-07-01,614,Grand Est,44,38.66,0,0.0,2026-06-30 22:45:00+00:00,810,26.65,4086,0,104,19.82,-5588,0,40.01,0.0,169.07,63.84,2026-06-30 22:00:00+00:00,2026-07-01,Strasbourg,23.9,76,2,False,False,,False,
28.12,17.24,443,4.05,00:45,0.35,Données temps réel,-12,0,2026-07-01,9,Pays de la Loire,52,114.29,0,0.0,2026-06-30 22:45:00+00:00,687,90.0,2570,0,104,26.73,1340,0,22.41,0.0,0.0,,2026-06-30 22:00:00+00:00,2026-07-01,Nantes,19.0,72,2,False,False,,False,
15.74,22.77,438,2.34,00:45,8.47,Données temps réel,0,0,2026-07-01,163,Bretagne,53,56.96,0,0.0,2026-06-30 22:45:00+00:00,310,59.27,1924,0,45,16.11,969,0,30.72,0.0,0.0,,2026-06-30 22:00:00+00:00,2026-07-01,Rennes,18.0,70,2,False,False,,False,
21.37,0.52,20,1.32,00:45,1.91,Données temps réel,0,5226,2026-07-01,74,Nouvelle-Aquitaine,75,14.7,8,0.0,2026-06-30 22:45:00+00:00,473,3.3,3871,0,51,12.22,-1981,0,3.66,0.0,135.0,78.82,2026-06-30 22:00:00+00:00,2026-07-01,Bordeaux,19.7,73,2,False,False,,False,
45.99,0.0,0,2.27,00:45,25.24,Données temps réel,-2,0,2026-07-01,1034,Occitanie,76,60.39,0,0.0,2026-06-30 22:45:00+00:00,837,19.32,4097,-36,93,20.43,2231,0,0.0,0.0,0.0,0.0,2026-06-30 22:00:00+00:00,2026-07-01,Toulouse,23.3,61,2,False,False,,False,
12.41,6.01,377,1.29,00:45,53.66,Données temps réel,-1,5496,2026-07-01,3367,Auvergne-Rhône-Alpes,84,42.86,0,0.0,2026-06-30 22:45:00+00:00,99,29.4,6275,-1,81,1.58,-3143,0,39.27,0.0,87.59,40.5,2026-06-30 22:00:00+00:00,2026-07-01,Lyon,26.5,36,2,False,False,,False,
0.0,14.92,618,3.45,00:45,17.62,Données temps réel,0,0,2026-07-01,730,Provence-Alpes-Côte d'Azur,93,48.15,0,0.0,2026-06-30 22:45:00+00:00,0,22.63,4143,0,143,0.0,2652,0,23.49,0.0,0.0,,2026-06-30 22:00:00+00:00,2026-07-01,Marseille,27.3,54,2,False,False,,False,
24.46,0.0,0,2.78,01:00,0.28,Données temps réel,0,0,2026-07-01,16,Île-de-France,11,44.35,0,0.0,2026-06-30 23:00:00+00:00,34,84.21,5644,0,157,0.6,5437,0,0.0,0.0,0.0,,2026-06-30 23:00:00+00:00,2026-07-01,Paris,19.2,59,2,False,False,,False,
25.3,0.0,0,1.67,01:00,1.39,Données temps réel,0,9121,2026-07-01,25,Centre-Val de Loire,24,32.97,0,0.0,2026-06-30 23:00:00+00:00,457,27.17,1800,0,30,25.39,-7833,0,0.0,0.0,506.72,78.43,2026-06-30 23:00:00+00:00,2026-07-01,Orléans,21.6,55,2,False,False,,False,
9.48,0.0,0,1.59,01:00,0.16,Données temps réel,-2,0,2026-07-01,3,Bourgogne-Franche-Comté,27,37.04,0,0.0,2026-06-30 23:00:00+00:00,113,0.58,1886,0,30,5.99,1743,0,0.0,0.0,0.0,,2026-06-30 23:00:00+00:00,2026-07-01,Dijon,20.4,58,2,False,False,,False,
7.51,3.8,90,3.63,01:00,0.42,Données temps réel,0,8481,2026-07-01,10,Normandie,28,58.11,0,0.0,2026-06-30 23:00:00+00:00,125,34.48,2368,0,86,5.28,-6424,0,11.8,0.0,358.15,69.18,2026-06-30 23:00:00+00:00,2026-07-01,Rouen,15.0,82,2,False,False,,False,
8.4,18.57,865,2.12,01:00,0.11,Données temps réel,-3,3528,2026-07-01,5,Hauts-de-France,32,50.51,0,0.0,2026-06-30 23:00:00+00:00,559,125.0,4659,0,99,12.0,-394,0,36.13,0.0,75.72,64.62,2026-06-30 23:00:00+00:00,2026-07-01,Lille,15.8,75,2,False,False,,False,
15.1,30.98,1251,2.58,01:00,15.68,Données temps réel,-33,6910,2026-07-01,633,Grand Est,44,38.66,0,0.0,2026-06-30 23:00:00+00:00,788,27.47,4038,0,104,19.51,-5615,0,40.43,0.0,171.12,63.86,2026-06-30 23:00:00+00:00,2026-07-01,Strasbourg,22.5,84,2,False,False,,False,
27.34,17.21,442,4.05,01:00,0.35,Données temps réel,-20,0,2026-07-01,9,Pays de la Loire,52,114.29,0,0.0,2026-06-30 23:00:00+00:00,668,90.0,2568,0,104,26.01,1364,0,22.36,0.0,0.0,,2026-06-30 23:00:00+00:00,2026-07-01,Nantes,18.9,71,2,False,False,,False,
16.71,23.73,438,2.44,01:00,9.15,Données temps réel,0,0,2026-07-01,169,Bretagne,53,56.96,0,0.0,2026-06-30 23:00:00+00:00,329,61.45,1846,0,45,17.82,865,0,30.72,0.0,0.0,,2026-06-30 23:00:00+00:00,2026-07-01,Rennes,17.3,77,2,False,False,,False,
20.88,0.52,20,1.33,01:00,1.93,Données temps réel,0,5217,2026-07-01,74,Nouvelle-Aquitaine,75,14.7,8,0.0,2026-06-30 23:00:00+00:00,462,3.3,3835,0,51,12.05,-1996,0,3.66,0.0,136.04,78.69,2026-06-30 23:00:00+00:00,2026-07-01,Bordeaux,19.1,74,2,False,False,,False,
45.55,0.0,0,2.25,01:00,23.76,Données temps réel,-2,0,2026-07-01,970,Occitanie,76,59.74,0,0.0,2026-06-30 23:00:00+00:00,829,18.12,4082,-35,92,20.31,2291,0,0.0,0.0,0.0,0.0,2026-06-30 23:00:00+00:00,2026-07-01,Toulouse,21.8,63,2,False,False,,False,
11.65,6.06,376,1.31,01:00,53.51,Données temps réel,-2,5522,2026-07-01,3320,Auvergne-Rhône-Alpes,84,42.86,0,0.0,2026-06-30 23:00:00+00:00,93,28.99,6205,-1,81,1.5,-3183,0,39.17,0.0,88.99,40.69,2026-06-30 23:00:00+00:00,2026-07-01,Lyon,25.5,40,2,False,False,,False,
0.0,10.18,420,3.37,01:00,18.22,Données temps réel,0,0,2026-07-01,752,Provence-Alpes-Côte d'Azur,93,46.8,0,0.0,2026-06-30 23:00:00+00:00,0,23.31,4127,0,139,0.0,2818,0,15.96,0.0,0.0,,2026-06-30 23:00:00+00:00,2026-07-01,Marseille,26.9,55,2,False,False,,False,
32.37,0.0,0,2.8,01:15,0.28,Données temps réel,0,0,2026-07-01,16,Île-de-France,11,44.35,0,0.0,2026-06-30 23:15:00+00:00,45,84.21,5617,0,157,0.8,5400,0,0.0,0.0,0.0,,2026-06-30 23:00:00+00:00,2026-07-01,Paris,19.2,59,2,False,False,,False,
25.58,0.0,0,1.67,01:15,1.39,Données temps réel,0,9117,2026-07-01,25,Centre-Val de Loire,24,32.97,0,0.0,2026-06-30 23:15:00+00:00,462,27.17,1796,0,30,25.72,-7838,0,0.0,0.0,507.63,78.39,2026-06-30 23:00:00+00:00,2026-07-01,Orléans,21.6,55,2,False,False,,False,
9.65,0.0,0,1.58,01:15,0.16,Données temps réel,-1,0,2026-07-01,3,Bourgogne-Franche-Comté,27,37.04,0,0.0,2026-06-30 23:15:00+00:00,115,0.58,1901,0,30,6.05,1754,0,0.0,0.0,0.0,,2026-06-30 23:00:00+00:00,2026-07-01,Dijon,20.4,58,2,False,False,,False,
8.59,3.72,89,3.55,01:15,0.42,Données temps réel,0,8474,2026-07-01,10,Normandie,28,57.43,0,0.0,2026-06-30 23:15:00+00:00,143,34.48,2391,0,85,5.98,-6410,0,11.66,0.0,354.41,69.12,2026-06-30 23:00:00+00:00,2026-07-01,Rouen,15.0,82,2,False,False,,False,
8.63,18.8,865,2.13,01:15,0.11,Données temps réel,0,3527,2026-07-01,5,Hauts-de-France,32,50.0,7,0.0,2026-06-30 23:15:00+00:00,574,125.0,4602,0,98,12.47,-475,0,36.13,0.0,76.64,64.6,2026-06-30 23:00:00+00:00,2026-07-01,Lille,15.8,75,2,False,False,,False,
14.15,30.7,1250,2.55,01:15,15.47,Données temps réel,-3,6920,2026-07-01,630,Grand Est,44,38.66,7,0.0,2026-06-30 23:15:00+00:00,738,27.34,4072,0,104,18.12,-5573,0,40.4,0.0,169.94,63.96,2026-06-30 23:00:00+00:00,2026-07-01,Strasbourg,22.5,84,2,False,False,,False,
24.93,17.12,438,4.06,01:15,0.35,Données temps réel,0,0,2026-07-01,9,Pays de la Loire,52,114.29,0,0.0,2026-06-30 23:15:00+00:00,609,90.0,2559,0,104,23.8,1397,0,22.15,0.0,0.0,,2026-06-30 23:00:00+00:00,2026-07-01,Nantes,18.9,71,2,False,False,,False,
16.0,23.65,438,2.43,01:15,10.26,Données temps réel,0,0,2026-07-01,190,Bretagne,53,56.96,0,0.0,2026-06-30 23:15:00+00:00,315,69.09,1852,0,45,17.01,864,0,30.72,0.0,0.0,,2026-06-30 23:00:00+00:00,2026-07-01,Rennes,17.3,77,2,False,False,,False,
20.24,0.49,20,1.25,01:15,1.84,Données temps réel,0,5225,2026-07-01,75,Nouvelle-Aquitaine,75,14.7,8,0.0,2026-06-30 23:15:00+00:00,448,3.35,4081,0,51,10.98,-1747,0,3.66,0.0,128.03,78.81,2026-06-30 23:00:00+00:00,2026-07-01,Bordeaux,19.1,74,2,False,False,,False,
43.08,0.0,0,2.31,01:15,25.09,Données temps réel,0,0,2026-07-01,1012,Occitanie,76,60.39,0,0.0,2026-06-30 23:15:00+00:00,784,18.91,4034,-35,93,19.43,2244,0,0.0,0.0,0.0,0.0,2026-06-30 23:00:00+00:00,2026-07-01,Toulouse,21.8,63,2,False,False,,False,
12.53,6.01,377,1.29,01:15,57.37,Données temps réel,0,5529,2026-07-01,3597,Auvergne-Rhône-Alpes,84,42.86,0,0.0,2026-06-30 23:15:00+00:00,100,31.41,6270,0,81,1.59,-3414,0,39.27,0.0,88.18,40.74,2026-06-30 23:00:00+00:00,2026-07-01,Lyon,25.5,40,2,False,False,,False,
0.0,10.15,426,3.36,01:15,17.02,Données temps réel,0,0,2026-07-01,714,Provence-Alpes-Côte d'Azur,93,47.47,0,0.0,2026-06-30 23:15:00+00:00,0,22.13,4195,0,141,0.0,2913,0,16.19,0.0,0.0,,2026-06-30 23:00:00+00:00,2026-07-01,Marseille,26.9,55,2,False,False,,False,
30.22,0.0,0,2.87,01:30,0.29,Données temps réel,0,0,2026-07-01,16,Île-de-France,11,44.63,0,0.0,2026-06-30 23:30:00+00:00,42,84.21,5507,0,158,0.76,5292,0,0.0,0.0,0.0,,2026-06-30 23:00:00+00:00,2026-07-01,Paris,19.2,59,2,False,False,,False,
27.24,0.0,0,1.65,01:30,1.38,Données temps réel,0,9122,2026-07-01,25,Centre-Val de Loire,24,32.97,0,0.0,2026-06-30 23:30:00+00:00,492,27.17,1816,0,30,27.09,-7853,0,0.0,0.0,502.31,78.44,2026-06-30 23:00:00+00:00,2026-07-01,Orléans,21.6,55,2,False,False,,False,
8.31,0.0,0,1.58,01:30,0.16,Données temps réel,-3,0,2026-07-01,3,Bourgogne-Franche-Comté,27,37.04,0,0.0,2026-06-30 23:30:00+00:00,99,0.58,1895,0,30,5.22,1766,0,0.0,0.0,0.0,,2026-06-30 23:00:00+00:00,2026-07-01,Dijon,20.4,58,2,False,False,,False,
9.19,3.77,90,3.6,01:30,0.42,Données temps réel,0,8478,2026-07-01,10,Normandie,28,58.11,0,0.0,2026-06-30 23:30:00+00:00,153,34.48,2390,0,86,6.4,-6428,0,11.8,0.0,354.73,69.15,2026-06-30 23:00:00+00:00,2026-07-01,Rouen,15.0,82,2,False,False,,False,
9.22,19.11,866,2.16,01:30,0.11,Données temps réel,-28,3525,2026-07-01,5,Hauts-de-France,32,50.0,0,0.0,2026-06-30 23:30:00+00:00,613,125.0,4531,0,98,13.53,-548,0,36.17,0.0,77.8,64.56,2026-06-30 23:00:00+00:00,2026-07-01,Lille,15.8,75,2,False,False,,False,
12.8,30.89,1258,2.55,01:30,15.98,Données temps réel,-168,6916,2026-07-01,651,Grand Est,44,38.66,0,0.0,2026-06-30 23:30:00+00:00,668,28.26,4073,0,104,16.4,-5356,0,40.66,0.0,169.8,63.92,2026-06-30 23:00:00+00:00,2026-07-01,Strasbourg,22.5,84,2,False,False,,False,
26.85,16.39,416,4.1,01:30,0.35,Données temps réel,-57,0,2026-07-01,9,Pays de la Loire,52,114.29,0,0.0,2026-06-30 23:30:00+00:00,656,90.0,2538,0,104,25.85,1410,0,21.04,0.0,0.0,,2026-06-30 23:00:00+00:00,2026-07-01,Nantes,18.9,71,2,False,False,,False,
15.44,23.11,437,2.38,01:30,10.79,Données temps réel,0,0,2026-07-01,204,Bretagne,53,56.96,0,0.0,2026-06-30 23:30:00+00:00,304,74.18,1891,0,45,16.08,901,0,30.65,0.0,0.0,,2026-06-30 23:00:00+00:00,2026-07-01,Rennes,17.3,77,2,False,False,,False,
20.33,0.53,20,1.34,01:30,1.97,Données temps réel,0,5222,2026-07-01,75,Nouvelle-Aquitaine,75,14.7,8,0.0,2026-06-30 23:30:00+00:00,450,3.35,3800,0,51,11.84,-2026,0,3.66,0.0,137.42,78.76,2026-06-30 23:00:00+00:00,2026-07-01,Bordeaux,19.1,74,2,False,False,,False,
40.6,0.0,0,2.28,01:30,24.38,Données temps réel,-2,0,2026-07-01,982,Occitanie,76,59.74,0,0.0,2026-06-30 23:30:00+00:00,739,18.34,4028,-35,92,18.35,2314,0,0.0,0.0,0.0,0.0,2026-06-30 23:00:00+00:00,2026-07-01,Toulouse,21.8,63,2,False,False,,False,
15.16,6.08,379,1.3,01:30,51.87,Données temps réel,-6,5533,2026-07-01,3233,Auvergne-Rhône-Alpes,84,42.86,0,0.0,2026-06-30 23:30:00+00:00,121,28.23,6233,0,81,1.94,-3108,0,39.48,0.0,88.77,40.77,2026-06-30 23:00:00+00:00,2026-07-01,Lyon,25.5,40,2,False,False,,False,
0.0,10.51,426,3.45,01:30,17.68,Données temps réel,0,0,2026-07-01,717,Provence-Alpes-Côte d'Azur,93,47.14,0,0.0,2026-06-30 23:30:00+00:00,0,22.23,4055,0,140,0.0,2772,0,16.19,0.0,0.0,,2026-06-30 23:00:00+00:00,2026-07-01,Marseille,26.9,55,2,False,False,,False,
34.53,0.0,0,2.93,01:45,0.29,Données temps réel,0,0,2026-07-01,16,Île-de-France,11,45.2,0,0.0,2026-06-30 23:45:00+00:00,48,84.21,5454,0,160,0.88,5231,0,0.0,0.0,0.0,,2026-06-30 23:00:00+00:00,2026-07-01,Paris,19.2,59,2,False,False,,False,
26.91,0.0,0,1.66,01:45,1.39,Données temps réel,0,9177,2026-07-01,25,Centre-Val de Loire,24,32.97,0,0.0,2026-06-30 23:45:00+00:00,486,27.17,1804,0,30,26.94,-7913,0,0.0,0.0,508.7,78.91,2026-06-30 23:00:00+00:00,2026-07-01,Orléans,21.6,55,2,False,False,,False,
7.21,0.0,0,1.58,01:45,0.16,Données temps réel,-3,0,2026-07-01,3,Bourgogne-Franche-Comté,27,37.04,0,0.0,2026-06-30 23:45:00+00:00,86,0.58,1899,0,30,4.53,1783,0,0.0,0.0,0.0,,2026-06-30 23:00:00+00:00,2026-07-01,Dijon,20.4,58,2,False,False,,False,
10.27,3.68,89,3.52,01:45,0.41,Données temps réel,0,8484,2026-07-01,10,Normandie,28,57.43,0,0.0,2026-06-30 23:45:00+00:00,171,34.48,2416,0,85,7.08,-6424,0,11.66,0.0,351.16,69.2,2026-06-30 23:00:00+00:00,2026-07-01,Rouen,15.0,82,2,False,False,,False,
10.0,19.0,863,2.18,01:45,0.11,Données temps réel,-20,3527,2026-07-01,5,Hauts-de-France,32,50.51,0,0.0,2026-06-30 23:45:00+00:00,665,125.0,4543,0,99,14.64,-595,0,36.05,0.0,77.64,64.6,2026-06-30 23:00:00+00:00,2026-07-01,Lille,15.8,75,2,False,False,,False,
12.52,30.77,1259,2.54,01:45,16.13,Données temps réel,-164,6924,2026-07-01,660,Grand Est,44,38.66,0,0.0,2026-06-30 23:45:00+00:00,653,28.65,4092,0,104,15.96,-5344,0,40.69,0.0,169.21,63.99,2026-06-30 23:00:00+00:00,2026-07-01,Strasbourg,22.5,84,2,False,False,,False,
26.07,16.41,416,4.1,01:45,0.36,Données temps réel,-73,0,2026-07-01,9,Pays de la Loire,52,114.29,0,0.0,2026-06-30 23:45:00+00:00,637,90.0,2535,0,104,25.13,1441,0,21.04,0.0,0.0,,2026-06-30 23:00:00+00:00,2026-07-01,Nantes,18.9,71,2,False,False,,False,
14.22,21.93,437,2.26,01:45,10.54,Données temps réel,0,0,2026-07-01,210,Bretagne,53,56.96,0,0.0,2026-06-30 23:45:00+00:00,280,76.36,1993,0,45,14.05,1021,0,30.65,0.0,0.0,,2026-06-30 23:00:00+00:00,2026-07-01,Rennes,17.3,77,2,False,False,,False,
20.33,0.53,20,1.39,01:45,1.95,Données temps réel,0,5227,2026-07-01,73,Nouvelle-Aquitaine,75,14.99,8,0.0,2026-06-30 23:45:00+00:00,450,3.26,3740,0,52,12.03,-2091,0,3.66,0.0,139.76,78.84,2026-06-30 23:00:00+00:00,2026-07-01,Bordeaux,19.1,74,2,False,False,,False,
40.38,0.0,0,2.33,01:45,24.41,Données temps réel,-2,0,2026-07-01,973,Occitanie,76,60.39,0,0.0,2026-06-30 23:45:00+00:00,735,18.18,3986,-36,93,18.44,2284,0,0.0,0.0,0.0,0.0,2026-06-30 23:00:00+00:00,2026-07-01,Toulouse,21.8,63,2,False,False,,False,
14.04,6.15,381,1.31,01:45,50.79,Données temps réel,-7,5533,2026-07-01,3147,Auvergne-Rhône-Alpes,84,42.86,0,0.0,2026-06-30 23:45:00+00:00,112,27.48,6196,-1,81,1.81,-3050,0,39.69,0.0,89.3,40.77,2026-06-30 23:00:00+00:00,2026-07-01,Lyon,25.5,40,2,False,False,,False,
0.0,10.72,427,3.54,01:45,17.44,Données temps réel,0,0,2026-07-01,695,Provence-Alpes-Côte d'Azur,93,47.47,0,0.0,2026-06-30 23:45:00+00:00,0,21.54,3985,0,141,0.0,2722,0,16.23,0.0,0.0,,2026-06-30 23:00:00+00:00,2026-07-01,Marseille,26.9,55,2,False,False,,False,
31.65,0.0,0,2.99,02:00,0.3,Données temps réel,0,0,2026-07-01,16,Île-de-France,11,44.92,0,0.0,2026-07-01 00:00:00+00:00,44,84.21,5326,0,159,0.83,5108,0,0.0,0.0,0.0,,2026-07-01 00:00:00+00:00,2026-07-01,Paris,18.0,65,2,False,False,,False,
25.8,0.0,0,1.7,02:00,1.41,Données temps réel,0,9175,2026-07-01,25,Centre-Val de Loire,24,32.97,0,0.0,2026-07-01 00:00:00+00:00,466,27.17,1768,0,30,26.36,-7928,0,0.0,0.0,518.95,78.89,2026-07-01 00:00:00+00:00,2026-07-01,Orléans,19.7,65,2,False,False,,False,
8.05,0.0,0,1.59,02:00,0.16,Données temps réel,-3,0,2026-07-01,3,Bourgogne-Franche-Comté,27,37.04,0,0.0,2026-07-01 00:00:00+00:00,96,0.58,1881,0,30,5.1,1755,0,0.0,0.0,0.0,,2026-07-01 00:00:00+00:00,2026-07-01,Dijon,20.3,66,2,False,False,,False,
12.43,3.8,89,3.67,02:00,0.43,Données temps réel,0,8390,2026-07-01,10,Normandie,28,58.11,0,0.0,2026-07-01 00:00:00+00:00,207,34.48,2342,0,86,8.84,-6441,0,11.66,0.0,358.24,68.43,2026-07-01 00:00:00+00:00,2026-07-01,Rouen,13.8,90,2,False,False,,False,
10.66,13.25,579,2.26,02:00,0.11,Données temps réel,-19,3527,2026-07-01,5,Hauts-de-France,32,50.51,0,0.0,2026-07-01 00:00:00+00:00,709,125.0,4371,0,99,16.22,-528,0,24.19,0.0,80.69,64.6,2026-07-01 00:00:00+00:00,2026-07-01,Lille,14.4,81,2,False,False,,False,
12.77,28.49,1144,2.59,02:00,16.71,Données temps réel,-163,6939,2026-07-01,671,Grand Est,44,38.66,0,0.0,2026-07-01 00:00:00+00:00,666,29.12,4015,0,104,16.59,-5345,0,36.97,0.0,172.83,64.13,2026-07-01 00:00:00+00:00,2026-07-01,Strasbourg,20.4,97,2,False,False,,False,
25.09,17.13,416,4.28,02:00,0.37,Données temps réel,-58,0,2026-07-01,9,Pays de la Loire,52,114.29,0,0.0,2026-07-01 00:00:00+00:00,613,90.0,2429,0,104,25.24,1345,0,21.04,0.0,0.0,,2026-07-01 00:00:00+00:00,2026-07-01,Nantes,18.0,71,2,False,False,,False,
12.75,14.72,285,2.32,02:00,11.11,Données temps réel,0,0,2026-07-01,215,Bretagne,53,56.96,0,0.0,2026-07-01 00:00:00+00:00,251,78.18,1936,0,45,12.96,1140,0,19.99,0.0,0.0,,2026-07-01 00:00:00+00:00,2026-07-01,Rennes,16.1,87,2,False,False,,False,
20.61,0.55,20,1.42,02:00,1.97,Données temps réel,0,5222,2026-07-01,72,Nouvelle-Aquitaine,75,14.99,8,0.0,2026-07-01 00:00:00+00:00,456,3.21,3663,0,52,12.45,-2168,0,3.66,0.0,142.56,78.76,2026-07-01 00:00:00+00:00,2026-07-01,Bordeaux,18.6,78,2,False,False,,False,
38.63,0.0,0,2.37,02:00,24.4,Données temps réel,-2,0,2026-07-01,946,Occitanie,76,59.74,0,0.0,2026-07-01 00:00:00+00:00,703,17.67,3877,-36,92,18.13,2236,0,0.0,0.0,0.0,0.0,2026-07-01 00:00:00+00:00,2026-07-01,Toulouse,20.5,68,2,False,False,,False,
12.28,6.29,384,1.33,02:00,48.53,Données temps réel,-8,5535,2026-07-01,2963,Auvergne-Rhône-Alpes,84,42.86,0,0.0,2026-07-01 00:00:00+00:00,98,25.87,6105,-1,81,1.61,-2947,0,40.0,0.0,90.66,40.79,2026-07-01 00:00:00+00:00,2026-07-01,Lyon,23.4,50,2,False,False,,False,
0.0,7.23,286,3.54,02:00,16.92,Données temps réel,0,0,2026-07-01,669,Provence-Alpes-Côte d'Azur,93,47.14,0,0.0,2026-07-01 00:00:00+00:00,0,20.74,3954,0,140,0.0,2859,0,10.87,0.0,0.0,,2026-07-01 00:00:00+00:00,2026-07-01,Marseille,25.3,71,2,False,False,,False,
32.37,0.0,0,3.0,02:15,0.3,Données temps réel,0,0,2026-07-01,16,Île-de-France,11,44.63,0,0.0,2026-07-01 00:15:00+00:00,45,84.21,5270,0,158,0.85,5052,0,0.0,0.0,0.0,,2026-07-01 00:00:00+00:00,2026-07-01,Paris,18.0,65,2,False,False,,False,
25.69,0.0,0,1.73,02:15,1.45,Données temps réel,0,9200,2026-07-01,25,Centre-Val de Loire,24,32.97,0,0.0,2026-07-01 00:15:00+00:00,464,27.17,1730,0,30,26.82,-7989,0,0.0,0.0,531.79,79.11,2026-07-01 00:00:00+00:00,2026-07-01,Orléans,19.7,65,2,False,False,,False,
7.97,0.0,0,1.61,02:15,0.16,Données temps réel,-1,0,2026-07-01,3,Bourgogne-Franche-Comté,27,37.04,0,0.0,2026-07-01 00:15:00+00:00,95,0.58,1865,0,30,5.09,1737,0,0.0,0.0,0.0,,2026-07-01 00:00:00+00:00,2026-07-01,Dijon,20.3,66,2,False,False,,False,
14.35,3.92,89,3.79,02:15,0.44,Données temps réel,0,8377,2026-07-01,10,Normandie,28,58.11,0,0.0,2026-07-01 00:15:00+00:00,239,34.48,2269,0,86,10.53,-6533,0,11.66,0.0,369.19,68.33,2026-07-01 00:00:00+00:00,2026-07-01,Rouen,13.8,90,2,False,False,,False,
10.73,10.15,432,2.3,02:15,0.12,Données temps réel,-2,3533,2026-07-01,5,Hauts-de-France,32,50.0,0,0.0,2026-07-01 00:15:00+00:00,714,125.0,4255,0,98,16.78,-525,0,18.05,0.0,83.03,64.71,2026-07-01 00:00:00+00:00,2026-07-01,Lille,14.4,81,2,False,False,,False,
13.44,16.43,650,2.63,02:15,17.51,Données temps réel,-2,6933,2026-07-01,693,Grand Est,44,38.66,0,0.0,2026-07-01 00:15:00+00:00,701,30.08,3957,0,104,17.72,-5121,0,21.01,0.0,175.21,64.08,2026-07-01 00:00:00+00:00,2026-07-01,Strasbourg,20.4,97,2,False,False,,False,
25.01,17.34,415,4.35,02:15,0.38,Données temps réel,0,0,2026-07-01,9,Pays de la Loire,52,114.29,1,0.0,2026-07-01 00:15:00+00:00,611,90.0,2393,0,104,25.53,1253,0,20.99,0.0,0.0,,2026-07-01 00:00:00+00:00,2026-07-01,Nantes,18.0,71,2,False,False,,False,
11.73,0.0,0,2.5,02:15,11.96,Données temps réel,0,0,2026-07-01,215,Bretagne,53,56.96,0,0.0,2026-07-01 00:15:00+00:00,231,78.18,1797,0,45,12.85,1309,0,0.0,0.0,0.0,,2026-07-01 00:00:00+00:00,2026-07-01,Rennes,16.1,87,2,False,False,,False,
20.42,0.55,20,1.43,02:15,0.83,Données temps réel,0,5226,2026-07-01,30,Nouvelle-Aquitaine,75,14.99,8,0.0,2026-07-01 00:15:00+00:00,452,1.34,3636,0,52,12.43,-2152,0,3.66,0.0,143.73,78.82,2026-07-01 00:00:00+00:00,2026-07-01,Bordeaux,18.6,78,2,False,False,,False,
37.8,0.0,0,2.39,02:15,24.94,Données temps réel,0,0,2026-07-01,960,Occitanie,76,59.74,0,0.0,2026-07-01 00:15:00+00:00,688,17.93,3850,-35,92,17.87,2208,0,0.0,0.0,0.0,0.0,2026-07-01 00:00:00+00:00,2026-07-01,Toulouse,20.5,68,2,False,False,,False,
12.16,5.32,324,1.33,02:15,47.31,Données temps réel,-1,5541,2026-07-01,2879,Auvergne-Rhône-Alpes,84,42.86,0,0.0,2026-07-01 00:15:00+00:00,97,25.14,6086,0,81,1.59,-2834,0,33.75,0.0,91.05,40.83,2026-07-01 00:00:00+00:00,2026-07-01,Lyon,23.4,50,2,False,False,,False,
4.13,4.64,187,3.47,02:15,14.77,Données temps réel,0,0,2026-07-01,596,Provence-Alpes-Côte d'Azur,93,47.14,0,0.0,2026-07-01 00:15:00+00:00,5,18.47,4034,0,140,0.12,3107,0,7.11,0.0,0.0,,2026-07-01 00:00:00+00:00,2026-07-01,Marseille,25.3,71,2,False,False,,False,
32.37,0.0,0,3.05,02:30,0.31,Données temps réel,0,0,2026-07-01,16,Île-de-France,11,44.63,0,0.0,2026-07-01 00:30:00+00:00,45,84.21,5173,0,158,0.87,4956,0,0.0,0.0,0.0,,2026-07-01 00:00:00+00:00,2026-07-01,Paris,18.0,65,2,False,False,,False,
25.08,0.0,0,1.78,02:30,1.48,Données temps réel,0,9212,2026-07-01,25,Centre-Val de Loire,24,32.97,0,0.0,2026-07-01 00:30:00+00:00,453,27.17,1684,0,30,26.9,-8036,0,0.0,0.0,547.03,79.21,2026-07-01 00:00:00+00:00,2026-07-01,Orléans,19.7,65,2,False,False,,False,
7.63,0.0,0,1.68,02:30,0.17,Données temps réel,-1,0,2026-07-01,3,Bourgogne-Franche-Comté,27,37.04,0,0.0,2026-07-01 00:30:00+00:00,91,0.58,1783,0,30,5.1,1660,0,0.0,0.0,0.0,,2026-07-01 00:00:00+00:00,2026-07-01,Dijon,20.3,66,2,False,False,,False,
16.88,3.98,90,3.76,02:30,0.44,Données temps réel,0,8395,2026-07-01,10,Normandie,28,57.43,0,0.0,2026-07-01 00:30:00+00:00,281,34.48,2260,0,85,12.43,-6600,0,11.8,0.0,371.46,68.47,2026-07-01 00:00:00+00:00,2026-07-01,Rouen,13.8,90,2,False,False,,False,
11.17,10.0,422,2.32,02:30,0.12,Données temps réel,-2,3527,2026-07-01,5,Hauts-de-France,32,50.0,0,0.0,2026-07-01 00:30:00+00:00,743,125.0,4222,0,98,17.6,-571,0,17.63,0.0,83.54,64.6,2026-07-01 00:00:00+00:00,2026-07-01,Lille,14.4,81,2,False,False,,False,
14.32,7.46,288,2.69,02:30,17.97,Données temps réel,-33,6940,2026-07-01,694,Grand Est,44,38.66,0,0.0,2026-07-01 00:30:00+00:00,747,30.12,3861,0,104,19.35,-4880,0,9.31,0.0,179.75,64.14,2026-07-01 00:00:00+00:00,2026-07-01,Strasbourg,20.4,97,2,False,False,,False,
24.11,12.09,282,4.46,02:30,0.39,Données temps réel,0,0,2026-07-01,9,Pays de la Loire,52,114.29,0,0.0,2026-07-01 00:30:00+00:00,589,90.0,2332,0,104,25.26,1347,0,14.26,0.0,0.0,,2026-07-01 00:00:00+00:00,2026-07-01,Nantes,18.0,71,2,False,False,,False,
11.53,0.0,0,2.61,02:30,12.46,Données temps réel,0,0,2026-07-01,215,Bretagne,53,56.96,0,0.0,2026-07-01 00:30:00+00:00,227,78.18,1725,0,45,13.16,1241,0,0.0,0.0,0.0,,2026-07-01 00:00:00+00:00,2026-07-01,Rennes,16.1,87,2,False,False,,False,
20.24,0.56,20,1.42,02:30,0.84,Données temps réel,0,5229,2026-07-01,30,Nouvelle-Aquitaine,75,14.7,8,0.0,2026-07-01 00:30:00+00:00,448,1.34,3590,0,51,12.48,-2196,0,3.66,0.0,145.65,78.87,2026-07-01 00:00:00+00:00,2026-07-01,Bordeaux,18.6,78,2,False,False,,False,
37.14,0.0,0,2.49,02:30,25.95,Données temps réel,0,0,2026-07-01,969,Occitanie,76,60.39,0,0.0,2026-07-01 00:30:00+00:00,676,18.1,3734,-35,93,18.1,2092,0,0.0,0.0,0.0,0.0,2026-07-01 00:00:00+00:00,2026-07-01,Toulouse,20.5,68,2,False,False,,False,
13.53,3.06,183,1.36,02:30,51.49,Données temps réel,0,5537,2026-07-01,3077,Auvergne-Rhône-Alpes,84,42.86,0,0.0,2026-07-01 00:30:00+00:00,108,26.87,5976,0,81,1.81,-3009,0,19.06,0.0,92.65,40.8,2026-07-01 00:00:00+00:00,2026-07-01,Lyon,23.4,50,2,False,False,,False,
0.0,5.49,215,3.55,02:30,15.0,Données temps réel,0,0,2026-07-01,587,Provence-Alpes-Côte d'Azur,93,46.8,0,0.0,2026-07-01 00:30:00+00:00,0,18.2,3913,0,139,0.0,2972,0,8.17,0.0,0.0,,2026-07-01 00:00:00+00:00,2026-07-01,Marseille,25.3,71,2,False,False,,False,
29.5,0.0,0,3.08,02:45,0.31,Données temps réel,0,0,2026-07-01,16,Île-de-France,11,44.63,0,0.0,2026-07-01 00:45:00+00:00,41,84.21,5133,0,158,0.8,4919,0,0.0,0.0,0.0,,2026-07-01 00:00:00+00:00,2026-07-01,Paris,18.0,65,2,False,False,,False,
23.98,0.0,0,1.82,02:45,1.52,Données temps réel,0,9216,2026-07-01,25,Centre-Val de Loire,24,32.97,0,0.0,2026-07-01 00:45:00+00:00,433,27.17,1646,0,30,26.31,-8058,0,0.0,0.0,559.9,79.24,2026-07-01 00:00:00+00:00,2026-07-01,Orléans,19.7,65,2,False,False,,False,
7.13,0.0,0,1.7,02:45,0.17,Données temps réel,-1,0,2026-07-01,3,Bourgogne-Franche-Comté,27,37.04,0,0.0,2026-07-01 00:45:00+00:00,85,0.58,1767,0,30,4.81,1649,0,0.0,0.0,0.0,,2026-07-01 00:00:00+00:00,2026-07-01,Dijon,20.3,66,2,False,False,,False,
16.58,3.98,89,3.8,02:45,0.45,Données temps réel,0,8396,2026-07-01,10,Normandie,28,57.43,0,0.0,2026-07-01 00:45:00+00:00,276,34.48,2235,0,85,12.35,-6622,0,11.66,0.0,375.66,68.48,2026-07-01 00:00:00+00:00,2026-07-01,Rouen,13.8,90,2,False,False,,False,
11.32,9.48,404,2.32,02:45,0.12,Données temps réel,-2,3532,2026-07-01,5,Hauts-de-France,32,50.51,0,0.0,2026-07-01 00:45:00+00:00,753,125.0,4262,0,99,17.67,-530,0,16.88,0.0,82.87,64.69,2026-07-01 00:00:00+00:00,2026-07-01,Lille,14.4,81,2,False,False,,False,
13.71,1.9,73,2.71,02:45,18.42,Données temps réel,-100,6886,2026-07-01,706,Grand Est,44,38.66,0,0.0,2026-07-01 00:45:00+00:00,715,30.64,3833,0,104,18.65,-4550,0,2.36,0.0,179.65,63.64,2026-07-01 00:00:00+00:00,2026-07-01,Strasbourg,20.4,97,2,False,False,,False,
23.62,12.63,293,4.48,02:45,0.39,Données temps réel,0,0,2026-07-01,9,Pays de la Loire,52,114.29,0,0.0,2026-07-01 00:45:00+00:00,577,90.0,2319,0,104,24.88,1336,0,14.82,0.0,0.0,,2026-07-01 00:00:00+00:00,2026-07-01,Nantes,18.0,71,2,False,False,,False,
11.22,0.0,0,2.67,02:45,12.89,Données temps réel,0,0,2026-07-01,217,Bretagne,53,56.96,0,0.0,2026-07-01 00:45:00+00:00,221,78.91,1684,0,45,13.12,1203,0,0.0,0.0,0.0,,2026-07-01 00:00:00+00:00,2026-07-01,Rennes,16.1,87,2,False,False,,False,
19.75,0.58,20,1.51,02:45,0.78,Données temps réel,0,5230,2026-07-01,27,Nouvelle-Aquitaine,75,14.99,8,0.0,2026-07-01 00:45:00+00:00,437,1.2,3453,0,52,12.66,-2321,0,3.66,0.0,151.46,78.88,2026-07-01 00:00:00+00:00,2026-07-01,Bordeaux,18.6,78,2,False,False,,False,
36.92,0.0,0,2.5,02:45,25.53,Données temps réel,0,0,2026-07-01,950,Occitanie,76,60.39,0,0.0,2026-07-01 00:45:00+00:00,672,17.75,3721,-35,93,18.06,2102,0,0.0,0.0,0.0,0.0,2026-07-01 00:00:00+00:00,2026-07-01,Toulouse,20.5,68,2,False,False,,False,
13.66,0.14,8,1.39,02:45,51.69,Données temps réel,0,5535,2026-07-01,3023,Auvergne-Rhône-Alpes,84,42.86,0,0.0,2026-07-01 00:45:00+00:00,109,26.4,5848,-1,81,1.86,-2905,0,0.83,0.0,94.65,40.79,2026-07-01 00:00:00+00:00,2026-07-01,Lyon,23.4,50,2,False,False,,False,
0.0,3.49,132,3.67,02:45,15.03,Données temps réel,0,0,2026-07-01,569,Provence-Alpes-Côte d'Azur,93,46.8,0,0.0,2026-07-01 00:45:00+00:00,0,17.64,3786,0,139,0.0,2946,0,5.02,0.0,0.0,,2026-07-01 00:00:00+00:00,2026-07-01,Marseille,25.3,71,2,False,False,,False,
27.34,0.0,0,3.16,03:00,0.32,Données temps réel,0,0,2026-07-01,16,Île-de-France,11,44.35,0,0.0,2026-07-01 01:00:00+00:00,38,84.21,4961,0,157,0.77,4751,0,0.0,0.0,0.0,,2026-07-01 01:00:00+00:00,2026-07-01,Paris,17.3,67,2,False,False,,False,
24.31,0.0,0,1.82,03:00,1.52,Données temps réel,0,9228,2026-07-01,25,Centre-Val de Loire,24,32.97,0,0.0,2026-07-01 01:00:00+00:00,439,27.17,1645,0,30,26.69,-8077,0,0.0,0.0,560.97,79.35,2026-07-01 01:00:00+00:00,2026-07-01,Orléans,18.9,67,2,False,False,,False,
7.13,0.0,0,1.69,03:00,0.17,Données temps réel,-3,0,2026-07-01,3,Bourgogne-Franche-Comté,27,37.04,0,0.0,2026-07-01 01:00:00+00:00,85,0.58,1780,0,30,4.78,1664,0,0.0,0.0,0.0,,2026-07-01 01:00:00+00:00,2026-07-01,Dijon,19.8,66,2,False,False,,False,
17.96,4.05,89,3.96,03:00,0.45,Données temps réel,0,8395,2026-07-01,10,Normandie,28,58.78,0,0.0,2026-07-01 01:00:00+00:00,299,34.48,2198,0,87,13.6,-6682,0,11.66,0.0,381.94,68.47,2026-07-01 01:00:00+00:00,2026-07-01,Rouen,13.6,90,2,False,False,,False,
11.68,9.91,409,2.4,03:00,0.12,Données temps réel,0,3529,2026-07-01,5,Hauts-de-France,32,50.51,6,0.0,2026-07-01 01:00:00+00:00,777,125.0,4128,0,99,18.82,-697,0,17.08,0.0,85.49,64.63,2026-07-01 01:00:00+00:00,2026-07-01,Lille,13.8,84,2,False,False,,False,
14.32,1.2,45,2.78,03:00,19.1,Données temps réel,-56,6861,2026-07-01,715,Grand Est,44,38.66,3,0.0,2026-07-01 01:00:00+00:00,747,31.03,3744,0,104,19.95,-4673,0,1.45,0.0,183.25,63.41,2026-07-01 01:00:00+00:00,2026-07-01,Strasbourg,20.1,93,2,False,False,,False,
24.31,7.95,178,4.64,03:00,0.4,Données temps réel,0,0,2026-07-01,9,Pays de la Loire,52,114.29,0,0.0,2026-07-01 01:00:00+00:00,594,90.0,2239,0,104,26.53,1353,0,9.0,0.0,0.0,,2026-07-01 01:00:00+00:00,2026-07-01,Nantes,17.4,74,2,False,False,,False,
9.65,0.0,0,2.74,03:00,13.09,Données temps réel,0,0,2026-07-01,215,Bretagne,53,56.96,0,0.0,2026-07-01 01:00:00+00:00,190,78.18,1642,0,45,11.57,1194,0,0.0,0.0,0.0,,2026-07-01 01:00:00+00:00,2026-07-01,Rennes,16.2,85,2,False,False,,False,
19.34,0.59,20,1.57,03:00,0.83,Données temps réel,0,5228,2026-07-01,28,Nouvelle-Aquitaine,75,15.27,8,0.0,2026-07-01 01:00:00+00:00,428,1.25,3383,0,53,12.65,-2382,0,3.66,0.0,154.54,78.85,2026-07-01 01:00:00+00:00,2026-07-01,Bordeaux,18.2,80,2,False,False,,False,
35.66,0.0,0,2.54,03:00,25.25,Données temps réel,-2,0,2026-07-01,925,Occitanie,76,60.39,0,0.0,2026-07-01 01:00:00+00:00,649,17.28,3663,-36,93,17.72,2095,0,0.0,0.0,0.0,0.0,2026-07-01 01:00:00+00:00,2026-07-01,Toulouse,19.7,72,2,False,False,,False,
13.03,0.16,9,1.41,03:00,47.29,Données temps réel,0,5532,2026-07-01,2723,Auvergne-Rhône-Alpes,84,42.86,0,0.0,2026-07-01 01:00:00+00:00,104,23.78,5758,0,81,1.81,-2691,0,0.94,0.0,96.08,40.77,2026-07-01 01:00:00+00:00,2026-07-01,Lyon,22.6,53,2,False,False,,False,
9.09,0.3,11,3.77,03:00,15.51,Données temps réel,0,0,2026-07-01,572,Provence-Alpes-Côte d'Azur,93,46.8,0,0.0,2026-07-01 01:00:00+00:00,11,17.73,3687,0,139,0.3,2956,0,0.42,0.0,0.0,,2026-07-01 01:00:00+00:00,2026-07-01,Marseille,25.2,69,2,False,False,,False,
39.57,0.0,0,3.19,03:15,0.32,Données temps réel,0,0,2026-07-01,16,Île-de-France,11,44.63,0,0.0,2026-07-01 01:15:00+00:00,55,84.21,4948,0,158,1.11,4720,0,0.0,0.0,0.0,,2026-07-01 01:00:00+00:00,2026-07-01,Paris,17.3,67,2,False,False,,False,
24.14,0.0,0,1.93,03:15,1.61,Données temps réel,0,9258,2026-07-01,25,Centre-Val de Loire,24,32.97,0,0.0,2026-07-01 01:15:00+00:00,436,27.17,1552,0,30,28.09,-8197,0,0.0,0.0,596.52,79.6,2026-07-01 01:00:00+00:00,2026-07-01,Orléans,18.9,67,2,False,False,,False,
7.38,0.0,0,1.71,03:15,0.17,Données temps réel,-1,0,2026-07-01,3,Bourgogne-Franche-Comté,27,37.04,0,0.0,2026-07-01 01:15:00+00:00,88,0.58,1753,0,30,5.02,1633,0,0.0,0.0,0.0,,2026-07-01 01:00:00+00:00,2026-07-01,Dijon,19.8,66,2,False,False,,False,
16.52,4.17,90,3.98,03:15,0.46,Données temps réel,0,8467,2026-07-01,10,Normandie,28,58.11,0,0.0,2026-07-01 01:15:00+00:00,275,34.48,2159,0,86,12.74,-6768,0,11.8,0.0,392.17,69.06,2026-07-01 01:00:00+00:00,2026-07-01,Rouen,13.6,90,2,False,False,,False,
11.98,8.12,337,2.39,03:15,0.12,Données temps réel,0,3525,2026-07-01,5,Hauts-de-France,32,50.51,16,0.0,2026-07-01 01:15:00+00:00,797,125.0,4148,0,99,19.21,-632,0,14.08,0.0,84.98,64.56,2026-07-01 01:00:00+00:00,2026-07-01,Lille,13.8,84,2,False,False,,False,
14.89,1.23,46,2.78,03:15,18.94,Données temps réel,-5,6905,2026-07-01,708,Grand Est,44,38.66,8,0.0,2026-07-01 01:15:00+00:00,777,30.73,3739,-24,104,20.78,-4779,0,1.49,0.0,184.68,63.82,2026-07-01 01:00:00+00:00,2026-07-01,Strasbourg,20.1,93,2,False,False,,False,
21.74,9.86,224,4.58,03:15,0.4,Données temps réel,0,0,2026-07-01,9,Pays de la Loire,52,114.29,1,0.0,2026-07-01 01:15:00+00:00,531,90.0,2271,0,104,23.38,1402,0,11.33,0.0,0.0,,2026-07-01 01:00:00+00:00,2026-07-01,Nantes,17.4,74,2,False,False,,False,
10.46,0.0,0,2.74,03:15,13.35,Données temps réel,0,0,2026-07-01,219,Bretagne,53,56.96,0,0.0,2026-07-01 01:15:00+00:00,206,79.64,1641,0,45,12.55,1174,0,0.0,0.0,0.0,,2026-07-01 01:00:00+00:00,2026-07-01,Rennes,16.2,85,2,False,False,,False,
19.11,0.61,20,1.51,03:15,0.82,Données temps réel,0,5179,2026-07-01,27,Nouvelle-Aquitaine,75,14.41,8,0.0,2026-07-01 01:15:00+00:00,423,1.2,3302,0,50,12.81,-2405,0,3.66,0.0,156.84,78.11,2026-07-01 01:00:00+00:00,2026-07-01,Bordeaux,18.2,80,2,False,False,,False,
34.67,0.0,0,2.63,03:15,26.09,Données temps réel,-1,0,2026-07-01,931,Occitanie,76,61.04,0,0.0,2026-07-01 01:15:00+00:00,631,17.39,3568,-36,94,17.68,2010,0,0.0,0.0,0.0,0.0,2026-07-01 01:00:00+00:00,2026-07-01,Toulouse,19.7,72,2,False,False,,False,
14.16,0.16,9,1.41,03:15,47.52,Données temps réel,0,5546,2026-07-01,2736,Auvergne-Rhône-Alpes,84,42.86,0,0.0,2026-07-01 01:15:00+00:00,113,23.89,5757,0,81,1.96,-2727,0,0.94,0.0,96.33,40.87,2026-07-01 01:00:00+00:00,2026-07-01,Lyon,22.6,53,2,False,False,,False,
13.22,0.3,11,3.78,03:15,16.29,Données temps réel,0,0,2026-07-01,599,Provence-Alpes-Côte d'Azur,93,46.8,0,0.0,2026-07-01 01:15:00+00:00,16,18.57,3678,0,139,0.44,2913,0,0.42,0.0,0.0,,2026-07-01 01:00:00+00:00,2026-07-01,Marseille,25.2,69,2,False,False,,False,
32.37,0.0,0,3.21,03:30,0.32,Données temps réel,0,0,2026-07-01,16,Île-de-France,11,44.92,0,0.0,2026-07-01 01:30:00+00:00,45,84.21,4948,0,159,0.91,4729,0,0.0,0.0,0.0,,2026-07-01 01:00:00+00:00,2026-07-01,Paris,17.3,67,2,False,False,,False,
24.75,0.0,0,1.9,03:30,1.58,Données temps réel,0,9267,2026-07-01,25,Centre-Val de Loire,24,32.97,0,0.0,2026-07-01 01:30:00+00:00,447,27.17,1579,0,30,28.31,-8190,0,0.0,0.0,586.89,79.68,2026-07-01 01:00:00+00:00,2026-07-01,Orléans,18.9,67,2,False,False,,False,
7.63,0.0,0,1.72,03:30,0.17,Données temps réel,0,0,2026-07-01,3,Bourgogne-Franche-Comté,27,37.04,1,0.0,2026-07-01 01:30:00+00:00,91,0.58,1744,0,30,5.22,1619,0,0.0,0.0,0.0,,2026-07-01 01:00:00+00:00,2026-07-01,Dijon,19.8,66,2,False,False,,False,
16.28,4.11,88,4.01,03:30,0.47,Données temps réel,0,8468,2026-07-01,10,Normandie,28,58.11,0,0.0,2026-07-01 01:30:00+00:00,271,34.48,2142,0,86,12.65,-6780,0,11.53,0.0,395.33,69.07,2026-07-01 01:00:00+00:00,2026-07-01,Rouen,13.6,90,2,False,False,,False,
12.6,3.95,162,2.41,03:30,0.12,Données temps réel,0,3532,2026-07-01,5,Hauts-de-France,32,50.51,5,0.0,2026-07-01 01:30:00+00:00,838,125.0,4100,0,99,20.44,-541,0,6.77,0.0,86.15,64.69,2026-07-01 01:00:00+00:00,2026-07-01,Lille,13.8,84,2,False,False,,False,
16.06,1.32,48,2.86,03:30,19.8,Données temps réel,0,6929,2026-07-01,720,Grand Est,44,38.66,9,0.0,2026-07-01 01:30:00+00:00,838,31.25,3637,-524,104,23.04,-4486,0,1.55,0.0,190.51,64.04,2026-07-01 01:00:00+00:00,2026-07-01,Strasbourg,20.1,93,2,False,False,,False,
20.14,0.0,0,4.69,03:30,0.41,Données temps réel,0,0,2026-07-01,9,Pays de la Loire,52,114.29,2,0.0,2026-07-01 01:30:00+00:00,492,90.0,2216,0,104,22.2,1619,0,0.0,0.0,0.0,,2026-07-01 01:00:00+00:00,2026-07-01,Nantes,17.4,74,2,False,False,,False,
12.75,0.0,0,2.81,03:30,13.12,Données temps réel,0,0,2026-07-01,210,Bretagne,53,56.96,0,0.0,2026-07-01 01:30:00+00:00,251,76.36,1601,0,45,15.68,1097,0,0.0,0.0,0.0,,2026-07-01 01:00:00+00:00,2026-07-01,Rennes,16.2,85,2,False,False,,False,
18.98,0.62,20,1.54,03:30,0.83,Données temps réel,0,5193,2026-07-01,27,Nouvelle-Aquitaine,75,14.41,8,0.0,2026-07-01 01:30:00+00:00,420,1.2,3247,0,50,12.94,-2471,0,3.66,0.0,159.93,78.33,2026-07-01 01:00:00+00:00,2026-07-01,Bordeaux,18.2,80,2,False,False,,False,
34.23,0.0,0,2.63,03:30,26.24,Données temps réel,0,0,2026-07-01,929,Occitanie,76,60.39,1,0.0,2026-07-01 01:30:00+00:00,623,17.35,3541,-35,93,17.59,1992,0,0.0,0.0,0.0,0.0,2026-07-01 01:00:00+00:00,2026-07-01,Toulouse,19.7,72,2,False,False,,False,
13.53,0.16,9,1.43,03:30,49.03,Données temps réel,0,5537,2026-07-01,2783,Auvergne-Rhône-Alpes,84,42.86,0,0.0,2026-07-01 01:30:00+00:00,108,24.3,5676,0,81,1.9,-2843,0,0.94,0.0,97.55,40.8,2026-07-01 01:00:00+00:00,2026-07-01,Lyon,22.6,53,2,False,False,,False,
13.22,0.3,11,3.85,03:30,16.57,Données temps réel,0,0,2026-07-01,603,Provence-Alpes-Côte d'Azur,93,47.14,0,0.0,2026-07-01 01:30:00+00:00,16,18.69,3640,0,140,0.44,2870,0,0.42,0.0,0.0,,2026-07-01 01:00:00+00:00,2026-07-01,Marseille,25.2,69,2,False,False,,False,
24.46,0.0,0,3.2,03:45,0.32,Données temps réel,0,0,2026-07-01,16,Île-de-France,11,44.92,0,0.0,2026-07-01 01:45:00+00:00,34,84.21,4975,0,159,0.68,4767,0,0.0,0.0,0.0,,2026-07-01 01:00:00+00:00,2026-07-01,Paris,17.3,67,2,False,False,,False,
24.53,0.0,0,1.88,03:45,1.57,Données temps réel,0,9283,2026-07-01,25,Centre-Val de Loire,24,32.97,0,0.0,2026-07-01 01:45:00+00:00,443,27.17,1593,0,30,27.81,-8188,0,0.0,0.0,582.74,79.82,2026-07-01 01:00:00+00:00,2026-07-01,Orléans,18.9,67,2,False,False,,False,
7.3,0.0,0,1.73,03:45,0.17,Données temps réel,-1,0,2026-07-01,3,Bourgogne-Franche-Comté,27,37.04,0,0.0,2026-07-01 01:45:00+00:00,87,0.58,1737,0,30,5.01,1618,0,0.0,0.0,0.0,,2026-07-01 01:00:00+00:00,2026-07-01,Dijon,19.8,66,2,False,False,,False,
16.22,4.18,89,4.08,03:45,0.47,Données temps réel,0,8470,2026-07-01,10,Normandie,28,58.78,0,0.0,2026-07-01 01:45:00+00:00,270,34.48,2131,0,87,12.67,-6794,0,11.66,0.0,397.47,69.09,2026-07-01 01:00:00+00:00,2026-07-01,Rouen,13.6,90,2,False,False,,False,
13.15,3.94,164,2.38,03:45,0.12,Données temps réel,-3,3531,2026-07-01,5,Hauts-de-France,32,50.51,0,0.0,2026-07-01 01:45:00+00:00,875,125.0,4166,0,99,21.0,-505,0,6.85,0.0,84.76,64.67,2026-07-01 01:00:00+00:00,2026-07-01,Lille,13.8,84,2,False,False,,False,
17.62,1.32,48,2.86,03:45,19.66,Données temps réel,-6,6875,2026-07-01,715,Grand Est,44,38.66,0,0.0,2026-07-01 01:45:00+00:00,919,31.03,3636,-524,104,25.28,-4495,0,1.55,0.0,189.08,63.54,2026-07-01 01:00:00+00:00,2026-07-01,Strasbourg,20.1,93,2,False,False,,False,
18.71,0.0,0,4.67,03:45,0.4,Données temps réel,-2,0,2026-07-01,9,Pays de la Loire,52,114.29,0,0.0,2026-07-01 01:45:00+00:00,457,90.0,2229,0,104,20.5,1671,0,0.0,0.0,0.0,,2026-07-01 01:00:00+00:00,2026-07-01,Nantes,17.4,74,2,False,False,,False,
12.29,0.0,0,2.76,03:45,12.0,Données temps réel,0,0,2026-07-01,196,Bretagne,53,56.96,0,0.0,2026-07-01 01:45:00+00:00,242,71.27,1633,0,45,14.82,1150,0,0.0,0.0,0.0,,2026-07-01 01:00:00+00:00,2026-07-01,Rennes,16.2,85,2,False,False,,False,
18.48,0.61,20,1.54,03:45,0.8,Données temps réel,0,5183,2026-07-01,26,Nouvelle-Aquitaine,75,14.41,8,0.0,2026-07-01 01:45:00+00:00,409,1.16,3254,0,50,12.57,-2443,0,3.66,0.0,159.28,78.17,2026-07-01 01:00:00+00:00,2026-07-01,Bordeaux,18.2,80,2,False,False,,False,
36.04,0.0,0,2.65,03:45,26.09,Données temps réel,-1,0,2026-07-01,924,Occitanie,76,61.04,0,0.0,2026-07-01 01:45:00+00:00,656,17.26,3542,-45,94,18.52,1975,0,0.0,0.0,0.0,0.0,2026-07-01 01:00:00+00:00,2026-07-01,Toulouse,19.7,72,2,False,False,,False,
14.41,0.18,10,1.44,03:45,45.55,Données temps réel,0,5547,2026-07-01,2559,Auvergne-Rhône-Alpes,84,42.86,0,0.0,2026-07-01 01:45:00+00:00,115,22.35,5618,0,81,2.05,-2693,0,1.04,0.0,98.74,40.88,2026-07-01 01:00:00+00:00,2026-07-01,Lyon,22.6,53,2,False,False,,False,
14.88,0.39,14,3.87,03:45,16.38,Données temps réel,0,0,2026-07-01,593,Provence-Alpes-Côte d'Azur,93,47.14,0,0.0,2026-07-01 01:45:00+00:00,18,18.38,3621,0,140,0.5,2857,0,0.53,0.0,0.0,,2026-07-01 01:00:00+00:00,2026-07-01,Marseille,25.2,69,2,False,False,,False,
33.09,0.0,0,3.19,04:00,0.32,Données temps réel,0,0,2026-07-01,16,Île-de-France,11,44.63,0,0.0,2026-07-01 02:00:00+00:00,46,84.21,4957,0,158,0.93,4738,0,0.0,0.0,0.0,,2026-07-01 02:00:00+00:00,2026-07-01,Paris,16.6,69,2,False,False,,False,
25.47,0.0,0,1.89,04:00,1.57,Données temps réel,0,9307,2026-07-01,25,Centre-Val de Loire,24,32.97,0,0.0,2026-07-01 02:00:00+00:00,460,27.17,1588,0,30,28.97,-8234,0,0.0,0.0,586.08,80.03,2026-07-01 02:00:00+00:00,2026-07-01,Orléans,18.0,67,2,False,False,,False,
6.96,0.0,0,1.74,04:00,0.17,Données temps réel,0,0,2026-07-01,3,Bourgogne-Franche-Comté,27,37.04,1,0.0,2026-07-01 02:00:00+00:00,83,0.58,1721,0,30,4.82,1603,0,0.0,0.0,0.0,,2026-07-01 02:00:00+00:00,2026-07-01,Dijon,19.1,69,2,False,False,,False,
14.47,4.18,89,4.09,04:00,0.47,Données temps réel,0,8487,2026-07-01,10,Normandie,28,58.78,0,0.0,2026-07-01 02:00:00+00:00,241,34.48,2127,0,87,11.33,-6787,0,11.66,0.0,399.01,69.23,2026-07-01 02:00:00+00:00,2026-07-01,Rouen,13.7,90,2,False,False,,False,
13.15,4.6,189,2.41,04:00,0.12,Données temps réel,0,3529,2026-07-01,5,Hauts-de-France,32,50.51,0,0.0,2026-07-01 02:00:00+00:00,875,125.0,4106,0,99,21.31,-592,0,7.89,0.0,85.95,64.63,2026-07-01 02:00:00+00:00,2026-07-01,Lille,13.4,86,2,False,False,,False,
20.45,1.42,51,2.9,04:00,20.06,Données temps réel,-1,6775,2026-07-01,720,Grand Est,44,38.66,6,0.0,2026-07-01 02:00:00+00:00,1067,31.25,3590,-523,104,29.72,-4609,0,1.65,0.0,188.72,62.62,2026-07-01 02:00:00+00:00,2026-07-01,Strasbourg,19.1,94,2,False,False,,False,
18.34,0.0,0,4.69,04:00,0.41,Données temps réel,0,0,2026-07-01,9,Pays de la Loire,52,114.29,0,0.0,2026-07-01 02:00:00+00:00,448,90.0,2219,0,104,20.19,1669,0,0.0,0.0,0.0,,2026-07-01 02:00:00+00:00,2026-07-01,Nantes,16.8,77,2,False,False,,False,
12.85,0.0,0,2.76,04:00,11.0,Données temps réel,0,0,2026-07-01,179,Bretagne,53,56.96,0,0.0,2026-07-01 02:00:00+00:00,253,65.09,1628,0,45,15.54,1151,0,0.0,0.0,0.0,,2026-07-01 02:00:00+00:00,2026-07-01,Rennes,15.8,86,2,False,False,,False,
18.21,0.62,20,1.55,04:00,0.77,Données temps réel,0,5189,2026-07-01,25,Nouvelle-Aquitaine,75,14.41,8,0.0,2026-07-01 02:00:00+00:00,403,1.12,3232,0,50,12.47,-2463,0,3.66,0.0,160.55,78.27,2026-07-01 02:00:00+00:00,2026-07-01,Bordeaux,18.0,81,2,False,False,,False,
37.31,0.0,0,2.7,04:00,26.43,Données temps réel,0,0,2026-07-01,920,Occitanie,76,61.04,1,0.0,2026-07-01 02:00:00+00:00,679,17.19,3481,-45,94,19.51,1894,0,0.0,0.0,0.0,0.0,2026-07-01 02:00:00+00:00,2026-07-01,Toulouse,19.2,75,2,False,False,,False,
15.29,0.18,10,1.44,04:00,43.88,Données temps réel,0,5538,2026-07-01,2475,Auvergne-Rhône-Alpes,84,42.86,0,0.0,2026-07-01 02:00:00+00:00,122,21.61,5641,0,81,2.16,-2585,0,1.04,0.0,98.17,40.81,2026-07-01 02:00:00+00:00,2026-07-01,Lyon,22.2,55,2,False,False,,False,
14.05,0.38,14,3.81,04:00,16.32,Données temps réel,0,0,2026-07-01,596,Provence-Alpes-Côte d'Azur,93,46.8,0,0.0,2026-07-01 02:00:00+00:00,17,18.47,3652,0,139,0.47,2885,0,0.53,0.0,0.0,,2026-07-01 02:00:00+00:00,2026-07-01,Marseille,25.2,67,2,False,False,,False,
35.25,0.0,0,3.21,04:15,0.32,Données temps réel,0,0,2026-07-01,16,Île-de-France,11,45.2,0,0.0,2026-07-01 02:15:00+00:00,49,84.21,4991,0,160,0.98,4767,0,0.0,0.0,0.0,,2026-07-01 02:00:00+00:00,2026-07-01,Paris,16.6,69,2,False,False,,False,
25.91,0.0,0,1.93,04:15,1.61,Données temps réel,0,9319,2026-07-01,25,Centre-Val de Loire,24,32.97,0,0.0,2026-07-01 02:15:00+00:00,468,27.17,1554,0,30,30.12,-8287,0,0.0,0.0,599.68,80.13,2026-07-01 02:00:00+00:00,2026-07-01,Orléans,18.0,67,2,False,False,,False,
8.81,0.0,0,1.7,04:15,0.17,Données temps réel,0,0,2026-07-01,3,Bourgogne-Franche-Comté,27,37.04,0,0.0,2026-07-01 02:15:00+00:00,105,0.58,1768,0,30,5.94,1629,0,0.0,0.0,0.0,,2026-07-01 02:00:00+00:00,2026-07-01,Dijon,19.1,69,2,False,False,,False,
15.98,4.13,88,4.04,04:15,0.47,Données temps réel,0,8466,2026-07-01,10,Normandie,28,58.11,0,0.0,2026-07-01 02:15:00+00:00,266,34.48,2130,0,86,12.49,-6786,0,11.53,0.0,397.46,69.05,2026-07-01 02:00:00+00:00,2026-07-01,Rouen,13.7,90,2,False,False,,False,
13.48,4.47,184,2.41,04:15,0.12,Données temps réel,-7,3529,2026-07-01,5,Hauts-de-France,32,50.51,0,0.0,2026-07-01 02:15:00+00:00,897,125.0,4115,0,99,21.8,-593,0,7.69,0.0,85.76,64.63,2026-07-01 02:00:00+00:00,2026-07-01,Lille,13.4,86,2,False,False,,False,
24.23,1.35,50,2.81,04:15,19.32,Données temps réel,-1,6789,2026-07-01,715,Grand Est,44,38.66,2,0.0,2026-07-01 02:15:00+00:00,1264,31.03,3701,-522,104,34.15,-4699,0,1.62,0.0,183.44,62.74,2026-07-01 02:00:00+00:00,2026-07-01,Strasbourg,19.1,94,2,False,False,,False,
16.58,0.0,0,4.62,04:15,0.4,Données temps réel,0,0,2026-07-01,9,Pays de la Loire,52,114.29,0,0.0,2026-07-01 02:15:00+00:00,405,90.0,2252,0,104,17.98,1744,0,0.0,0.0,0.0,,2026-07-01 02:00:00+00:00,2026-07-01,Nantes,16.8,77,2,False,False,,False,
12.95,0.0,0,2.73,04:15,9.6,Données temps réel,0,0,2026-07-01,158,Bretagne,53,56.96,0,0.0,2026-07-01 02:15:00+00:00,255,57.45,1646,0,45,15.49,1189,0,0.0,0.0,0.0,,2026-07-01 02:00:00+00:00,2026-07-01,Rennes,15.8,86,2,False,False,,False,
17.71,0.62,20,1.58,04:15,0.77,Données temps réel,0,5198,2026-07-01,25,Nouvelle-Aquitaine,75,14.7,8,0.0,2026-07-01 02:15:00+00:00,392,1.12,3230,0,51,12.14,-2464,0,3.66,0.0,160.93,78.4,2026-07-01 02:00:00+00:00,2026-07-01,Bordeaux,18.0,81,2,False,False,,False,
39.01,0.0,0,2.65,04:15,26.74,Données temps réel,0,0,2026-07-01,940,Occitanie,76,60.39,0,0.0,2026-07-01 02:15:00+00:00,710,17.56,3515,-45,93,20.2,1880,0,0.0,0.0,0.0,0.0,2026-07-01 02:00:00+00:00,2026-07-01,Toulouse,19.2,75,2,False,False,,False,
14.41,0.18,10,1.44,04:15,47.02,Données temps réel,0,5542,2026-07-01,2647,Auvergne-Rhône-Alpes,84,42.86,0,0.0,2026-07-01 02:15:00+00:00,115,23.11,5630,-1,81,2.04,-2763,0,1.04,0.0,98.44,40.84,2026-07-01 02:00:00+00:00,2026-07-01,Lyon,22.2,55,2,False,False,,False,
13.22,0.39,14,3.8,04:15,16.69,Données temps réel,0,0,2026-07-01,606,Provence-Alpes-Côte d'Azur,93,46.46,0,0.0,2026-07-01 02:15:00+00:00,16,18.78,3632,0,138,0.44,2858,0,0.53,0.0,0.0,,2026-07-01 02:00:00+00:00,2026-07-01,Marseille,25.2,67,2,False,False,,False,
37.41,0.0,0,3.2,04:30,0.32,Données temps réel,0,0,2026-07-01,16,Île-de-France,11,44.63,0,0.0,2026-07-01 02:30:00+00:00,52,84.21,4932,0,158,1.05,4706,0,0.0,0.0,0.0,,2026-07-01 02:00:00+00:00,2026-07-01,Paris,16.6,69,2,False,False,,False,
26.63,0.0,0,1.92,04:30,1.6,Données temps réel,0,9322,2026-07-01,25,Centre-Val de Loire,24,32.97,0,0.0,2026-07-01 02:30:00+00:00,481,27.17,1563,0,30,30.77,-8295,0,0.0,0.0,596.42,80.15,2026-07-01 02:00:00+00:00,2026-07-01,Orléans,18.0,67,2,False,False,,False,
10.91,0.0,0,1.73,04:30,0.17,Données temps réel,0,0,2026-07-01,3,Bourgogne-Franche-Comté,27,37.04,0,0.0,2026-07-01 02:30:00+00:00,130,0.58,1736,0,30,7.49,1574,0,0.0,0.0,0.0,,2026-07-01 02:00:00+00:00,2026-07-01,Dijon,19.1,69,2,False,False,,False,
15.92,4.17,88,4.08,04:30,0.47,Données temps réel,0,8471,2026-07-01,10,Normandie,28,58.11,0,0.0,2026-07-01 02:30:00+00:00,265,34.48,2110,0,86,12.56,-6810,0,11.53,0.0,401.47,69.09,2026-07-01 02:00:00+00:00,2026-07-01,Rouen,13.7,90,2,False,False,,False,
14.27,4.79,192,2.47,04:30,0.12,Données temps réel,-7,3531,2026-07-01,5,Hauts-de-France,32,50.51,0,0.0,2026-07-01 02:30:00+00:00,949,125.0,4009,0,99,23.67,-761,0,8.02,0.0,88.08,64.67,2026-07-01 02:00:00+00:00,2026-07-01,Lille,13.4,86,2,False,False,,False,
19.55,1.19,44,2.81,04:30,19.34,Données temps réel,-1,6670,2026-07-01,716,Grand Est,44,38.66,32,0.0,2026-07-01 02:30:00+00:00,1020,31.08,3702,-522,104,27.55,-4363,0,1.42,0.0,180.17,61.65,2026-07-01 02:00:00+00:00,2026-07-01,Strasbourg,19.1,94,2,False,False,,False,
14.98,0.0,0,4.63,04:30,0.4,Données temps réel,0,0,2026-07-01,9,Pays de la Loire,52,114.29,1,0.0,2026-07-01 02:30:00+00:00,366,90.0,2247,0,104,16.29,1779,0,0.0,0.0,0.0,,2026-07-01 02:00:00+00:00,2026-07-01,Nantes,16.8,77,2,False,False,,False,
11.58,0.0,0,2.75,04:30,7.88,Données temps réel,0,0,2026-07-01,129,Bretagne,53,56.96,0,0.0,2026-07-01 02:30:00+00:00,228,46.91,1637,0,45,13.93,1235,0,0.0,0.0,0.0,,2026-07-01 02:00:00+00:00,2026-07-01,Rennes,15.8,86,2,False,False,,False,
17.08,0.63,20,1.64,04:30,0.82,Données temps réel,0,5194,2026-07-01,26,Nouvelle-Aquitaine,75,14.99,8,0.0,2026-07-01 02:30:00+00:00,378,1.16,3162,0,52,11.95,-2516,0,3.66,0.0,164.26,78.34,2026-07-01 02:00:00+00:00,2026-07-01,Bordeaux,18.0,81,2,False,False,,False,
38.57,0.0,0,2.72,04:30,21.45,Données temps réel,0,0,2026-07-01,742,Occitanie,76,61.04,0,0.0,2026-07-01 02:30:00+00:00,702,13.86,3459,-45,94,20.29,2027,0,0.0,0.0,0.0,0.0,2026-07-01 02:00:00+00:00,2026-07-01,Toulouse,19.2,75,2,False,False,,False,
13.91,0.18,10,1.43,04:30,46.77,Données temps réel,0,5549,2026-07-01,2650,Auvergne-Rhône-Alpes,84,42.86,0,0.0,2026-07-01 02:30:00+00:00,111,23.14,5666,-1,81,1.96,-2733,0,1.04,0.0,97.94,40.89,2026-07-01 02:00:00+00:00,2026-07-01,Lyon,22.2,55,2,False,False,,False,
14.05,0.39,14,3.92,04:30,17.76,Données temps réel,0,0,2026-07-01,635,Provence-Alpes-Côte d'Azur,93,47.14,0,0.0,2026-07-01 02:30:00+00:00,17,19.68,3575,0,140,0.48,2769,0,0.53,0.0,0.0,,2026-07-01 02:00:00+00:00,2026-07-01,Marseille,25.2,67,2,False,False,,False,
42.45,0.0,0,3.15,04:45,0.33,Données temps réel,0,0,2026-07-01,16,Île-de-France,11,43.79,0,0.0,2026-07-01 02:45:00+00:00,59,84.21,4914,0,155,1.2,4685,0,0.0,0.0,0.0,,2026-07-01 02:00:00+00:00,2026-07-01,Paris,16.6,69,2,False,False,,False,
26.25,0.0,0,1.93,04:45,1.61,Données temps réel,0,9353,2026-07-01,25,Centre-Val de Loire,24,32.97,0,0.0,2026-07-01 02:45:00+00:00,474,27.17,1556,0,30,30.46,-8326,0,0.0,0.0,601.09,80.42,2026-07-01 02:00:00+00:00,2026-07-01,Orléans,18.0,67,2,False,False,,False,
14.09,0.0,0,1.75,04:45,0.18,Données temps réel,0,0,2026-07-01,3,Bourgogne-Franche-Comté,27,37.04,0,0.0,2026-07-01 02:45:00+00:00,168,0.58,1714,0,30,9.8,1513,0,0.0,0.0,0.0,,2026-07-01 02:00:00+00:00,2026-07-01,Dijon,19.1,69,2,False,False,,False,
15.02,4.25,89,4.06,04:45,0.48,Données temps réel,0,8471,2026-07-01,10,Normandie,28,57.43,0,0.0,2026-07-01 02:45:00+00:00,250,34.48,2094,0,85,11.94,-6810,0,11.66,0.0,404.54,69.09,2026-07-01 02:00:00+00:00,2026-07-01,Rouen,13.7,90,2,False,False,,False,
14.73,5.03,205,2.45,04:45,0.12,Données temps réel,-6,3530,2026-07-01,5,Hauts-de-France,32,51.02,0,0.0,2026-07-01 02:45:00+00:00,980,125.0,4074,0,100,24.05,-739,0,8.56,0.0,86.65,64.65,2026-07-01 02:00:00+00:00,2026-07-01,Lille,13.4,86,2,False,False,,False,
19.49,1.21,45,2.79,04:45,19.47,Données temps réel,-1,6626,2026-07-01,727,Grand Est,44,38.66,2,0.0,2026-07-01 02:45:00+00:00,1017,31.55,3734,-521,104,27.24,-4264,0,1.45,0.0,177.45,61.24,2026-07-01 02:00:00+00:00,2026-07-01,Strasbourg,19.1,94,2,False,False,,False,
15.23,0.0,0,4.65,04:45,0.4,Données temps réel,-8,0,2026-07-01,9,Pays de la Loire,52,114.29,1,0.0,2026-07-01 02:45:00+00:00,372,90.0,2238,0,104,16.62,1769,0,0.0,0.0,0.0,,2026-07-01 02:00:00+00:00,2026-07-01,Nantes,16.8,77,2,False,False,,False,
7.72,0.0,0,2.75,04:45,6.24,Données temps réel,0,0,2026-07-01,102,Bretagne,53,56.96,0,0.0,2026-07-01 02:45:00+00:00,152,37.09,1634,0,45,9.3,1335,0,0.0,0.0,0.0,,2026-07-01 02:00:00+00:00,2026-07-01,Rennes,15.8,86,2,False,False,,False,
16.36,0.62,20,1.58,04:45,0.78,Données temps réel,0,5183,2026-07-01,25,Nouvelle-Aquitaine,75,14.7,8,0.0,2026-07-01 02:45:00+00:00,362,1.12,3222,0,51,11.24,-2427,0,3.66,0.0,160.86,78.17,2026-07-01 02:00:00+00:00,2026-07-01,Bordeaux,18.0,81,2,False,False,,False,
40.22,0.0,0,2.66,04:45,21.49,Données temps réel,0,0,2026-07-01,752,Occitanie,76,60.39,0,0.0,2026-07-01 02:45:00+00:00,732,14.05,3500,-45,93,20.91,2029,0,0.0,0.0,0.0,0.0,2026-07-01 02:00:00+00:00,2026-07-01,Toulouse,19.2,75,2,False,False,,False,
14.04,0.18,10,1.42,04:45,47.21,Données temps réel,0,5548,2026-07-01,2654,Auvergne-Rhône-Alpes,84,42.33,0,0.0,2026-07-01 02:45:00+00:00,112,23.17,5622,-1,80,1.99,-2782,0,1.04,0.0,98.68,40.88,2026-07-01 02:00:00+00:00,2026-07-01,Lyon,22.2,55,2,False,False,,False,
12.4,0.39,14,3.9,04:45,19.0,Données temps réel,0,0,2026-07-01,682,Provence-Alpes-Côte d'Azur,93,47.14,0,0.0,2026-07-01 02:45:00+00:00,15,21.14,3589,0,140,0.42,2739,0,0.53,0.0,0.0,,2026-07-01 02:00:00+00:00,2026-07-01,Marseille,25.2,67,2,False,False,,False,
43.17,0.0,0,3.19,05:00,0.32,Données temps réel,0,0,2026-07-01,16,Île-de-France,11,44.63,0,0.0,2026-07-01 03:00:00+00:00,60,84.21,4949,0,158,1.21,4716,0,0.0,0.0,0.0,,2026-07-01 03:00:00+00:00,2026-07-01,Paris,16.0,71,2,False,False,,False,
25.14,0.0,0,1.93,05:00,1.61,Données temps réel,0,9354,2026-07-01,25,Centre-Val de Loire,24,32.97,0,0.0,2026-07-01 03:00:00+00:00,454,27.17,1555,0,30,29.2,-8308,0,0.0,0.0,601.54,80.43,2026-07-01 03:00:00+00:00,2026-07-01,Orléans,17.3,67,2,False,False,,False,
13.59,0.0,0,1.7,05:00,0.17,Données temps réel,0,0,2026-07-01,3,Bourgogne-Franche-Comté,27,37.04,0,0.0,2026-07-01 03:00:00+00:00,162,0.58,1763,0,30,9.19,1568,0,0.0,0.0,0.0,,2026-07-01 03:00:00+00:00,2026-07-01,Dijon,18.3,75,2,False,False,,False,
12.37,4.27,89,4.08,05:00,0.48,Données temps réel,0,8470,2026-07-01,10,Normandie,28,57.43,0,0.0,2026-07-01 03:00:00+00:00,206,34.48,2083,0,85,9.89,-6777,0,11.66,0.0,406.63,69.09,2026-07-01 03:00:00+00:00,2026-07-01,Rouen,13.6,92,2,False,False,,False,
15.6,5.02,204,2.41,05:00,0.12,Données temps réel,-6,3528,2026-07-01,5,Hauts-de-France,32,50.0,0,0.0,2026-07-01 03:00:00+00:00,1038,125.0,4063,0,98,25.55,-804,0,8.52,0.0,86.83,64.62,2026-07-01 03:00:00+00:00,2026-07-01,Lille,13.3,88,2,False,False,,False,
16.25,2.87,110,2.71,05:00,19.1,Données temps réel,-1,6583,2026-07-01,732,Grand Est,44,38.66,2,0.0,2026-07-01 03:00:00+00:00,848,31.77,3833,-341,104,22.12,-4203,0,3.56,0.0,171.75,60.84,2026-07-01 03:00:00+00:00,2026-07-01,Strasbourg,18.4,94,2,False,False,,False,
14.33,0.0,0,4.61,05:00,0.4,Données temps réel,-16,0,2026-07-01,9,Pays de la Loire,52,114.29,0,0.0,2026-07-01 03:00:00+00:00,350,90.0,2258,0,104,15.5,1821,0,0.0,0.0,0.0,,2026-07-01 03:00:00+00:00,2026-07-01,Nantes,16.4,81,2,False,False,,False,
6.55,0.0,0,2.73,05:00,4.42,Données temps réel,0,0,2026-07-01,73,Bretagne,53,56.96,0,0.0,2026-07-01 03:00:00+00:00,129,26.55,1651,0,45,7.81,1404,0,0.0,0.0,0.0,,2026-07-01 03:00:00+00:00,2026-07-01,Rennes,15.0,91,2,False,False,,False,
16.72,0.62,20,1.57,05:00,0.77,Données temps réel,0,5183,2026-07-01,25,Nouvelle-Aquitaine,75,14.7,8,0.0,2026-07-01 03:00:00+00:00,370,1.12,3248,0,51,11.39,-2408,0,3.66,0.0,159.58,78.17,2026-07-01 03:00:00+00:00,2026-07-01,Bordeaux,17.9,82,2,False,False,,False,
39.56,0.0,0,2.65,05:00,22.34,Données temps réel,0,0,2026-07-01,783,Occitanie,76,60.39,0,0.0,2026-07-01 03:00:00+00:00,720,14.63,3505,-45,93,20.54,2017,0,0.0,0.0,0.0,0.0,2026-07-01 03:00:00+00:00,2026-07-01,Toulouse,18.8,77,2,False,False,,False,
14.79,0.18,10,1.42,05:00,48.5,Données temps réel,0,5554,2026-07-01,2726,Auvergne-Rhône-Alpes,84,42.33,1,0.0,2026-07-01 03:00:00+00:00,118,23.8,5621,-1,80,2.1,-2867,0,1.04,0.0,98.81,40.93,2026-07-01 03:00:00+00:00,2026-07-01,Lyon,22.7,51,2,False,False,,False,
11.57,0.39,14,3.94,05:00,19.14,Données temps réel,0,0,2026-07-01,680,Provence-Alpes-Côte d'Azur,93,47.14,0,0.0,2026-07-01 03:00:00+00:00,14,21.08,3553,0,140,0.39,2705,0,0.53,0.0,0.0,,2026-07-01 03:00:00+00:00,2026-07-01,Marseille,25.9,66,2,False,False,,False,
35.97,0.0,0,3.1,05:15,0.32,Données temps réel,0,0,2026-07-01,16,Île-de-France,11,44.35,0,0.0,2026-07-01 03:15:00+00:00,50,84.21,5064,0,157,0.99,4842,0,0.0,0.0,0.0,,2026-07-01 03:00:00+00:00,2026-07-01,Paris,16.0,71,2,False,False,,False,
22.43,0.0,0,1.86,05:15,1.55,Données temps réel,0,9381,2026-07-01,25,Centre-Val de Loire,24,32.97,0,0.0,2026-07-01 03:15:00+00:00,405,27.17,1611,0,30,25.14,-8230,0,0.0,0.0,582.31,80.66,2026-07-01 03:00:00+00:00,2026-07-01,Orléans,17.3,67,2,False,False,,False,
13.93,0.0,0,1.66,05:15,0.17,Données temps réel,0,0,2026-07-01,3,Bourgogne-Franche-Comté,27,37.04,3,0.0,2026-07-01 03:15:00+00:00,166,0.58,1811,0,30,9.17,1610,0,0.0,0.0,0.0,,2026-07-01 03:00:00+00:00,2026-07-01,Dijon,18.3,75,2,False,False,,False,
12.37,4.19,89,4.05,05:15,0.47,Données temps réel,0,8475,2026-07-01,10,Normandie,28,58.11,0,0.0,2026-07-01 03:15:00+00:00,206,34.48,2125,0,86,9.69,-6741,0,11.66,0.0,398.82,69.13,2026-07-01 03:00:00+00:00,2026-07-01,Rouen,13.6,92,2,False,False,,False,
16.22,4.84,198,2.45,05:15,0.12,Données temps réel,-3,3529,2026-07-01,5,Hauts-de-France,32,51.02,0,0.0,2026-07-01 03:15:00+00:00,1079,125.0,4089,0,100,26.39,-818,0,8.27,0.0,86.3,64.63,2026-07-01 03:00:00+00:00,2026-07-01,Lille,13.3,88,2,False,False,,False,
13.09,3.19,120,2.77,05:15,19.87,Données temps réel,-1,6564,2026-07-01,747,Grand Est,44,38.66,5,0.0,2026-07-01 03:15:00+00:00,683,32.42,3759,-342,104,18.17,-4121,0,3.88,0.0,174.62,60.67,2026-07-01 03:00:00+00:00,2026-07-01,Strasbourg,18.4,94,2,False,False,,False,
13.59,0.0,0,4.5,05:15,0.39,Données temps réel,0,0,2026-07-01,9,Pays de la Loire,52,114.29,3,0.0,2026-07-01 03:15:00+00:00,332,90.0,2309,0,104,14.38,1869,0,0.0,0.0,0.0,,2026-07-01 03:00:00+00:00,2026-07-01,Nantes,16.4,81,2,False,False,,False,
7.11,0.0,0,2.68,05:15,2.74,Données temps réel,0,0,2026-07-01,46,Bretagne,53,56.96,0,0.0,2026-07-01 03:15:00+00:00,140,16.73,1680,0,45,8.33,1450,0,0.0,0.0,0.0,,2026-07-01 03:00:00+00:00,2026-07-01,Rennes,15.0,91,2,False,False,,False,
16.4,0.59,20,1.52,05:15,0.74,Données temps réel,0,5194,2026-07-01,25,Nouvelle-Aquitaine,75,14.7,8,0.0,2026-07-01 03:15:00+00:00,363,1.12,3366,0,51,10.78,-2295,0,3.66,0.0,154.31,78.34,2026-07-01 03:00:00+00:00,2026-07-01,Bordeaux,17.9,82,2,False,False,,False,
38.52,0.0,0,2.62,05:15,21.59,Données temps réel,0,0,2026-07-01,767,Occitanie,76,60.39,3,0.0,2026-07-01 03:15:00+00:00,701,14.33,3552,-10,93,19.74,2059,0,0.0,0.0,0.0,0.0,2026-07-01 03:00:00+00:00,2026-07-01,Toulouse,18.8,77,2,False,False,,False,
13.78,0.17,10,1.4,05:15,47.69,Données temps réel,0,5553,2026-07-01,2730,Auvergne-Rhône-Alpes,84,42.33,1,0.0,2026-07-01 03:15:00+00:00,110,23.84,5724,0,80,1.92,-2760,0,1.04,0.0,97.01,40.92,2026-07-01 03:00:00+00:00,2026-07-01,Lyon,22.7,51,2,False,False,,False,
14.88,0.45,16,3.85,05:15,19.08,Données temps réel,0,0,2026-07-01,684,Provence-Alpes-Côte d'Azur,93,46.46,0,0.0,2026-07-01 03:15:00+00:00,18,21.2,3584,0,138,0.5,2728,0,0.61,0.0,0.0,,2026-07-01 03:00:00+00:00,2026-07-01,Marseille,25.9,66,2,False,False,,False,
37.41,0.0,0,3.04,05:30,0.31,Données temps réel,0,0,2026-07-01,16,Île-de-France,11,43.79,0,0.0,2026-07-01 03:30:00+00:00,52,84.21,5098,0,155,1.02,4876,0,0.0,0.0,0.0,,2026-07-01 03:00:00+00:00,2026-07-01,Paris,16.0,71,2,False,False,,False,
22.2,0.0,0,1.85,05:30,1.54,Données temps réel,0,9402,2026-07-01,25,Centre-Val de Loire,24,32.97,0,0.0,2026-07-01 03:30:00+00:00,401,27.17,1624,0,30,24.69,-8234,0,0.0,0.0,578.94,80.84,2026-07-01 03:00:00+00:00,2026-07-01,Orléans,17.3,67,2,False,False,,False,
12.5,0.0,0,1.69,05:30,0.17,Données temps réel,0,0,2026-07-01,3,Bourgogne-Franche-Comté,27,37.04,1,0.0,2026-07-01 03:30:00+00:00,149,0.58,1780,0,30,8.37,1597,0,0.0,0.0,0.0,,2026-07-01 03:00:00+00:00,2026-07-01,Dijon,18.3,75,2,False,False,,False,
12.85,4.08,89,3.89,05:30,0.46,Données temps réel,0,8481,2026-07-01,10,Normandie,28,57.43,0,0.0,2026-07-01 03:30:00+00:00,214,34.48,2183,0,85,9.8,-6696,0,11.66,0.0,388.5,69.18,2026-07-01 03:00:00+00:00,2026-07-01,Rouen,13.6,92,2,False,False,,False,
16.69,4.85,201,2.41,05:30,0.12,Données temps réel,-6,3526,2026-07-01,5,Hauts-de-France,32,51.02,0,0.0,2026-07-01 03:30:00+00:00,1110,125.0,4141,0,100,26.81,-796,0,8.4,0.0,85.15,64.58,2026-07-01 03:00:00+00:00,2026-07-01,Lille,13.3,88,2,False,False,,False,
11.81,6.14,232,2.75,05:30,20.15,Données temps réel,-1,6569,2026-07-01,761,Grand Est,44,38.66,5,0.0,2026-07-01 03:30:00+00:00,616,33.03,3776,-341,104,16.31,-4170,0,7.5,0.0,173.97,60.71,2026-07-01 03:00:00+00:00,2026-07-01,Strasbourg,18.4,94,2,False,False,,False,
12.24,0.0,0,4.48,05:30,0.39,Données temps réel,0,0,2026-07-01,9,Pays de la Loire,52,114.29,0,0.0,2026-07-01 03:30:00+00:00,299,90.0,2323,0,104,12.87,1922,0,0.0,0.0,0.0,,2026-07-01 03:00:00+00:00,2026-07-01,Nantes,16.4,81,2,False,False,,False,
7.77,0.0,0,2.65,05:30,1.0,Données temps réel,0,0,2026-07-01,17,Bretagne,53,56.96,0,0.0,2026-07-01 03:30:00+00:00,153,6.18,1697,0,45,9.02,1484,0,0.0,0.0,0.0,,2026-07-01 03:00:00+00:00,2026-07-01,Rennes,15.0,91,2,False,False,,False,
16.45,0.6,20,1.54,05:30,0.75,Données temps réel,0,5186,2026-07-01,25,Nouvelle-Aquitaine,75,14.7,8,0.0,2026-07-01 03:30:00+00:00,364,1.12,3322,0,51,10.96,-2331,0,3.66,0.0,156.11,78.22,2026-07-01 03:00:00+00:00,2026-07-01,Bordeaux,17.9,82,2,False,False,,False,
40.0,0.0,0,2.65,05:30,21.68,Données temps réel,0,0,2026-07-01,768,Occitanie,76,61.04,1,0.0,2026-07-01 03:30:00+00:00,728,14.35,3542,-10,94,20.55,2023,0,0.0,0.0,0.0,0.0,2026-07-01 03:00:00+00:00,2026-07-01,Toulouse,18.8,77,2,False,False,,False,
14.04,0.17,10,1.39,05:30,45.72,Données temps réel,0,5557,2026-07-01,2636,Auvergne-Rhône-Alpes,84,42.33,0,0.0,2026-07-01 03:30:00+00:00,112,23.02,5766,-1,80,1.94,-2628,0,1.04,0.0,96.38,40.95,2026-07-01 03:00:00+00:00,2026-07-01,Lyon,22.7,51,2,False,False,,False,
17.36,0.45,16,3.84,05:30,18.92,Données temps réel,0,0,2026-07-01,680,Provence-Alpes-Côte d'Azur,93,46.46,0,0.0,2026-07-01 03:30:00+00:00,21,21.08,3595,0,138,0.58,2740,0,0.61,0.0,0.0,,2026-07-01 03:00:00+00:00,2026-07-01,Marseille,25.9,66,2,False,False,,False,
33.81,0.0,0,3.13,05:45,0.31,Données temps réel,0,0,2026-07-01,16,Île-de-France,11,45.2,0,0.06,2026-07-01 03:45:00+00:00,47,84.21,5114,0,160,0.92,4889,3,0.0,0.53,0.0,,2026-07-01 03:00:00+00:00,2026-07-01,Paris,16.0,71,2,False,False,,False,
21.54,0.0,0,1.86,05:45,1.55,Données temps réel,0,9417,2026-07-01,25,Centre-Val de Loire,24,32.97,0,0.99,2026-07-01 03:45:00+00:00,389,27.17,1612,0,30,24.13,-8266,16,0.0,0.77,584.18,80.97,2026-07-01 03:00:00+00:00,2026-07-01,Orléans,17.3,67,2,False,False,,False,
11.49,0.0,0,1.58,05:45,0.16,Données temps réel,0,0,2026-07-01,3,Bourgogne-Franche-Comté,27,37.04,1,0.32,2026-07-01 03:45:00+00:00,137,0.58,1895,0,30,7.23,1718,6,0.0,0.35,0.0,,2026-07-01 03:00:00+00:00,2026-07-01,Dijon,18.3,75,2,False,False,,False,
13.45,4.1,89,3.96,05:45,0.46,Données temps réel,0,8465,2026-07-01,10,Normandie,28,58.11,0,0.18,2026-07-01 03:45:00+00:00,224,34.48,2169,0,86,10.33,-6709,4,11.66,0.6,390.27,69.05,2026-07-01 03:00:00+00:00,2026-07-01,Rouen,13.6,92,2,False,False,,False,
17.23,4.41,186,2.32,05:45,0.12,Données temps réel,-3,3521,2026-07-01,5,Hauts-de-France,32,50.0,0,0.31,2026-07-01 03:45:00+00:00,1146,125.0,4222,0,98,27.14,-745,13,7.77,1.19,83.4,64.49,2026-07-01 03:00:00+00:00,2026-07-01,Lille,13.3,88,2,False,False,,False,
13.46,6.36,232,2.85,05:45,21.55,Données temps réel,-1,6577,2026-07-01,786,Grand Est,44,38.66,5,0.55,2026-07-01 03:45:00+00:00,702,34.11,3647,-341,104,19.25,-4436,20,7.5,0.74,180.34,60.79,2026-07-01 03:00:00+00:00,2026-07-01,Strasbourg,18.4,94,2,False,False,,False,
10.27,0.0,0,4.38,05:45,0.38,Données temps réel,0,0,2026-07-01,9,Pays de la Loire,52,114.29,0,0.17,2026-07-01 03:45:00+00:00,251,90.0,2374,0,104,10.57,2018,4,0.0,0.17,0.0,,2026-07-01 03:00:00+00:00,2026-07-01,Nantes,16.4,81,2,False,False,,False,
8.74,0.0,0,2.61,05:45,0.0,Données temps réel,0,0,2026-07-01,0,Bretagne,53,56.96,0,0.0,2026-07-01 03:45:00+00:00,172,0.0,1721,0,45,9.99,1504,0,0.0,0.0,0.0,,2026-07-01 03:00:00+00:00,2026-07-01,Rennes,15.0,91,2,False,False,,False,
16.81,0.58,20,1.48,05:45,0.78,Données temps réel,0,5194,2026-07-01,27,Nouvelle-Aquitaine,75,14.7,8,1.34,2026-07-01 03:45:00+00:00,372,1.2,3442,0,51,10.81,-2275,46,3.66,0.66,150.9,78.34,2026-07-01 03:00:00+00:00,2026-07-01,Bordeaux,17.9,82,2,False,False,,False,
40.49,0.0,0,2.54,05:45,21.05,Données temps réel,0,0,2026-07-01,772,Occitanie,76,60.39,1,1.75,2026-07-01 03:45:00+00:00,737,14.42,3667,-10,93,20.1,2071,64,0.0,1.2,0.0,0.0,2026-07-01 03:00:00+00:00,2026-07-01,Toulouse,18.8,77,2,False,False,,False,
15.91,0.17,10,1.4,05:45,49.42,Données temps réel,0,5554,2026-07-01,2865,Auvergne-Rhône-Alpes,84,42.86,0,0.19,2026-07-01 03:45:00+00:00,127,25.02,5797,0,81,2.19,-2851,11,1.04,0.27,95.81,40.93,2026-07-01 03:00:00+00:00,2026-07-01,Lyon,22.7,51,2,False,False,,False,
31.4,0.44,16,3.85,05:45,19.18,Données temps réel,0,0,2026-07-01,693,Provence-Alpes-Côte d'Azur,93,46.8,0,0.89,2026-07-01 03:45:00+00:00,38,21.48,3614,0,139,1.05,2697,32,0.61,1.1,0.0,,2026-07-01 03:00:00+00:00,2026-07-01,Marseille,25.9,66,2,False,False,,False,
32.37,0.0,0,3.04,06:00,0.3,Données temps réel,0,0,2026-07-01,16,Île-de-France,11,45.2,0,0.09,2026-07-01 04:00:00+00:00,45,84.21,5264,0,160,0.85,5039,5,0.0,0.88,0.0,,2026-07-01 04:00:00+00:00,2026-07-01,Paris,15.6,73,2,False,False,,False,
20.54,0.0,0,1.84,06:00,1.53,Données temps réel,0,9435,2026-07-01,25,Centre-Val de Loire,24,32.97,0,1.04,2026-07-01 04:00:00+00:00,371,27.17,1630,0,30,22.76,-8248,17,0.0,0.82,578.83,81.13,2026-07-01 04:00:00+00:00,2026-07-01,Orléans,16.5,69,2,False,False,,False,
12.08,0.0,0,1.57,06:00,0.16,Données temps réel,0,0,2026-07-01,3,Bourgogne-Franche-Comté,27,37.04,1,0.68,2026-07-01 04:00:00+00:00,144,0.58,1912,0,30,7.53,1722,13,0.0,0.75,0.0,,2026-07-01 04:00:00+00:00,2026-07-01,Dijon,17.4,84,2,False,False,,False,
15.32,4.05,90,3.87,06:00,0.45,Données temps réel,0,8475,2026-07-01,10,Normandie,28,58.11,0,0.22,2026-07-01 04:00:00+00:00,255,34.48,2223,0,86,11.47,-6697,5,11.8,0.75,381.24,69.13,2026-07-01 04:00:00+00:00,2026-07-01,Rouen,13.5,95,2,False,False,,False,
18.11,3.68,153,2.4,06:00,0.12,Données temps réel,-2,3523,2026-07-01,5,Hauts-de-France,32,51.02,0,0.36,2026-07-01 04:00:00+00:00,1205,125.0,4162,0,100,28.95,-839,15,6.39,1.37,84.65,64.52,2026-07-01 04:00:00+00:00,2026-07-01,Lille,13.2,92,2,False,False,,False,
16.06,6.28,238,2.74,06:00,21.26,Données temps réel,-1,6577,2026-07-01,806,Grand Est,44,38.66,5,0.71,2026-07-01 04:00:00+00:00,838,34.98,3791,-339,104,22.1,-4464,27,7.69,0.99,173.49,60.79,2026-07-01 04:00:00+00:00,2026-07-01,Strasbourg,18.3,92,2,False,False,,False,
9.37,0.0,0,4.34,06:00,0.38,Données temps réel,0,0,2026-07-01,9,Pays de la Loire,52,114.29,0,0.17,2026-07-01 04:00:00+00:00,229,90.0,2396,0,104,9.56,2059,4,0.0,0.17,0.0,,2026-07-01 04:00:00+00:00,2026-07-01,Nantes,15.9,85,2,False,False,,False,
8.38,0.0,0,2.55,06:00,0.0,Données temps réel,0,0,2026-07-01,0,Bretagne,53,56.96,0,0.0,2026-07-01 04:00:00+00:00,165,0.0,1768,0,45,9.33,1559,0,0.0,0.0,0.0,,2026-07-01 04:00:00+00:00,2026-07-01,Rennes,14.4,95,2,False,False,,False,
16.54,0.59,20,1.5,06:00,0.79,Données temps réel,0,5228,2026-07-01,27,Nouvelle-Aquitaine,75,14.7,8,1.35,2026-07-01 04:00:00+00:00,366,1.2,3409,0,51,10.74,-2335,46,3.66,0.66,153.36,78.85,2026-07-01 04:00:00+00:00,2026-07-01,Bordeaux,17.6,83,2,False,False,,False,
39.12,0.0,0,2.53,06:00,21.35,Données temps réel,0,0,2026-07-01,785,Occitanie,76,60.39,1,1.52,2026-07-01 04:00:00+00:00,712,14.66,3677,-10,93,19.36,2101,56,0.0,1.05,0.0,0.0,2026-07-01 04:00:00+00:00,2026-07-01,Toulouse,18.5,78,2,False,False,,False,
16.04,0.17,10,1.37,06:00,49.89,Données temps réel,-1,5551,2026-07-01,2939,Auvergne-Rhône-Alpes,84,42.86,0,0.32,2026-07-01 04:00:00+00:00,128,25.66,5891,-1,81,2.17,-2836,19,1.04,0.47,94.23,40.91,2026-07-01 04:00:00+00:00,2026-07-01,Lyon,21.9,51,2,False,False,,False,
13.22,0.44,16,3.82,06:00,19.85,Données temps réel,0,0,2026-07-01,728,Provence-Alpes-Côte d'Azur,93,47.14,0,0.87,2026-07-01 04:00:00+00:00,16,22.57,3668,0,140,0.44,2736,32,0.61,1.1,0.0,,2026-07-01 04:00:00+00:00,2026-07-01,Marseille,25.8,63,2,False,False,,False,
31.65,0.0,0,2.81,06:15,0.29,Données temps réel,0,0,2026-07-01,16,Île-de-France,11,43.79,0,0.13,2026-07-01 04:15:00+00:00,44,84.21,5514,0,155,0.8,5293,7,0.0,1.24,0.0,,2026-07-01 04:00:00+00:00,2026-07-01,Paris,15.6,73,2,False,False,,False,
22.15,0.0,0,1.84,06:15,1.53,Données temps réel,0,9450,2026-07-01,25,Centre-Val de Loire,24,32.97,0,1.47,2026-07-01 04:15:00+00:00,400,27.17,1633,0,30,24.49,-8295,24,0.0,1.16,578.69,81.26,2026-07-01 04:00:00+00:00,2026-07-01,Orléans,16.5,69,2,False,False,,False,
15.6,0.0,0,1.5,06:15,0.15,Données temps réel,-1,0,2026-07-01,3,Bourgogne-Franche-Comté,27,37.04,0,0.85,2026-07-01 04:15:00+00:00,186,0.58,1994,0,30,9.33,1758,17,0.0,0.99,0.0,,2026-07-01 04:00:00+00:00,2026-07-01,Dijon,17.4,84,2,False,False,,False,
14.59,4.03,90,3.76,06:15,0.45,Données temps réel,0,8477,2026-07-01,10,Normandie,28,56.76,0,0.31,2026-07-01 04:15:00+00:00,243,34.48,2233,0,84,10.88,-6678,7,11.8,1.04,379.62,69.14,2026-07-01 04:00:00+00:00,2026-07-01,Rouen,13.5,95,2,False,False,,False,
17.89,4.07,175,2.33,06:15,0.12,Données temps réel,0,3521,2026-07-01,5,Hauts-de-France,32,51.02,0,0.44,2026-07-01 04:15:00+00:00,1190,125.0,4301,0,100,27.67,-709,19,7.31,1.74,81.86,64.49,2026-07-01 04:00:00+00:00,2026-07-01,Lille,13.2,92,2,False,False,,False,
18.44,13.21,526,2.61,06:15,20.47,Données temps réel,-1,6706,2026-07-01,815,Grand Est,44,38.66,0,0.98,2026-07-01 04:15:00+00:00,962,35.37,3982,0,104,24.16,-5168,39,17.0,1.44,168.41,61.98,2026-07-01 04:00:00+00:00,2026-07-01,Strasbourg,18.3,92,2,False,False,,False,
9.17,0.0,0,4.21,06:15,0.36,Données temps réel,0,0,2026-07-01,9,Pays de la Loire,52,114.29,0,0.32,2026-07-01 04:15:00+00:00,224,90.0,2473,0,104,9.06,2139,8,0.0,0.35,0.0,,2026-07-01 04:00:00+00:00,2026-07-01,Nantes,15.9,85,2,False,False,,False,
8.68,0.06,1,2.49,06:15,0.0,Données temps réel,0,0,2026-07-01,0,Bretagne,53,56.96,0,0.11,2026-07-01 04:15:00+00:00,171,0.0,1810,0,45,9.45,1592,2,0.07,0.18,0.0,,2026-07-01 04:00:00+00:00,2026-07-01,Rennes,14.4,95,2,False,False,,False,
16.4,0.57,20,1.45,06:15,0.83,Données temps réel,0,5224,2026-07-01,29,Nouvelle-Aquitaine,75,14.7,8,1.48,2026-07-01 04:15:00+00:00,363,1.29,3515,0,51,10.33,-2232,52,3.66,0.74,148.62,78.79,2026-07-01 04:00:00+00:00,2026-07-01,Bordeaux,17.6,83,2,False,False,,False,
36.15,0.0,0,2.51,06:15,31.25,Données temps réel,0,0,2026-07-01,1172,Occitanie,76,61.04,0,1.76,2026-07-01 04:15:00+00:00,658,21.89,3750,-10,94,17.55,1832,66,0.0,1.24,0.0,0.0,2026-07-01 04:00:00+00:00,2026-07-01,Toulouse,18.5,78,2,False,False,,False,
16.17,0.17,10,1.34,06:15,55.29,Données temps réel,0,5560,2026-07-01,3331,Auvergne-Rhône-Alpes,84,42.86,0,0.5,2026-07-01 04:15:00+00:00,129,29.09,6025,0,81,2.14,-3116,30,1.04,0.74,92.28,40.97,2026-07-01 04:00:00+00:00,2026-07-01,Lyon,21.9,51,2,False,False,,False,
28.93,0.43,16,3.73,06:15,24.09,Données temps réel,0,0,2026-07-01,891,Provence-Alpes-Côte d'Azur,93,46.46,0,1.05,2026-07-01 04:15:00+00:00,35,27.62,3699,0,138,0.95,2580,39,0.61,1.34,0.0,,2026-07-01 04:00:00+00:00,2026-07-01,Marseille,25.8,63,2,False,False,,False,
34.53,0.0,0,2.86,06:30,0.29,Données temps réel,0,0,2026-07-01,16,Île-de-France,11,44.92,0,0.16,2026-07-01 04:30:00+00:00,48,84.21,5551,0,159,0.86,5321,9,0.0,1.59,0.0,,2026-07-01 04:00:00+00:00,2026-07-01,Paris,15.6,73,2,False,False,,False,
22.31,0.0,0,1.77,06:30,1.47,Données temps réel,0,9445,2026-07-01,25,Centre-Val de Loire,24,32.97,0,1.65,2026-07-01 04:30:00+00:00,403,27.17,1696,0,30,23.76,-8236,28,0.0,1.35,556.9,81.21,2026-07-01 04:00:00+00:00,2026-07-01,Orléans,16.5,69,2,False,False,,False,
19.13,0.0,0,1.52,06:30,0.15,Données temps réel,-1,0,2026-07-01,3,Bourgogne-Franche-Comté,27,37.04,0,1.27,2026-07-01 04:30:00+00:00,228,0.58,1971,0,30,11.57,1685,25,0.0,1.45,0.0,,2026-07-01 04:00:00+00:00,2026-07-01,Dijon,17.4,84,2,False,False,,False,
13.81,3.91,89,3.78,06:30,0.44,Données temps réel,0,8470,2026-07-01,10,Normandie,28,58.11,0,0.44,2026-07-01 04:30:00+00:00,230,34.48,2276,0,86,10.11,-6618,10,11.66,1.49,372.14,69.09,2026-07-01 04:00:00+00:00,2026-07-01,Rouen,13.5,95,2,False,False,,False,
16.67,4.56,200,2.26,06:30,0.11,Données temps réel,-8,3517,2026-07-01,5,Hauts-de-France,32,50.51,0,0.55,2026-07-01 04:30:00+00:00,1109,125.0,4387,0,99,25.28,-559,24,8.35,2.19,80.17,64.41,2026-07-01 04:00:00+00:00,2026-07-01,Lille,13.2,92,2,False,False,,False,
18.17,21.52,853,2.62,06:30,20.44,Données temps réel,-1,6692,2026-07-01,810,Grand Est,44,38.66,0,1.61,2026-07-01 04:30:00+00:00,948,35.16,3963,0,104,23.92,-5506,64,27.57,2.36,168.86,61.85,2026-07-01 04:00:00+00:00,2026-07-01,Strasbourg,18.3,92,2,False,False,,False,
9.74,0.0,0,4.2,06:30,0.36,Données temps réel,-1,0,2026-07-01,9,Pays de la Loire,52,114.29,0,0.53,2026-07-01 04:30:00+00:00,238,90.0,2474,0,104,9.62,2121,13,0.0,0.56,0.0,,2026-07-01 04:00:00+00:00,2026-07-01,Nantes,15.9,85,2,False,False,,False,
7.62,0.05,1,2.44,06:30,0.0,Données temps réel,0,0,2026-07-01,0,Bretagne,53,56.96,0,0.32,2026-07-01 04:30:00+00:00,150,0.0,1848,0,45,8.12,1646,6,0.07,0.53,0.0,,2026-07-01 04:00:00+00:00,2026-07-01,Rennes,14.4,95,2,False,False,,False,
16.27,0.56,20,1.4,06:30,0.78,Données temps réel,-3,5231,2026-07-01,28,Nouvelle-Aquitaine,75,14.41,8,1.73,2026-07-01 04:30:00+00:00,360,1.25,3574,0,50,10.07,-2182,62,3.66,0.88,146.36,78.9,2026-07-01 04:00:00+00:00,2026-07-01,Bordeaux,17.6,83,2,False,False,,False,
37.03,0.0,0,2.46,06:30,31.13,Données temps réel,0,0,2026-07-01,1175,Occitanie,76,60.39,0,1.88,2026-07-01 04:30:00+00:00,674,21.95,3775,-10,93,17.85,1833,71,0.0,1.33,0.0,0.0,2026-07-01 04:00:00+00:00,2026-07-01,Toulouse,18.5,78,2,False,False,,False,
15.66,0.16,10,1.33,06:30,51.37,Données temps réel,0,5555,2026-07-01,3126,Auvergne-Rhône-Alpes,84,42.86,0,0.66,2026-07-01 04:30:00+00:00,125,27.3,6085,-1,81,2.05,-2850,40,1.04,0.99,91.29,40.94,2026-07-01 04:00:00+00:00,2026-07-01,Lyon,21.9,51,2,False,False,,False,
25.62,0.42,16,3.67,06:30,24.52,Données temps réel,0,0,2026-07-01,929,Provence-Alpes-Côte d'Azur,93,46.8,0,1.27,2026-07-01 04:30:00+00:00,31,28.8,3788,0,139,0.82,2624,48,0.61,1.65,0.0,,2026-07-01 04:00:00+00:00,2026-07-01,Marseille,25.8,63,2,False,False,,False,
34.53,0.0,0,2.79,06:45,0.28,Données temps réel,0,0,2026-07-01,16,Île-de-France,11,44.92,0,0.25,2026-07-01 04:45:00+00:00,48,84.21,5699,0,159,0.84,5463,14,0.0,2.47,0.0,,2026-07-01 04:00:00+00:00,2026-07-01,Paris,15.6,73,2,False,False,,False,
23.31,0.0,0,1.78,06:45,1.48,Données temps réel,0,9478,2026-07-01,25,Centre-Val de Loire,24,32.97,0,2.73,2026-07-01 04:45:00+00:00,421,27.17,1685,0,30,24.99,-8315,46,0.0,2.22,562.49,81.5,2026-07-01 04:00:00+00:00,2026-07-01,Orléans,16.5,69,2,False,False,,False,
21.9,0.0,0,1.54,06:45,0.15,Données temps réel,-1,0,2026-07-01,3,Bourgogne-Franche-Comté,27,37.04,0,2.16,2026-07-01 04:45:00+00:00,261,0.58,1945,0,30,13.42,1609,42,0.0,2.43,0.0,,2026-07-01 04:00:00+00:00,2026-07-01,Dijon,17.4,84,2,False,False,,False,
13.15,3.91,89,3.78,06:45,0.44,Données temps réel,0,8479,2026-07-01,10,Normandie,28,58.11,0,0.7,2026-07-01 04:45:00+00:00,219,34.48,2278,0,86,9.61,-6621,16,11.66,2.38,372.21,69.16,2026-07-01 04:00:00+00:00,2026-07-01,Rouen,13.5,95,2,False,False,,False,
16.21,4.18,187,2.23,06:45,0.11,Données temps réel,-5,3519,2026-07-01,5,Hauts-de-France,32,51.02,0,0.78,2026-07-01 04:45:00+00:00,1078,125.0,4479,0,100,24.07,-439,35,7.81,3.2,78.57,64.45,2026-07-01 04:00:00+00:00,2026-07-01,Lille,13.2,92,2,False,False,,False,
17.17,21.42,856,2.6,06:45,20.2,Données temps réel,-12,6699,2026-07-01,807,Grand Est,44,38.66,0,2.2,2026-07-01 04:45:00+00:00,896,35.03,3996,0,104,22.42,-5442,88,27.67,3.24,167.64,61.91,2026-07-01 04:00:00+00:00,2026-07-01,Strasbourg,18.3,92,2,False,False,,False,
9.21,0.0,0,4.08,06:45,0.35,Données temps réel,-2,0,2026-07-01,9,Pays de la Loire,52,114.29,0,1.22,2026-07-01 04:45:00+00:00,225,90.0,2550,0,104,8.82,2193,31,0.0,1.34,0.0,,2026-07-01 04:00:00+00:00,2026-07-01,Nantes,15.9,85,2,False,False,,False,
6.25,0.05,1,2.4,06:45,0.0,Données temps réel,0,0,2026-07-01,0,Bretagne,53,56.96,0,0.64,2026-07-01 04:45:00+00:00,123,0.0,1876,0,45,6.56,1696,12,0.07,1.07,0.0,,2026-07-01 04:00:00+00:00,2026-07-01,Rennes,14.4,95,2,False,False,,False,
14.69,0.55,20,1.4,06:45,0.93,Données temps réel,0,5233,2026-07-01,34,Nouvelle-Aquitaine,75,14.7,8,2.5,2026-07-01 04:45:00+00:00,325,1.52,3639,0,51,8.93,-2123,91,3.66,1.3,143.8,78.93,2026-07-01 04:00:00+00:00,2026-07-01,Bordeaux,17.6,83,2,False,False,,False,
37.47,0.0,0,2.46,06:45,29.83,Données temps réel,0,0,2026-07-01,1142,Occitanie,76,61.04,0,2.59,2026-07-01 04:45:00+00:00,682,21.33,3828,-10,94,17.82,1883,99,0.0,1.86,0.0,0.0,2026-07-01 04:00:00+00:00,2026-07-01,Toulouse,18.5,78,2,False,False,,False,
18.05,0.16,10,1.3,06:45,47.89,Données temps réel,-1,5560,2026-07-01,2991,Auvergne-Rhône-Alpes,84,42.86,0,1.22,2026-07-01 04:45:00+00:00,144,26.12,6246,-1,81,2.31,-2613,76,1.04,1.87,89.02,40.97,2026-07-01 04:00:00+00:00,2026-07-01,Lyon,21.9,51,2,False,False,,False,
25.62,0.42,16,3.63,06:45,29.22,Données temps réel,0,0,2026-07-01,1103,Provence-Alpes-Côte d'Azur,93,46.13,0,1.85,2026-07-01 04:45:00+00:00,31,34.19,3775,0,137,0.82,2418,70,0.61,2.41,0.0,,2026-07-01 04:00:00+00:00,2026-07-01,Marseille,25.8,63,2,False,False,,False,
31.65,0.0,0,2.64,07:00,0.27,Données temps réel,0,0,2026-07-01,16,Île-de-France,11,44.92,0,0.35,2026-07-01 05:00:00+00:00,44,84.21,6029,0,159,0.73,5790,21,0.0,3.71,0.0,,2026-07-01 05:00:00+00:00,2026-07-01,Paris,15.8,72,2,False,False,,False,
22.65,0.0,0,1.75,07:00,1.46,Données temps réel,0,9480,2026-07-01,25,Centre-Val de Loire,24,32.97,0,4.07,2026-07-01 05:00:00+00:00,409,27.17,1718,0,30,23.81,-8295,70,0.0,3.38,551.8,81.51,2026-07-01 05:00:00+00:00,2026-07-01,Orléans,16.4,70,2,False,False,,False,
19.88,0.0,0,1.47,07:00,0.15,Données temps réel,-1,0,2026-07-01,3,Bourgogne-Franche-Comté,27,37.04,0,3.27,2026-07-01 05:00:00+00:00,237,0.58,2046,0,30,11.58,1710,67,0.0,3.88,0.0,,2026-07-01 05:00:00+00:00,2026-07-01,Dijon,17.9,82,2,False,False,,False,
12.25,3.91,90,3.69,07:00,0.43,Données temps réel,0,8479,2026-07-01,10,Normandie,28,57.43,0,0.96,2026-07-01 05:00:00+00:00,204,34.48,2303,0,85,8.86,-6587,22,11.8,3.28,368.17,69.16,2026-07-01 05:00:00+00:00,2026-07-01,Rouen,14.2,93,2,False,False,,False,
15.68,3.63,161,2.23,07:00,0.11,Données temps réel,-7,3518,2026-07-01,5,Hauts-de-France,32,50.51,0,1.15,2026-07-01 05:00:00+00:00,1043,125.0,4440,0,99,23.49,-431,51,6.73,4.66,79.23,64.43,2026-07-01 05:00:00+00:00,2026-07-01,Lille,14.3,90,2,False,False,,False,
16.81,21.43,859,2.59,07:00,19.39,Données temps réel,-13,6692,2026-07-01,777,Grand Est,44,38.66,0,2.69,2026-07-01 05:00:00+00:00,877,33.72,4008,0,104,21.88,-5396,108,27.76,3.97,166.97,61.85,2026-07-01 05:00:00+00:00,2026-07-01,Strasbourg,18.8,90,2,False,False,,False,
8.02,0.0,0,4.0,07:00,0.35,Données temps réel,0,0,2026-07-01,9,Pays de la Loire,52,114.29,0,2.12,2026-07-01 05:00:00+00:00,196,90.0,2599,0,104,7.54,2246,55,0.0,2.38,0.0,,2026-07-01 05:00:00+00:00,2026-07-01,Nantes,15.8,86,2,False,False,,False,
5.33,0.05,1,2.33,07:00,0.0,Données temps réel,0,0,2026-07-01,0,Bretagne,53,56.96,0,1.03,2026-07-01 05:00:00+00:00,105,0.0,1935,0,45,5.43,1765,20,0.07,1.78,0.0,,2026-07-01 05:00:00+00:00,2026-07-01,Rennes,14.6,94,2,False,False,,False,
13.92,0.54,20,1.38,07:00,2.01,Données temps réel,0,5228,2026-07-01,74,Nouvelle-Aquitaine,75,14.7,8,3.96,2026-07-01 05:00:00+00:00,308,3.3,3689,0,51,8.35,-2145,146,3.66,2.08,141.72,78.85,2026-07-01 05:00:00+00:00,2026-07-01,Bordeaux,17.8,83,2,False,False,,False,
36.92,0.0,0,2.42,07:00,29.87,Données temps réel,0,0,2026-07-01,1146,Occitanie,76,60.39,0,3.96,2026-07-01 05:00:00+00:00,672,21.41,3837,-10,93,17.51,1847,152,0.0,2.85,0.0,0.0,2026-07-01 05:00:00+00:00,2026-07-01,Toulouse,18.1,78,2,False,False,,False,
19.42,0.16,10,1.28,07:00,46.85,Données temps réel,-1,5549,2026-07-01,2968,Auvergne-Rhône-Alpes,84,42.86,0,2.0,2026-07-01 05:00:00+00:00,155,25.92,6335,0,81,2.45,-2554,127,1.04,3.13,87.59,40.89,2026-07-01 05:00:00+00:00,2026-07-01,Lyon,22.0,52,2,False,False,,False,
28.1,0.41,16,3.53,07:00,28.45,Données temps réel,-3,0,2026-07-01,1097,Provence-Alpes-Côte d'Azur,93,45.79,0,2.77,2026-07-01 05:00:00+00:00,34,34.0,3856,0,136,0.88,2470,107,0.61,3.68,0.0,,2026-07-01 05:00:00+00:00,2026-07-01,Marseille,26.0,54,2,False,False,,False,
24.46,0.0,0,2.55,07:15,0.26,Données temps réel,0,0,2026-07-01,16,Île-de-France,11,44.35,0,0.5,2026-07-01 05:15:00+00:00,34,84.21,6155,0,157,0.55,5918,31,0.0,5.48,0.0,,2026-07-01 05:00:00+00:00,2026-07-01,Paris,15.8,72,2,False,False,,False,
21.93,0.0,0,1.65,07:15,1.37,Données temps réel,0,9488,2026-07-01,25,Centre-Val de Loire,24,32.97,0,5.27,2026-07-01 05:15:00+00:00,396,27.17,1821,0,30,21.75,-8214,96,0.0,4.64,521.03,81.58,2026-07-01 05:00:00+00:00,2026-07-01,Orléans,16.4,70,2,False,False,,False,
19.3,0.0,0,1.43,07:15,0.14,Données temps réel,-1,0,2026-07-01,3,Bourgogne-Franche-Comté,27,37.04,0,4.2,2026-07-01 05:15:00+00:00,230,0.58,2094,0,30,10.98,1744,88,0.0,5.1,0.0,,2026-07-01 05:00:00+00:00,2026-07-01,Dijon,17.9,82,2,False,False,,False,
11.71,3.73,89,3.65,07:15,0.42,Données temps réel,0,8482,2026-07-01,10,Normandie,28,58.78,0,1.26,2026-07-01 05:15:00+00:00,195,34.48,2385,0,87,8.18,-6507,30,11.66,4.47,355.64,69.18,2026-07-01 05:00:00+00:00,2026-07-01,Rouen,14.2,93,2,False,False,,False,
13.47,4.3,195,2.21,07:15,0.11,Données temps réel,0,3513,2026-07-01,5,Hauts-de-France,32,51.02,0,1.57,2026-07-01 05:15:00+00:00,896,125.0,4534,0,100,19.76,-247,71,8.15,6.48,77.48,64.34,2026-07-01 05:00:00+00:00,2026-07-01,Lille,14.3,90,2,False,False,,False,
15.2,21.41,857,2.6,07:15,19.26,Données temps réel,-2,6698,2026-07-01,771,Grand Est,44,38.66,1,3.8,2026-07-01 05:15:00+00:00,793,33.46,4003,0,104,19.81,-5370,152,27.7,5.59,167.32,61.9,2026-07-01 05:00:00+00:00,2026-07-01,Strasbourg,18.8,90,2,False,False,,False,
7.25,0.0,0,4.0,07:15,0.35,Données temps réel,0,0,2026-07-01,9,Pays de la Loire,52,114.29,0,3.34,2026-07-01 05:15:00+00:00,177,90.0,2602,0,104,6.8,2228,87,0.0,3.77,0.0,,2026-07-01 05:00:00+00:00,2026-07-01,Nantes,15.8,86,2,False,False,,False,
5.33,0.1,2,2.28,07:15,0.0,Données temps réel,0,0,2026-07-01,0,Bretagne,53,56.96,0,1.57,2026-07-01 05:15:00+00:00,105,0.0,1970,0,45,5.33,1788,31,0.14,2.76,0.0,,2026-07-01 05:00:00+00:00,2026-07-01,Rennes,14.6,94,2,False,False,,False,
12.65,0.53,20,1.36,07:15,2.07,Données temps réel,0,5227,2026-07-01,78,Nouvelle-Aquitaine,75,14.7,8,6.17,2026-07-01 05:15:00+00:00,280,3.48,3763,0,51,7.44,-2132,232,3.66,3.3,138.91,78.84,2026-07-01 05:00:00+00:00,2026-07-01,Bordeaux,17.8,83,2,False,False,,False,
36.21,0.0,0,2.38,07:15,29.71,Données temps réel,-1,0,2026-07-01,1162,Occitanie,76,60.39,0,5.45,2026-07-01 05:15:00+00:00,659,21.71,3911,-10,93,16.85,1857,213,0.0,3.99,0.0,0.0,2026-07-01 05:00:00+00:00,2026-07-01,Toulouse,18.1,78,2,False,False,,False,
18.3,0.16,10,1.26,07:15,52.3,Données temps réel,-1,5549,2026-07-01,3353,Auvergne-Rhône-Alpes,84,42.86,0,2.82,2026-07-01 05:15:00+00:00,146,29.28,6411,-1,81,2.28,-2908,181,1.04,4.46,86.55,40.89,2026-07-01 05:00:00+00:00,2026-07-01,Lyon,22.0,52,2,False,False,,False,
17.36,0.41,16,3.46,07:15,30.34,Données temps réel,0,0,2026-07-01,1184,Provence-Alpes-Côte d'Azur,93,45.45,0,3.79,2026-07-01 05:15:00+00:00,21,36.7,3902,0,135,0.54,2399,148,0.61,5.09,0.0,,2026-07-01 05:00:00+00:00,2026-07-01,Marseille,26.0,54,2,False,False,,False,
20.14,0.0,0,2.52,07:30,0.25,Données temps réel,0,0,2026-07-01,16,Île-de-France,11,45.2,0,0.68,2026-07-01 05:30:00+00:00,28,84.21,6353,0,160,0.44,6108,43,0.0,7.6,0.0,,2026-07-01 05:00:00+00:00,2026-07-01,Paris,15.8,72,2,False,False,,False,
19.44,0.0,0,1.66,07:30,1.38,Données temps réel,0,9482,2026-07-01,25,Centre-Val de Loire,24,32.97,0,7.3,2026-07-01 05:30:00+00:00,351,27.17,1809,0,30,19.4,-8211,132,0.0,6.38,524.16,81.53,2026-07-01 05:00:00+00:00,2026-07-01,Orléans,16.4,70,2,False,False,,False,
18.62,0.0,0,1.35,07:30,0.13,Données temps réel,-1,0,2026-07-01,3,Bourgogne-Franche-Comté,27,37.04,0,5.49,2026-07-01 05:30:00+00:00,222,0.58,2224,0,30,9.98,1848,122,0.0,7.07,0.0,,2026-07-01 05:00:00+00:00,2026-07-01,Dijon,17.9,82,2,False,False,,False,
9.97,3.71,89,3.63,07:30,0.42,Données temps réel,0,8473,2026-07-01,10,Normandie,28,58.78,0,1.59,2026-07-01 05:30:00+00:00,166,34.48,2396,0,87,6.93,-6467,38,11.66,5.66,353.63,69.11,2026-07-01 05:00:00+00:00,2026-07-01,Rouen,14.2,93,2,False,False,,False,
11.7,3.71,175,2.12,07:30,0.11,Données temps réel,0,3516,2026-07-01,5,Hauts-de-France,32,51.02,0,2.03,2026-07-01 05:30:00+00:00,778,125.0,4719,0,100,16.49,48,96,7.31,8.77,74.51,64.4,2026-07-01 05:00:00+00:00,2026-07-01,Lille,14.3,90,2,False,False,,False,
14.24,20.68,859,2.5,07:30,18.13,Données temps réel,-1,6709,2026-07-01,753,Grand Est,44,38.66,0,5.06,2026-07-01 05:30:00+00:00,743,32.68,4154,0,104,17.89,-5224,210,27.76,7.73,161.51,62.01,2026-07-01 05:00:00+00:00,2026-07-01,Strasbourg,18.8,90,2,False,False,,False,
7.08,0.0,0,3.86,07:30,0.33,Données temps réel,0,0,2026-07-01,9,Pays de la Loire,52,114.29,0,4.38,2026-07-01 05:30:00+00:00,173,90.0,2693,0,104,6.42,2294,118,0.0,5.11,0.0,,2026-07-01 05:00:00+00:00,2026-07-01,Nantes,15.8,86,2,False,False,,False,
7.92,0.1,2,2.24,07:30,0.0,Données temps réel,0,0,2026-07-01,0,Bretagne,53,56.96,0,2.14,2026-07-01 05:30:00+00:00,156,0.0,2010,0,45,7.76,1765,43,0.14,3.83,0.0,,2026-07-01 05:00:00+00:00,2026-07-01,Rennes,14.6,94,2,False,False,,False,
12.07,0.54,20,1.37,07:30,2.01,Données temps réel,0,5229,2026-07-01,75,Nouvelle-Aquitaine,75,14.7,8,8.3,2026-07-01 05:30:00+00:00,267,3.35,3735,0,51,7.15,-2225,310,3.66,4.41,140.0,78.87,2026-07-01 05:00:00+00:00,2026-07-01,Bordeaux,17.8,83,2,False,False,,False,
38.3,0.0,0,2.38,07:30,30.66,Données temps réel,-1,0,2026-07-01,1199,Occitanie,76,60.39,0,7.49,2026-07-01 05:30:00+00:00,697,22.4,3910,-10,93,17.83,1701,293,0.0,5.49,0.0,0.0,2026-07-01 05:00:00+00:00,2026-07-01,Toulouse,18.1,78,2,False,False,,False,
17.42,0.16,10,1.26,07:30,54.66,Données temps réel,0,5550,2026-07-01,3510,Auvergne-Rhône-Alpes,84,42.86,0,3.94,2026-07-01 05:30:00+00:00,139,30.65,6422,-1,81,2.16,-3121,253,1.04,6.24,86.42,40.9,2026-07-01 05:00:00+00:00,2026-07-01,Lyon,22.0,52,2,False,False,,False,
19.83,0.4,16,3.42,07:30,27.77,Données temps réel,0,0,2026-07-01,1104,Provence-Alpes-Côte d'Azur,93,45.79,0,5.23,2026-07-01 05:30:00+00:00,24,34.22,3975,0,136,0.6,2486,208,0.61,7.16,0.0,,2026-07-01 05:00:00+00:00,2026-07-01,Marseille,26.0,54,2,False,False,,False,
20.14,0.0,0,2.45,07:45,0.25,Données temps réel,0,0,2026-07-01,16,Île-de-France,11,44.63,0,0.87,2026-07-01 05:45:00+00:00,28,84.21,6437,0,158,0.43,6181,56,0.0,9.89,0.0,,2026-07-01 05:00:00+00:00,2026-07-01,Paris,15.8,72,2,False,False,,False,
16.06,0.0,0,1.66,07:45,1.38,Données temps réel,0,9487,2026-07-01,25,Centre-Val de Loire,24,32.97,0,10.33,2026-07-01 05:45:00+00:00,290,27.17,1811,0,30,16.01,-8209,187,0.0,9.04,523.85,81.57,2026-07-01 05:00:00+00:00,2026-07-01,Orléans,16.4,70,2,False,False,,False,
16.78,0.0,0,1.34,07:45,0.13,Données temps réel,-1,0,2026-07-01,3,Bourgogne-Franche-Comté,27,37.04,0,7.39,2026-07-01 05:45:00+00:00,200,0.58,2245,0,30,8.91,1847,166,0.0,9.62,0.0,,2026-07-01 05:00:00+00:00,2026-07-01,Dijon,17.9,82,2,False,False,,False,
9.91,3.66,89,3.53,07:45,0.41,Données temps réel,0,8472,2026-07-01,10,Normandie,28,58.11,0,1.97,2026-07-01 05:45:00+00:00,165,34.48,2433,0,86,6.78,-6438,48,11.66,7.15,348.21,69.1,2026-07-01 05:00:00+00:00,2026-07-01,Rouen,14.2,93,2,False,False,,False,
10.19,3.19,148,2.16,07:45,0.11,Données temps réel,-4,3508,2026-07-01,5,Hauts-de-France,32,51.02,0,2.83,2026-07-01 05:45:00+00:00,678,125.0,4633,0,100,14.63,68,131,6.18,11.96,75.72,64.25,2026-07-01 05:00:00+00:00,2026-07-01,Lille,14.3,90,2,False,False,,False,
13.21,20.51,857,2.49,07:45,17.59,Données temps réel,-1,6695,2026-07-01,735,Grand Est,44,38.66,0,6.56,2026-07-01 05:45:00+00:00,689,31.9,4179,0,104,16.49,-5174,274,27.7,10.08,160.21,61.88,2026-07-01 05:00:00+00:00,2026-07-01,Strasbourg,18.8,90,2,False,False,,False,
6.43,0.0,0,3.83,07:45,0.33,Données temps réel,0,0,2026-07-01,9,Pays de la Loire,52,114.29,0,6.44,2026-07-01 05:45:00+00:00,157,90.0,2716,0,104,5.78,2276,175,0.0,7.59,0.0,,2026-07-01 05:00:00+00:00,2026-07-01,Nantes,15.8,86,2,False,False,,False,
8.48,0.05,1,2.2,07:45,0.0,Données temps réel,0,0,2026-07-01,0,Bretagne,53,56.96,0,2.98,2026-07-01 05:45:00+00:00,167,0.0,2049,0,45,8.15,1775,61,0.07,5.43,0.0,,2026-07-01 05:00:00+00:00,2026-07-01,Rennes,14.6,94,2,False,False,,False,
10.89,0.52,20,1.31,07:45,2.11,Données temps réel,0,5230,2026-07-01,82,Nouvelle-Aquitaine,75,14.7,8,11.93,2026-07-01 05:45:00+00:00,241,3.66,3880,0,51,6.21,-2215,463,3.66,6.59,134.79,78.88,2026-07-01 05:00:00+00:00,2026-07-01,Bordeaux,17.8,83,2,False,False,,False,
35.88,0.0,0,2.31,07:45,29.69,Données temps réel,-1,0,2026-07-01,1197,Occitanie,76,60.39,0,10.34,2026-07-01 05:45:00+00:00,653,22.36,4032,-10,93,16.2,1745,417,0.0,7.82,0.0,0.0,2026-07-01 05:00:00+00:00,2026-07-01,Toulouse,18.1,78,2,False,False,,False,
16.42,0.15,10,1.24,07:45,51.64,Données temps réel,0,5546,2026-07-01,3386,Auvergne-Rhône-Alpes,84,42.86,0,5.22,2026-07-01 05:45:00+00:00,131,29.57,6557,0,81,2.0,-2939,342,1.04,8.44,84.58,40.87,2026-07-01 05:00:00+00:00,2026-07-01,Lyon,22.0,52,2,False,False,,False,
17.36,0.39,16,3.3,07:45,32.12,Données temps réel,0,0,2026-07-01,1322,Provence-Alpes-Côte d'Azur,93,45.79,0,6.97,2026-07-01 05:45:00+00:00,21,40.98,4116,0,136,0.51,2335,287,0.61,9.88,0.0,,2026-07-01 05:00:00+00:00,2026-07-01,Marseille,26.0,54,2,False,False,,False,
17.99,0.0,0,2.44,08:00,0.24,Données temps réel,0,0,2026-07-01,16,Île-de-France,11,45.2,0,1.05,2026-07-01 06:00:00+00:00,25,84.21,6555,0,160,0.38,6286,69,0.0,12.19,0.0,,2026-07-01 06:00:00+00:00,2026-07-01,Paris,17.0,71,2,False,False,,False,
14.01,0.0,0,1.61,08:00,1.34,Données temps réel,0,9488,2026-07-01,25,Centre-Val de Loire,24,32.97,0,12.07,2026-07-01 06:00:00+00:00,253,27.17,1864,0,30,13.57,-8156,225,0.0,10.87,509.01,81.58,2026-07-01 06:00:00+00:00,2026-07-01,Orléans,17.4,67,2,False,False,,False,
15.1,0.0,0,1.31,08:00,0.13,Données temps réel,-1,0,2026-07-01,3,Bourgogne-Franche-Comté,27,37.04,0,8.01,2026-07-01 06:00:00+00:00,180,0.58,2284,0,30,7.88,1889,183,0.0,10.61,0.0,,2026-07-01 06:00:00+00:00,2026-07-01,Dijon,17.4,93,2,False,False,,False,
9.85,3.63,89,3.5,08:00,0.41,Données temps réel,0,8478,2026-07-01,10,Normandie,28,58.11,0,2.08,2026-07-01 06:00:00+00:00,164,34.48,2454,0,86,6.68,-6423,51,11.66,7.6,345.48,69.15,2026-07-01 06:00:00+00:00,2026-07-01,Rouen,16.0,88,2,False,False,,False,
8.85,3.43,160,2.12,08:00,0.11,Données temps réel,0,3510,2026-07-01,5,Hauts-de-France,32,50.51,2,3.41,2026-07-01 06:00:00+00:00,589,125.0,4667,0,99,12.62,142,159,6.68,14.52,75.21,64.29,2026-07-01 06:00:00+00:00,2026-07-01,Lille,16.3,85,2,False,False,,False,
12.34,20.5,859,2.48,08:00,18.9,Données temps réel,-1,6708,2026-07-01,792,Grand Est,44,38.66,1,6.8,2026-07-01 06:00:00+00:00,644,34.38,4191,0,104,15.37,-5200,285,27.76,10.49,160.06,62.0,2026-07-01 06:00:00+00:00,2026-07-01,Strasbourg,20.4,78,2,False,False,,False,
5.98,0.0,0,3.74,08:00,0.32,Données temps réel,0,0,2026-07-01,9,Pays de la Loire,52,114.29,7,7.74,2026-07-01 06:00:00+00:00,146,90.0,2779,0,104,5.25,2301,215,0.0,9.32,0.0,,2026-07-01 06:00:00+00:00,2026-07-01,Nantes,16.8,82,2,False,False,,False,
8.23,0.1,2,2.16,08:00,0.0,Données temps réel,0,0,2026-07-01,0,Bretagne,53,56.96,0,3.94,2026-07-01 06:00:00+00:00,162,0.0,2081,0,45,7.78,1791,82,0.14,7.3,0.0,,2026-07-01 06:00:00+00:00,2026-07-01,Rennes,16.0,87,2,False,False,,False,
10.17,0.52,20,1.34,08:00,2.8,Données temps réel,0,5236,2026-07-01,107,Nouvelle-Aquitaine,75,14.7,8,16.17,2026-07-01 06:00:00+00:00,225,4.77,3815,0,51,5.9,-2448,617,3.66,8.79,137.25,78.97,2026-07-01 06:00:00+00:00,2026-07-01,Bordeaux,18.8,78,2,False,False,,False,
40.33,0.0,0,2.29,08:00,32.87,Données temps réel,-1,0,2026-07-01,1337,Occitanie,76,60.39,0,13.77,2026-07-01 06:00:00+00:00,734,24.98,4068,-10,93,18.04,1417,560,0.0,10.5,0.0,0.0,2026-07-01 06:00:00+00:00,2026-07-01,Toulouse,18.0,76,2,False,False,,False,
16.42,0.15,10,1.23,08:00,46.87,Données temps réel,0,5547,2026-07-01,3081,Auvergne-Rhône-Alpes,84,42.86,0,5.84,2026-07-01 06:00:00+00:00,131,26.9,6574,0,81,1.99,-2660,384,1.04,9.47,84.38,40.88,2026-07-01 06:00:00+00:00,2026-07-01,Lyon,23.1,53,2,False,False,,False,
33.06,0.38,16,3.23,08:00,31.69,Données temps réel,0,0,2026-07-01,1333,Provence-Alpes-Côte d'Azur,93,45.79,0,8.7,2026-07-01 06:00:00+00:00,40,41.32,4207,0,136,0.95,2316,366,0.61,12.59,0.0,,2026-07-01 06:00:00+00:00,2026-07-01,Marseille,26.7,49,2,False,False,,False,
20.14,0.0,0,2.32,08:15,0.23,Données temps réel,0,0,2026-07-01,16,Île-de-France,11,44.92,0,1.3,2026-07-01 06:15:00+00:00,28,84.21,6848,0,159,0.41,6558,89,0.0,15.72,0.0,,2026-07-01 06:00:00+00:00,2026-07-01,Paris,17.0,71,2,False,False,,False,
12.85,0.0,0,1.55,08:15,1.29,Données temps réel,0,9484,2026-07-01,25,Centre-Val de Loire,24,32.97,0,15.94,2026-07-01 06:15:00+00:00,232,27.17,1932,0,30,12.01,-8147,308,0.0,14.89,490.89,81.55,2026-07-01 06:00:00+00:00,2026-07-01,Orléans,17.4,67,2,False,False,,False,
13.93,0.0,0,1.3,08:15,0.13,Données temps réel,0,0,2026-07-01,3,Bourgogne-Franche-Comté,27,37.04,0,9.76,2026-07-01 06:15:00+00:00,166,0.58,2316,0,30,7.17,1890,226,0.0,13.1,0.0,,2026-07-01 06:00:00+00:00,2026-07-01,Dijon,17.4,93,2,False,False,,False,
10.21,3.54,89,3.42,08:15,0.4,Données temps réel,0,8470,2026-07-01,10,Normandie,28,58.11,0,2.47,2026-07-01 06:15:00+00:00,170,34.48,2511,0,86,6.77,-6376,62,11.66,9.24,337.32,69.09,2026-07-01 06:00:00+00:00,2026-07-01,Rouen,16.0,88,2,False,False,,False,
8.18,4.23,198,2.14,08:15,0.11,Données temps réel,-1,3509,2026-07-01,5,Hauts-de-France,32,51.02,0,4.12,2026-07-01 06:15:00+00:00,544,125.0,4679,0,100,11.63,131,193,8.27,17.63,74.99,64.27,2026-07-01 06:00:00+00:00,2026-07-01,Lille,16.3,85,2,False,False,,False,
11.69,19.91,846,2.45,08:15,21.04,Données temps réel,-1,6691,2026-07-01,894,Grand Est,44,38.66,4,8.75,2026-07-01 06:15:00+00:00,610,38.8,4250,0,104,14.35,-5268,372,27.34,13.69,157.44,61.84,2026-07-01 06:00:00+00:00,2026-07-01,Strasbourg,20.4,78,2,False,False,,False,
5.49,0.0,0,3.73,08:15,0.32,Données temps réel,0,0,2026-07-01,9,Pays de la Loire,52,114.29,1,9.62,2026-07-01 06:15:00+00:00,134,90.0,2785,0,104,4.81,2274,268,0.0,11.62,0.0,,2026-07-01 06:00:00+00:00,2026-07-01,Nantes,16.8,82,2,False,False,,False,
7.87,0.05,1,2.08,08:15,0.0,Données temps réel,0,0,2026-07-01,0,Bretagne,53,56.96,0,3.75,2026-07-01 06:15:00+00:00,155,0.0,2159,0,45,7.18,1878,81,0.07,7.21,0.0,,2026-07-01 06:00:00+00:00,2026-07-01,Rennes,16.0,87,2,False,False,,False,
8.72,0.52,20,1.33,08:15,4.39,Données temps réel,0,5237,2026-07-01,168,Nouvelle-Aquitaine,75,14.7,8,20.66,2026-07-01 06:15:00+00:00,193,7.5,3829,0,51,5.04,-2640,791,3.66,11.26,136.77,78.99,2026-07-01 06:00:00+00:00,2026-07-01,Bordeaux,18.8,78,2,False,False,,False,
39.89,0.0,0,2.27,08:15,32.36,Données temps réel,0,0,2026-07-01,1326,Occitanie,76,60.39,1,16.45,2026-07-01 06:15:00+00:00,726,24.77,4098,-10,93,17.72,1349,674,0.0,12.63,0.0,0.0,2026-07-01 06:00:00+00:00,2026-07-01,Toulouse,18.0,76,2,False,False,,False,
16.54,0.15,10,1.23,08:15,52.43,Données temps réel,0,5544,2026-07-01,3448,Auvergne-Rhône-Alpes,84,42.86,1,7.85,2026-07-01 06:15:00+00:00,132,30.11,6577,-1,81,2.01,-3155,516,1.04,12.73,84.29,40.85,2026-07-01 06:00:00+00:00,2026-07-01,Lyon,23.1,53,2,False,False,,False,
33.06,0.37,16,3.18,08:15,30.26,Données temps réel,-3,0,2026-07-01,1305,Provence-Alpes-Côte d'Azur,93,46.13,0,10.97,2026-07-01 06:15:00+00:00,40,40.45,4312,0,137,0.93,2345,473,0.61,16.28,0.0,,2026-07-01 06:00:00+00:00,2026-07-01,Marseille,26.7,49,2,False,False,,False,
21.58,0.0,0,2.26,08:30,0.23,Données temps réel,0,0,2026-07-01,16,Île-de-France,11,43.79,0,1.5,2026-07-01 06:30:00+00:00,30,84.21,6851,0,155,0.44,6548,103,0.0,18.2,0.0,,2026-07-01 06:00:00+00:00,2026-07-01,Paris,17.0,71,2,False,False,,False,
12.96,0.0,0,1.7,08:30,1.42,Données temps réel,0,9484,2026-07-01,25,Centre-Val de Loire,24,32.97,0,21.59,2026-07-01 06:30:00+00:00,234,27.17,1765,0,30,13.26,-8387,381,0.0,18.41,537.34,81.55,2026-07-01 06:00:00+00:00,2026-07-01,Orléans,17.4,67,2,False,False,,False,
12.08,0.0,0,1.35,08:30,0.14,Données temps réel,0,0,2026-07-01,3,Bourgogne-Franche-Comté,27,37.04,0,12.49,2026-07-01 06:30:00+00:00,144,0.58,2218,0,30,6.49,1764,277,0.0,16.06,0.0,,2026-07-01 06:00:00+00:00,2026-07-01,Dijon,17.4,93,2,False,False,,False,
9.67,3.56,91,3.36,08:30,0.39,Données temps réel,0,8481,2026-07-01,10,Normandie,28,58.11,0,2.86,2026-07-01 06:30:00+00:00,161,34.48,2556,0,86,6.3,-6345,73,11.93,10.88,331.81,69.18,2026-07-01 06:00:00+00:00,2026-07-01,Rouen,16.0,88,2,False,False,,False,
8.45,3.85,185,1.96,08:30,0.1,Données temps réel,0,3510,2026-07-01,5,Hauts-de-France,32,47.96,1,4.39,2026-07-01 06:30:00+00:00,562,125.0,4804,0,94,11.7,236,211,7.73,19.27,73.06,64.29,2026-07-01 06:00:00+00:00,2026-07-01,Lille,16.3,85,2,False,False,,False,
11.77,19.61,845,2.41,08:30,20.32,Données temps réel,0,6648,2026-07-01,876,Grand Est,44,38.66,4,10.7,2026-07-01 06:30:00+00:00,614,38.02,4310,0,104,14.25,-5242,461,27.31,16.97,154.25,61.44,2026-07-01 06:00:00+00:00,2026-07-01,Strasbourg,20.4,78,2,False,False,,False,
5.69,0.0,0,3.67,08:30,0.32,Données temps réel,0,0,2026-07-01,9,Pays de la Loire,52,114.29,0,11.71,2026-07-01 06:30:00+00:00,139,90.0,2835,0,104,4.9,2257,332,0.0,14.39,0.0,,2026-07-01 06:00:00+00:00,2026-07-01,Nantes,16.8,82,2,False,False,,False,
6.86,0.09,2,2.07,08:30,0.0,Données temps réel,0,0,2026-07-01,0,Bretagne,53,56.96,0,4.64,2026-07-01 06:30:00+00:00,135,0.0,2177,0,45,6.2,1895,101,0.14,8.99,0.0,,2026-07-01 06:00:00+00:00,2026-07-01,Rennes,16.0,87,2,False,False,,False,
8.5,0.51,20,1.31,08:30,4.22,Données temps réel,0,5237,2026-07-01,164,Nouvelle-Aquitaine,75,14.7,8,27.08,2026-07-01 06:30:00+00:00,188,7.32,3889,0,51,4.83,-2832,1053,3.66,15.0,134.66,78.99,2026-07-01 06:00:00+00:00,2026-07-01,Bordeaux,18.8,78,2,False,False,,False,
39.23,0.0,0,2.23,08:30,31.67,Données temps réel,0,0,2026-07-01,1323,Occitanie,76,60.39,1,19.99,2026-07-01 06:30:00+00:00,714,24.72,4177,-10,93,17.09,1282,835,0.0,15.65,0.0,0.0,2026-07-01 06:00:00+00:00,2026-07-01,Toulouse,18.0,76,2,False,False,,False,
16.17,0.15,10,1.23,08:30,50.14,Données temps réel,0,5545,2026-07-01,3302,Auvergne-Rhône-Alpes,84,42.86,1,9.64,2026-07-01 06:30:00+00:00,129,28.83,6586,0,81,1.96,-3116,635,1.04,15.66,84.19,40.86,2026-07-01 06:00:00+00:00,2026-07-01,Lyon,23.1,53,2,False,False,,False,
22.31,0.36,16,3.11,08:30,29.83,Données temps réel,0,0,2026-07-01,1323,Provence-Alpes-Côte d'Azur,93,46.46,0,13.66,2026-07-01 06:30:00+00:00,27,41.01,4435,0,138,0.61,2325,606,0.61,20.85,0.0,,2026-07-01 06:00:00+00:00,2026-07-01,Marseille,26.7,49,2,False,False,,False,
21.58,0.0,0,2.26,08:45,0.23,Données temps réel,0,0,2026-07-01,16,Île-de-France,11,44.92,0,1.73,2026-07-01 06:45:00+00:00,30,84.21,7045,0,159,0.43,6719,122,0.0,21.55,0.0,,2026-07-01 06:00:00+00:00,2026-07-01,Paris,17.0,71,2,False,False,,False,
14.23,0.0,0,1.66,08:45,1.38,Données temps réel,0,9481,2026-07-01,25,Centre-Val de Loire,24,32.97,0,26.14,2026-07-01 06:45:00+00:00,257,27.17,1806,0,30,14.23,-8459,472,0.0,22.81,524.97,81.52,2026-07-01 06:00:00+00:00,2026-07-01,Orléans,17.4,67,2,False,False,,False,
11.33,0.0,0,1.34,08:45,0.13,Données temps réel,0,0,2026-07-01,3,Bourgogne-Franche-Comté,27,37.04,0,15.09,2026-07-01 06:45:00+00:00,135,0.58,2240,0,30,6.03,1734,338,0.0,19.59,0.0,,2026-07-01 06:00:00+00:00,2026-07-01,Dijon,17.4,93,2,False,False,,False,
10.93,3.42,89,3.27,08:45,0.38,Données temps réel,0,8475,2026-07-01,10,Normandie,28,57.43,0,3.27,2026-07-01 06:45:00+00:00,182,34.48,2603,0,85,6.99,-6323,85,11.66,12.67,325.59,69.13,2026-07-01 06:00:00+00:00,2026-07-01,Rouen,16.0,88,2,False,False,,False,
8.0,3.62,170,2.07,08:45,0.11,Données temps réel,-8,3507,2026-07-01,5,Hauts-de-France,32,49.49,0,5.28,2026-07-01 06:45:00+00:00,532,125.0,4697,0,97,11.33,146,248,7.1,22.65,74.66,64.23,2026-07-01 06:00:00+00:00,2026-07-01,Lille,16.3,85,2,False,False,,False,
12.61,19.38,848,2.38,08:45,15.98,Données temps réel,-2,6627,2026-07-01,699,Grand Est,44,38.66,4,13.1,2026-07-01 06:45:00+00:00,658,30.34,4375,0,104,15.04,-5136,573,27.41,21.09,151.47,61.25,2026-07-01 06:00:00+00:00,2026-07-01,Strasbourg,20.4,78,2,False,False,,False,
5.61,0.0,0,3.65,08:45,0.32,Données temps réel,0,0,2026-07-01,9,Pays de la Loire,52,114.29,0,14.5,2026-07-01 06:45:00+00:00,137,90.0,2849,0,104,4.81,2192,413,0.0,17.9,0.0,,2026-07-01 06:00:00+00:00,2026-07-01,Nantes,16.8,82,2,False,False,,False,
7.01,0.09,2,2.02,08:45,0.0,Données temps réel,0,0,2026-07-01,0,Bretagne,53,56.96,0,5.67,2026-07-01 06:45:00+00:00,138,0.0,2223,0,45,6.21,1912,126,0.14,11.21,0.0,,2026-07-01 06:00:00+00:00,2026-07-01,Rennes,16.0,87,2,False,False,,False,
8.31,0.51,20,1.31,08:45,4.03,Données temps réel,0,5233,2026-07-01,157,Nouvelle-Aquitaine,75,14.7,8,33.02,2026-07-01 06:45:00+00:00,184,7.01,3895,0,51,4.72,-3043,1286,3.66,18.31,134.35,78.93,2026-07-01 06:00:00+00:00,2026-07-01,Bordeaux,18.8,78,2,False,False,,False,
40.55,0.0,0,2.18,08:45,30.61,Données temps réel,0,0,2026-07-01,1305,Occitanie,76,60.39,1,24.55,2026-07-01 06:45:00+00:00,738,24.38,4264,-10,93,17.31,1152,1047,0.0,19.63,0.0,0.0,2026-07-01 06:00:00+00:00,2026-07-01,Toulouse,18.0,76,2,False,False,,False,
15.41,0.15,10,1.2,08:45,47.02,Données temps réel,0,5535,2026-07-01,3179,Auvergne-Rhône-Alpes,84,42.86,1,11.51,2026-07-01 06:45:00+00:00,123,27.76,6761,-2,81,1.82,-2943,778,1.04,19.19,81.87,40.79,2026-07-01 06:00:00+00:00,2026-07-01,Lyon,23.1,53,2,False,False,,False,
19.83,1.02,46,3.05,08:45,23.71,Données temps réel,0,0,2026-07-01,1073,Provence-Alpes-Côte d'Azur,93,46.46,0,16.06,2026-07-01 06:45:00+00:00,24,33.26,4526,0,138,0.53,2519,727,1.75,25.02,0.0,,2026-07-01 06:00:00+00:00,2026-07-01,Marseille,26.7,49,2,False,False,,False,
20.86,0.0,0,2.22,09:00,0.22,Données temps réel,0,0,2026-07-01,16,Île-de-France,11,44.63,0,2.03,2026-07-01 07:00:00+00:00,29,84.21,7130,0,158,0.41,6784,145,0.0,25.62,0.0,,2026-07-01 07:00:00+00:00,2026-07-01,Paris,18.5,67,2,False,False,,False,
14.89,0.0,0,1.64,09:00,1.37,Données temps réel,0,9490,2026-07-01,25,Centre-Val de Loire,24,32.97,0,30.26,2026-07-01 07:00:00+00:00,269,27.17,1824,0,30,14.75,-8542,552,0.0,26.68,520.29,81.6,2026-07-01 07:00:00+00:00,2026-07-01,Orléans,18.7,64,2,False,False,,False,
10.57,0.0,0,1.33,09:00,0.13,Données temps réel,0,0,2026-07-01,3,Bourgogne-Franche-Comté,27,37.04,0,17.46,2026-07-01 07:00:00+00:00,126,0.58,2251,0,30,5.6,1699,393,0.0,22.78,0.0,,2026-07-01 07:00:00+00:00,2026-07-01,Dijon,18.8,91,2,False,False,,False,
10.57,3.47,90,3.32,09:00,0.39,Données temps réel,0,8470,2026-07-01,10,Normandie,28,58.11,0,3.51,2026-07-01 07:00:00+00:00,176,34.48,2591,0,86,6.79,-6331,91,11.8,13.56,326.9,69.09,2026-07-01 07:00:00+00:00,2026-07-01,Rouen,17.2,80,2,False,False,,False,
8.27,4.03,191,2.07,09:00,0.11,Données temps réel,-1,3507,2026-07-01,5,Hauts-de-France,32,50.0,0,6.39,2026-07-01 07:00:00+00:00,550,125.0,4744,0,98,11.59,91,303,7.98,27.67,73.92,64.23,2026-07-01 07:00:00+00:00,2026-07-01,Lille,18.5,77,2,False,False,,False,
11.5,19.27,846,2.37,09:00,15.67,Données temps réel,-24,6636,2026-07-01,688,Grand Est,44,38.66,4,15.08,2026-07-01 07:00:00+00:00,600,29.86,4391,0,104,13.66,-5125,662,27.34,24.37,151.13,61.33,2026-07-01 07:00:00+00:00,2026-07-01,Strasbourg,21.6,69,2,False,False,,False,
6.1,0.0,0,3.62,09:00,0.31,Données temps réel,-43,0,2026-07-01,9,Pays de la Loire,52,114.29,0,16.3,2026-07-01 07:00:00+00:00,149,90.0,2872,0,104,5.19,2189,468,0.0,20.29,0.0,,2026-07-01 07:00:00+00:00,2026-07-01,Nantes,18.1,74,2,False,False,,False,
8.63,0.09,2,2.01,09:00,0.0,Données temps réel,0,0,2026-07-01,0,Bretagne,53,56.96,0,6.26,2026-07-01 07:00:00+00:00,170,0.0,2236,-8,45,7.6,1888,140,0.14,12.46,0.0,,2026-07-01 07:00:00+00:00,2026-07-01,Rennes,17.3,77,2,False,False,,False,
8.63,0.52,20,1.33,09:00,3.98,Données temps réel,0,5236,2026-07-01,153,Nouvelle-Aquitaine,75,14.7,8,39.11,2026-07-01 07:00:00+00:00,191,6.83,3840,0,51,4.97,-3320,1502,3.66,21.39,136.35,78.97,2026-07-01 07:00:00+00:00,2026-07-01,Bordeaux,19.9,73,2,False,False,,False,
42.58,0.0,0,2.14,09:00,28.76,Données temps réel,0,0,2026-07-01,1250,Occitanie,76,60.39,1,28.62,2026-07-01 07:00:00+00:00,775,23.35,4346,-10,93,17.83,1055,1244,0.0,23.32,0.0,0.0,2026-07-01 07:00:00+00:00,2026-07-01,Toulouse,18.8,70,2,False,False,,False,
14.79,0.15,10,1.19,09:00,42.4,Données temps réel,0,5547,2026-07-01,2885,Auvergne-Rhône-Alpes,84,42.86,0,13.52,2026-07-01 07:00:00+00:00,118,25.19,6805,0,81,1.73,-2755,920,1.04,22.69,81.51,40.88,2026-07-01 07:00:00+00:00,2026-07-01,Lyon,23.8,52,2,False,False,,False,
33.06,0.96,45,2.96,09:00,23.01,Données temps réel,0,0,2026-07-01,1074,Provence-Alpes-Côte d'Azur,93,46.46,0,18.17,2026-07-01 07:00:00+00:00,40,33.29,4667,0,138,0.86,2521,848,1.71,29.18,0.0,,2026-07-01 07:00:00+00:00,2026-07-01,Marseille,28.0,43,2,False,False,,False,
20.86,0.0,0,2.2,09:15,0.22,Données temps réel,0,0,2026-07-01,16,Île-de-France,11,44.92,0,2.3,2026-07-01 07:15:00+00:00,29,84.21,7216,0,159,0.4,6847,166,0.0,29.33,0.0,,2026-07-01 07:00:00+00:00,2026-07-01,Paris,18.5,67,2,False,False,,False,
15.28,0.0,0,1.58,09:15,1.31,Données temps réel,0,9481,2026-07-01,25,Centre-Val de Loire,24,32.97,0,34.38,2026-07-01 07:15:00+00:00,276,27.17,1902,0,30,14.51,-8564,654,0.0,31.61,498.48,81.52,2026-07-01 07:00:00+00:00,2026-07-01,Orléans,18.7,64,2,False,False,,False,
9.23,0.0,0,1.31,09:15,0.13,Données temps réel,0,0,2026-07-01,3,Bourgogne-Franche-Comté,27,37.04,0,19.75,2026-07-01 07:15:00+00:00,110,0.58,2283,0,30,4.82,1689,451,0.0,26.14,0.0,,2026-07-01 07:00:00+00:00,2026-07-01,Dijon,18.8,91,2,False,False,,False,
10.93,3.4,89,3.33,09:15,0.38,Données temps réel,0,8467,2026-07-01,10,Normandie,28,58.78,0,3.82,2026-07-01 07:15:00+00:00,182,34.48,2616,0,87,6.96,-6319,100,11.66,14.9,323.66,69.06,2026-07-01 07:00:00+00:00,2026-07-01,Rouen,17.2,80,2,False,False,,False,
8.25,4.26,203,2.06,09:15,0.11,Données temps réel,-5,3505,2026-07-01,5,Hauts-de-France,32,50.0,0,6.95,2026-07-01 07:15:00+00:00,549,125.0,4760,0,98,11.53,73,331,8.48,30.23,73.63,64.19,2026-07-01 07:00:00+00:00,2026-07-01,Lille,18.5,77,2,False,False,,False,
10.94,19.16,844,2.36,09:15,15.43,Données temps réel,-1,6620,2026-07-01,680,Grand Est,44,38.66,3,16.93,2026-07-01 07:15:00+00:00,571,29.51,4406,0,104,12.96,-5162,746,27.28,27.46,150.25,61.18,2026-07-01 07:00:00+00:00,2026-07-01,Strasbourg,21.6,69,2,False,False,,False,
6.59,0.0,0,3.65,09:15,0.32,Données temps réel,0,0,2026-07-01,9,Pays de la Loire,52,114.29,0,19.78,2026-07-01 07:15:00+00:00,161,90.0,2847,0,104,5.66,2016,563,0.0,24.4,0.0,,2026-07-01 07:00:00+00:00,2026-07-01,Nantes,18.1,74,2,False,False,,False,
10.21,0.09,2,2.0,09:15,0.0,Données temps réel,0,0,2026-07-01,0,Bretagne,53,56.96,0,6.97,2026-07-01 07:15:00+00:00,201,0.0,2253,-40,45,8.92,1888,157,0.14,13.97,0.0,,2026-07-01 07:00:00+00:00,2026-07-01,Rennes,17.3,77,2,False,False,,False,
8.9,0.51,20,1.3,09:15,2.45,Données temps réel,0,5210,2026-07-01,96,Nouvelle-Aquitaine,75,14.7,8,44.6,2026-07-01 07:15:00+00:00,197,4.28,3924,0,51,5.02,-3408,1750,3.66,24.92,132.77,78.58,2026-07-01 07:00:00+00:00,2026-07-01,Bordeaux,19.9,73,2,False,False,,False,
42.75,0.0,0,2.08,09:15,28.58,Données temps réel,0,0,2026-07-01,1262,Occitanie,76,59.74,0,33.15,2026-07-01 07:15:00+00:00,778,23.58,4416,-10,92,17.62,891,1464,0.0,27.44,0.0,0.0,2026-07-01 07:00:00+00:00,2026-07-01,Toulouse,18.8,70,2,False,False,,False,
14.66,0.15,10,1.21,09:15,47.38,Données temps réel,0,5524,2026-07-01,3178,Auvergne-Rhône-Alpes,84,42.86,1,15.92,2026-07-01 07:15:00+00:00,117,27.75,6707,-84,81,1.74,-3188,1068,1.04,26.34,82.36,40.71,2026-07-01 07:00:00+00:00,2026-07-01,Lyon,23.8,52,2,False,False,,False,
33.88,0.92,45,2.83,09:15,20.38,Données temps réel,0,0,2026-07-01,992,Provence-Alpes-Côte d'Azur,93,46.46,0,19.86,2026-07-01 07:15:00+00:00,41,30.75,4868,0,138,0.84,2686,967,1.71,33.28,0.0,,2026-07-01 07:00:00+00:00,2026-07-01,Marseille,28.0,43,2,False,False,,False,
16.55,0.0,0,2.21,09:30,0.22,Données temps réel,0,0,2026-07-01,16,Île-de-France,11,44.92,0,2.5,2026-07-01 07:30:00+00:00,23,84.21,7198,0,159,0.32,6821,180,0.0,31.8,0.0,,2026-07-01 07:00:00+00:00,2026-07-01,Paris,18.5,67,2,False,False,,False,
12.62,0.0,0,1.62,09:30,1.35,Données temps réel,0,9477,2026-07-01,25,Centre-Val de Loire,24,32.97,0,39.18,2026-07-01 07:30:00+00:00,228,27.17,1853,0,30,12.3,-8633,726,0.0,35.09,511.44,81.49,2026-07-01 07:00:00+00:00,2026-07-01,Orléans,18.7,64,2,False,False,,False,
9.4,0.0,0,1.3,09:30,0.13,Données temps réel,0,0,2026-07-01,3,Bourgogne-Franche-Comté,27,37.04,2,21.87,2026-07-01 07:30:00+00:00,112,0.58,2309,0,30,4.85,1657,505,0.0,29.28,0.0,,2026-07-01 07:00:00+00:00,2026-07-01,Dijon,18.8,91,2,False,False,,False,
11.41,3.38,89,3.34,09:30,0.38,Données temps réel,0,8475,2026-07-01,10,Normandie,28,59.46,0,4.29,2026-07-01 07:30:00+00:00,190,34.48,2636,0,88,7.21,-6328,113,11.66,16.84,321.51,69.13,2026-07-01 07:00:00+00:00,2026-07-01,Rouen,17.2,80,2,False,False,,False,
8.27,4.18,204,2.03,09:30,0.1,Données temps réel,-1,3506,2026-07-01,5,Hauts-de-France,32,50.51,0,7.05,2026-07-01 07:30:00+00:00,550,125.0,4881,0,99,11.27,174,344,8.52,31.42,71.83,64.21,2026-07-01 07:00:00+00:00,2026-07-01,Lille,18.5,77,2,False,False,,False,
11.31,19.18,846,2.36,09:30,15.28,Données temps réel,-8,6622,2026-07-01,674,Grand Est,44,38.66,3,18.82,2026-07-01 07:30:00+00:00,590,29.25,4410,0,104,13.38,-5251,830,27.34,30.55,150.16,61.2,2026-07-01 07:00:00+00:00,2026-07-01,Strasbourg,21.6,69,2,False,False,,False,
7.29,0.0,0,3.63,09:30,0.31,Données temps réel,-2,0,2026-07-01,9,Pays de la Loire,52,114.29,1,22.21,2026-07-01 07:30:00+00:00,178,90.0,2864,0,104,6.22,1942,636,0.0,27.57,0.0,,2026-07-01 07:00:00+00:00,2026-07-01,Nantes,18.1,74,2,False,False,,False,
12.29,0.04,1,1.99,09:30,0.0,Données temps réel,0,0,2026-07-01,0,Bretagne,53,56.96,0,7.74,2026-07-01 07:30:00+00:00,242,0.0,2262,-50,45,10.7,1849,175,0.07,15.57,0.0,,2026-07-01 07:00:00+00:00,2026-07-01,Rennes,17.3,77,2,False,False,,False,
8.95,0.53,20,1.35,09:30,0.77,Données temps réel,0,5219,2026-07-01,29,Nouvelle-Aquitaine,75,14.7,8,51.89,2026-07-01 07:30:00+00:00,198,1.29,3781,0,51,5.24,-3705,1962,3.66,27.94,138.03,78.72,2026-07-01 07:00:00+00:00,2026-07-01,Bordeaux,19.9,73,2,False,False,,False,
42.25,0.0,0,2.08,09:30,19.66,Données temps réel,0,0,2026-07-01,871,Occitanie,76,59.74,0,35.89,2026-07-01 07:30:00+00:00,769,16.27,4430,-10,92,17.36,1180,1590,0.0,29.8,0.0,0.0,2026-07-01 07:00:00+00:00,2026-07-01,Toulouse,18.8,70,2,False,False,,False,
14.66,0.15,10,1.2,09:30,47.09,Données temps réel,0,5528,2026-07-01,3174,Auvergne-Rhône-Alpes,84,42.86,1,18.01,2026-07-01 07:30:00+00:00,117,27.72,6741,-83,81,1.74,-3301,1214,1.04,29.95,82.01,40.74,2026-07-01 07:00:00+00:00,2026-07-01,Lyon,23.8,52,2,False,False,,False,
34.71,0.85,42,2.82,09:30,20.57,Données temps réel,0,0,2026-07-01,1015,Provence-Alpes-Côte d'Azur,93,46.8,0,21.91,2026-07-01 07:30:00+00:00,42,31.46,4934,0,139,0.85,2614,1081,1.6,37.2,0.0,,2026-07-01 07:00:00+00:00,2026-07-01,Marseille,28.0,43,2,False,False,,False,
15.11,0.0,0,2.15,09:45,0.22,Données temps réel,0,0,2026-07-01,16,Île-de-France,11,44.63,0,3.04,2026-07-01 07:45:00+00:00,21,84.21,7347,0,158,0.29,6930,223,0.0,39.4,0.0,,2026-07-01 07:00:00+00:00,2026-07-01,Paris,18.5,67,2,False,False,,False,
11.68,0.0,0,1.57,09:45,1.31,Données temps réel,0,9485,2026-07-01,25,Centre-Val de Loire,24,32.97,0,45.81,2026-07-01 07:45:00+00:00,211,27.17,1908,0,30,11.06,-8717,874,0.0,42.24,497.12,81.56,2026-07-01 07:00:00+00:00,2026-07-01,Orléans,18.7,64,2,False,False,,False,
8.56,0.0,0,1.32,09:45,0.13,Données temps réel,0,0,2026-07-01,3,Bourgogne-Franche-Comté,27,37.04,0,26.21,2026-07-01 07:45:00+00:00,102,0.58,2266,0,30,4.5,1536,594,0.0,34.43,0.0,,2026-07-01 07:00:00+00:00,2026-07-01,Dijon,18.8,91,2,False,False,,False,
11.83,3.33,89,3.25,09:45,0.37,Données temps réel,0,8474,2026-07-01,10,Normandie,28,58.78,0,5.05,2026-07-01 07:45:00+00:00,197,34.48,2673,0,87,7.37,-6320,135,11.66,20.12,317.02,69.12,2026-07-01 07:00:00+00:00,2026-07-01,Rouen,17.2,80,2,False,False,,False,
7.97,3.98,197,1.96,09:45,0.1,Données temps réel,0,3505,2026-07-01,5,Hauts-de-France,32,49.49,0,8.91,2026-07-01 07:45:00+00:00,530,125.0,4947,0,97,10.71,172,441,8.23,40.27,70.85,64.19,2026-07-01 07:00:00+00:00,2026-07-01,Lille,18.5,77,2,False,False,,False,
10.56,15.89,719,2.3,09:45,14.94,Données temps réel,0,6585,2026-07-01,676,Grand Est,44,38.66,4,22.09,2026-07-01 07:45:00+00:00,551,29.34,4526,0,104,12.17,-5112,1000,23.24,36.81,145.49,60.86,2026-07-01 07:00:00+00:00,2026-07-01,Strasbourg,21.6,69,2,False,False,,False,
7.37,0.0,0,3.42,09:45,0.3,Données temps réel,-1,0,2026-07-01,9,Pays de la Loire,52,114.29,0,25.23,2026-07-01 07:45:00+00:00,180,90.0,3044,0,104,5.91,1987,768,0.0,33.29,0.0,,2026-07-01 07:00:00+00:00,2026-07-01,Nantes,18.1,74,2,False,False,,False,
13.26,0.09,2,1.99,09:45,0.0,Données temps réel,0,0,2026-07-01,0,Bretagne,53,56.96,0,9.22,2026-07-01 07:45:00+00:00,261,0.0,2266,-56,45,11.52,1806,209,0.14,18.59,0.0,,2026-07-01 07:00:00+00:00,2026-07-01,Rennes,17.3,77,2,False,False,,False,
9.04,0.51,20,1.27,09:45,0.69,Données temps réel,0,5202,2026-07-01,27,Nouvelle-Aquitaine,75,14.41,8,61.37,2026-07-01 07:45:00+00:00,200,1.2,3937,0,50,5.08,-3986,2416,3.66,34.41,132.13,78.46,2026-07-01 07:00:00+00:00,2026-07-01,Bordeaux,19.9,73,2,False,False,,False,
43.85,0.0,0,2.04,09:45,18.84,Données temps réel,0,0,2026-07-01,860,Occitanie,76,60.39,0,41.03,2026-07-01 07:45:00+00:00,798,16.07,4565,-10,93,17.48,1014,1873,0.0,35.11,0.0,0.0,2026-07-01 07:00:00+00:00,2026-07-01,Toulouse,18.8,70,2,False,False,,False,
16.54,0.15,10,1.18,09:45,41.68,Données temps réel,0,5526,2026-07-01,2860,Auvergne-Rhône-Alpes,84,42.86,0,20.46,2026-07-01 07:45:00+00:00,132,24.97,6861,-83,81,1.92,-3068,1404,1.04,34.63,80.54,40.72,2026-07-01 07:00:00+00:00,2026-07-01,Lyon,23.8,52,2,False,False,,False,
22.31,1.96,98,2.77,09:45,17.4,Données temps réel,0,0,2026-07-01,868,Provence-Alpes-Côte d'Azur,93,46.46,0,24.14,2026-07-01 07:45:00+00:00,27,26.91,4988,0,138,0.54,2654,1204,3.72,41.43,0.0,,2026-07-01 07:00:00+00:00,2026-07-01,Marseille,28.0,43,2,False,False,,False,
11.51,0.0,0,2.11,10:00,0.22,Données temps réel,0,0,2026-07-01,16,Île-de-France,11,43.79,0,3.17,2026-07-01 08:00:00+00:00,16,84.21,7355,0,155,0.22,6935,233,0.0,41.17,0.0,,2026-07-01 08:00:00+00:00,2026-07-01,Paris,20.1,59,2,False,False,,False,
10.13,0.0,0,1.52,10:00,1.27,Données temps réel,0,9461,2026-07-01,25,Centre-Val de Loire,24,32.97,0,48.76,2026-07-01 08:00:00+00:00,183,27.17,1975,0,30,9.27,-8687,963,0.0,46.54,479.04,81.35,2026-07-01 08:00:00+00:00,2026-07-01,Orléans,20.0,60,2,False,False,,False,
8.98,0.0,0,1.29,10:00,0.13,Données temps réel,0,0,2026-07-01,3,Bourgogne-Franche-Comté,27,37.04,0,27.99,2026-07-01 08:00:00+00:00,107,0.58,2322,0,30,4.61,1532,650,0.0,37.68,0.0,,2026-07-01 08:00:00+00:00,2026-07-01,Dijon,20.7,77,2,False,False,,False,
10.09,3.36,89,3.24,10:00,0.38,Données temps réel,0,8479,2026-07-01,10,Normandie,28,58.11,0,5.32,2026-07-01 08:00:00+00:00,168,34.48,2651,0,86,6.34,-6321,141,11.66,21.01,319.84,69.16,2026-07-01 08:00:00+00:00,2026-07-01,Rouen,17.9,77,2,False,False,,False,
7.83,3.26,161,1.94,10:00,0.1,Données temps réel,-4,3503,2026-07-01,5,Hauts-de-France,32,48.98,0,9.4,2026-07-01 08:00:00+00:00,521,125.0,4945,0,96,10.54,198,465,6.73,42.47,70.84,64.16,2026-07-01 08:00:00+00:00,2026-07-01,Lille,20.2,70,2,False,False,,False,
10.83,12.9,579,2.32,10:00,15.02,Données temps réel,-5,6524,2026-07-01,674,Grand Est,44,38.66,3,23.65,2026-07-01 08:00:00+00:00,565,29.25,4487,-15,104,12.59,-5003,1061,18.71,39.05,145.4,60.3,2026-07-01 08:00:00+00:00,2026-07-01,Strasbourg,22.6,64,2,False,False,,False,
8.1,0.0,0,3.44,10:00,0.3,Données temps réel,-1,0,2026-07-01,9,Pays de la Loire,52,114.29,0,26.62,2026-07-01 08:00:00+00:00,198,90.0,3024,0,104,6.55,1915,805,0.0,34.89,0.0,,2026-07-01 08:00:00+00:00,2026-07-01,Nantes,19.3,65,2,False,False,,False,
12.8,0.09,2,1.97,10:00,0.0,Données temps réel,0,0,2026-07-01,0,Bretagne,53,56.96,0,9.74,2026-07-01 08:00:00+00:00,252,0.0,2289,-56,45,11.01,1823,223,0.14,19.84,0.0,,2026-07-01 08:00:00+00:00,2026-07-01,Rennes,18.6,69,2,False,False,,False,
8.77,0.51,20,1.3,10:00,0.66,Données temps réel,0,5203,2026-07-01,26,Nouvelle-Aquitaine,75,14.7,8,66.68,2026-07-01 08:00:00+00:00,194,1.16,3911,0,51,4.96,-4200,2608,3.66,37.14,133.04,78.48,2026-07-01 08:00:00+00:00,2026-07-01,Bordeaux,21.0,66,2,False,False,,False,
43.46,0.0,0,2.08,10:00,15.56,Données temps réel,0,0,2026-07-01,689,Occitanie,76,59.74,0,46.41,2026-07-01 08:00:00+00:00,791,12.87,4428,-10,92,17.86,873,2055,0.0,38.52,0.0,0.0,2026-07-01 08:00:00+00:00,2026-07-01,Toulouse,20.0,62,2,False,False,,False,
16.29,0.14,10,1.17,10:00,37.95,Données temps réel,0,5534,2026-07-01,2620,Auvergne-Rhône-Alpes,84,42.86,0,21.99,2026-07-01 08:00:00+00:00,130,22.88,6904,-83,81,1.88,-2905,1518,1.04,37.44,80.16,40.78,2026-07-01 08:00:00+00:00,2026-07-01,Lyon,24.6,50,2,False,False,,False,
25.62,2.49,127,2.73,10:00,16.81,Données temps réel,0,0,2026-07-01,857,Provence-Alpes-Côte d'Azur,93,46.8,0,26.29,2026-07-01 08:00:00+00:00,31,26.57,5097,0,139,0.61,2603,1340,4.83,46.11,0.0,,2026-07-01 08:00:00+00:00,2026-07-01,Marseille,29.2,39,2,False,False,,False,
10.07,0.0,0,2.11,10:15,0.21,Données temps réel,0,0,2026-07-01,16,Île-de-France,11,44.63,0,3.42,2026-07-01 08:15:00+00:00,14,84.21,7486,0,158,0.19,7042,256,0.0,45.23,0.0,,2026-07-01 08:00:00+00:00,2026-07-01,Paris,20.1,59,2,False,False,,False,
10.08,0.0,0,1.53,10:15,1.28,Données temps réel,0,9474,2026-07-01,25,Centre-Val de Loire,24,32.97,0,53.29,2026-07-01 08:15:00+00:00,182,27.17,1959,0,30,9.29,-8796,1044,0.0,50.46,483.61,81.46,2026-07-01 08:00:00+00:00,2026-07-01,Orléans,20.0,60,2,False,False,,False,
7.89,0.0,0,1.3,10:15,0.13,Données temps réel,0,0,2026-07-01,3,Bourgogne-Franche-Comté,27,37.04,2,30.73,2026-07-01 08:15:00+00:00,94,0.58,2304,0,30,4.08,1468,708,0.0,41.04,0.0,,2026-07-01 08:00:00+00:00,2026-07-01,Dijon,20.7,77,2,False,False,,False,
11.23,3.32,89,3.21,10:15,0.37,Données temps réel,0,8478,2026-07-01,10,Normandie,28,58.11,0,6.01,2026-07-01 08:15:00+00:00,187,34.48,2678,0,86,6.98,-6332,161,11.66,23.99,316.58,69.15,2026-07-01 08:00:00+00:00,2026-07-01,Rouen,17.9,77,2,False,False,,False,
6.79,3.06,149,1.97,10:15,0.1,Données temps réel,-6,3506,2026-07-01,5,Hauts-de-France,32,48.98,0,10.03,2026-07-01 08:15:00+00:00,452,125.0,4873,0,96,9.28,183,489,6.22,44.66,71.95,64.21,2026-07-01 08:00:00+00:00,2026-07-01,Lille,20.2,70,2,False,False,,False,
10.52,10.37,456,2.37,10:15,14.99,Données temps réel,-2,6573,2026-07-01,659,Grand Est,44,38.66,0,26.25,2026-07-01 08:15:00+00:00,549,28.6,4396,-348,104,12.49,-4750,1154,14.74,42.47,149.52,60.75,2026-07-01 08:00:00+00:00,2026-07-01,Strasbourg,22.6,64,2,False,False,,False,
8.8,0.0,0,3.28,10:15,0.28,Données temps réel,0,0,2026-07-01,9,Pays de la Loire,52,114.29,2,27.95,2026-07-01 08:15:00+00:00,215,90.0,3174,0,104,6.77,1960,887,0.0,38.45,0.0,,2026-07-01 08:00:00+00:00,2026-07-01,Nantes,19.3,65,2,False,False,,False,
12.54,0.09,2,1.96,10:15,0.0,Données temps réel,0,0,2026-07-01,0,Bretagne,53,56.96,0,11.04,2026-07-01 08:15:00+00:00,247,0.0,2301,-56,45,10.73,1810,254,0.14,22.6,0.0,,2026-07-01 08:00:00+00:00,2026-07-01,Rennes,18.6,69,2,False,False,,False,
8.27,0.51,20,1.31,10:15,0.64,Données temps réel,0,5200,2026-07-01,25,Nouvelle-Aquitaine,75,14.7,8,74.13,2026-07-01 08:15:00+00:00,183,1.12,3900,0,51,4.69,-4478,2891,3.66,41.17,133.33,78.43,2026-07-01 08:00:00+00:00,2026-07-01,Bordeaux,21.0,66,2,False,False,,False,
43.3,0.0,0,1.98,10:15,15.04,Données temps réel,0,0,2026-07-01,700,Occitanie,76,59.74,1,50.75,2026-07-01 08:15:00+00:00,788,13.08,4654,-10,92,16.93,783,2362,0.0,44.27,0.0,0.0,2026-07-01 08:00:00+00:00,2026-07-01,Toulouse,20.0,62,2,False,False,,False,
18.05,0.14,10,1.16,10:15,44.78,Données temps réel,0,5564,2026-07-01,3114,Auvergne-Rhône-Alpes,84,42.86,1,24.35,2026-07-01 08:15:00+00:00,144,27.19,6954,-410,81,2.07,-3242,1693,1.04,41.76,80.01,41.0,2026-07-01 08:00:00+00:00,2026-07-01,Lyon,24.6,50,2,False,False,,False,
31.4,3.07,157,2.66,10:15,13.82,Données temps réel,0,0,2026-07-01,707,Provence-Alpes-Côte d'Azur,93,45.79,0,28.05,2026-07-01 08:15:00+00:00,38,21.92,5115,0,136,0.74,2643,1435,5.97,49.38,0.0,,2026-07-01 08:00:00+00:00,2026-07-01,Marseille,29.2,39,2,False,False,,False,
7.91,0.0,0,2.08,10:30,0.21,Données temps réel,0,0,2026-07-01,16,Île-de-France,11,44.35,0,3.4,2026-07-01 08:30:00+00:00,11,84.21,7565,0,157,0.15,7125,257,0.0,45.41,0.0,,2026-07-01 08:00:00+00:00,2026-07-01,Paris,20.1,59,2,False,False,,False,
9.91,0.0,0,1.47,10:30,1.23,Données temps réel,0,9525,2026-07-01,25,Centre-Val de Loire,24,32.97,0,53.78,2026-07-01 08:30:00+00:00,179,27.17,2038,0,30,8.78,-8816,1096,0.0,52.97,467.37,81.9,2026-07-01 08:00:00+00:00,2026-07-01,Orléans,20.0,60,2,False,False,,False,
7.72,0.0,0,1.26,10:30,0.13,Données temps réel,0,0,2026-07-01,3,Bourgogne-Franche-Comté,27,37.04,0,32.15,2026-07-01 08:30:00+00:00,92,0.58,2386,0,30,3.86,1495,767,0.0,44.46,0.0,,2026-07-01 08:00:00+00:00,2026-07-01,Dijon,20.7,77,2,False,False,,False,
11.35,3.31,89,3.2,10:30,0.37,Données temps réel,0,8480,2026-07-01,10,Normandie,28,58.11,0,6.11,2026-07-01 08:30:00+00:00,189,34.48,2686,0,86,7.04,-6333,164,11.66,24.44,315.71,69.17,2026-07-01 08:00:00+00:00,2026-07-01,Rouen,17.9,77,2,False,False,,False,
6.79,3.16,154,1.95,10:30,0.1,Données temps réel,-2,3507,2026-07-01,5,Hauts-de-France,32,48.47,0,10.58,2026-07-01 08:30:00+00:00,452,125.0,4875,0,95,9.27,146,516,6.43,47.12,71.94,64.23,2026-07-01 08:00:00+00:00,2026-07-01,Lille,20.2,70,2,False,False,,False,
10.24,4.55,200,2.37,10:30,14.96,Données temps réel,-1,6582,2026-07-01,658,Grand Est,44,38.66,0,28.56,2026-07-01 08:30:00+00:00,534,28.56,4397,-516,104,12.14,-4420,1256,6.46,46.23,149.69,60.83,2026-07-01 08:00:00+00:00,2026-07-01,Strasbourg,22.6,64,2,False,False,,False,
8.15,0.0,0,3.38,10:30,0.29,Données temps réel,0,0,2026-07-01,9,Pays de la Loire,52,114.29,1,29.33,2026-07-01 08:30:00+00:00,199,90.0,3079,0,104,6.46,1867,903,0.0,39.14,0.0,,2026-07-01 08:00:00+00:00,2026-07-01,Nantes,19.3,65,2,False,False,,False,
12.44,0.09,2,1.98,10:30,0.0,Données temps réel,0,0,2026-07-01,0,Bretagne,53,56.96,0,11.83,2026-07-01 08:30:00+00:00,245,0.0,2273,-56,45,10.78,1769,269,0.14,23.93,0.0,,2026-07-01 08:00:00+00:00,2026-07-01,Rennes,18.6,69,2,False,False,,False,
8.36,0.5,20,1.28,10:30,0.63,Données temps réel,0,5207,2026-07-01,25,Nouvelle-Aquitaine,75,14.7,8,75.47,2026-07-01 08:30:00+00:00,185,1.12,3999,0,51,4.63,-4517,3018,3.66,42.98,130.21,78.54,2026-07-01 08:00:00+00:00,2026-07-01,Bordeaux,21.0,66,2,False,False,,False,
40.82,0.0,0,2.07,10:30,15.36,Données temps réel,0,0,2026-07-01,683,Occitanie,76,59.74,0,53.58,2026-07-01 08:30:00+00:00,743,12.76,4446,-10,92,16.71,619,2382,0.0,44.65,0.0,0.0,2026-07-01 08:00:00+00:00,2026-07-01,Toulouse,20.0,62,2,False,False,,False,
19.17,0.14,10,1.16,10:30,39.72,Données temps réel,0,5682,2026-07-01,2779,Auvergne-Rhône-Alpes,84,42.86,1,25.39,2026-07-01 08:30:00+00:00,153,24.27,6996,-409,81,2.19,-3076,1776,1.04,43.81,81.22,41.87,2026-07-01 08:00:00+00:00,2026-07-01,Lyon,24.6,50,2,False,False,,False,
37.19,3.74,195,2.63,10:30,12.3,Données temps réel,0,0,2026-07-01,641,Provence-Alpes-Côte d'Azur,93,46.13,0,29.37,2026-07-01 08:30:00+00:00,45,19.87,5210,0,137,0.86,2662,1530,7.41,52.65,0.0,,2026-07-01 08:00:00+00:00,2026-07-01,Marseille,29.2,39,2,False,False,,False,
9.35,0.0,0,2.09,10:45,0.21,Données temps réel,0,0,2026-07-01,16,Île-de-France,11,44.63,0,3.57,2026-07-01 08:45:00+00:00,13,84.21,7573,0,158,0.17,7117,270,0.0,47.7,0.0,,2026-07-01 08:00:00+00:00,2026-07-01,Paris,20.1,59,2,False,False,,False,
10.19,0.0,0,1.46,10:45,1.22,Données temps réel,0,9590,2026-07-01,25,Centre-Val de Loire,24,32.97,0,56.29,2026-07-01 08:45:00+00:00,184,27.17,2050,0,30,8.98,-8932,1154,0.0,55.78,467.8,82.46,2026-07-01 08:00:00+00:00,2026-07-01,Orléans,20.0,60,2,False,False,,False,
7.21,0.0,0,1.28,10:45,0.13,Données temps réel,0,0,2026-07-01,3,Bourgogne-Franche-Comté,27,37.04,0,35.09,2026-07-01 08:45:00+00:00,86,0.58,2340,0,30,3.68,1400,821,0.0,47.59,0.0,,2026-07-01 08:00:00+00:00,2026-07-01,Dijon,20.7,77,2,False,False,,False,
10.93,3.31,89,3.12,10:45,0.37,Données temps réel,0,8479,2026-07-01,10,Normandie,28,56.76,0,6.76,2026-07-01 08:45:00+00:00,182,34.48,2691,0,84,6.76,-6334,182,11.66,27.12,315.09,69.16,2026-07-01 08:00:00+00:00,2026-07-01,Rouen,17.9,77,2,False,False,,False,
6.04,3.55,173,1.97,10:45,0.1,Données temps réel,-3,3508,2026-07-01,5,Hauts-de-France,32,48.98,0,10.8,2026-07-01 08:45:00+00:00,402,125.0,4880,0,96,8.24,170,527,7.23,48.13,71.89,64.25,2026-07-01 08:00:00+00:00,2026-07-01,Lille,20.2,70,2,False,False,,False,
10.33,0.67,31,2.25,10:45,14.16,Données temps réel,-1,6531,2026-07-01,656,Grand Est,44,38.66,0,29.32,2026-07-01 08:45:00+00:00,539,28.47,4632,-515,104,11.64,-4071,1358,1.0,49.98,141.0,60.36,2026-07-01 08:00:00+00:00,2026-07-01,Strasbourg,22.6,64,2,False,False,,False,
8.51,0.0,0,3.35,10:45,0.29,Données temps réel,-11,0,2026-07-01,9,Pays de la Loire,52,114.29,0,29.7,2026-07-01 08:45:00+00:00,208,90.0,3108,0,104,6.69,1878,923,0.0,40.01,0.0,,2026-07-01 08:00:00+00:00,2026-07-01,Nantes,19.3,65,2,False,False,,False,
12.49,0.09,2,1.94,10:45,0.0,Données temps réel,0,0,2026-07-01,0,Bretagne,53,56.96,0,12.54,2026-07-01 08:45:00+00:00,246,0.0,2321,-56,45,10.6,1794,291,0.14,25.89,0.0,,2026-07-01 08:00:00+00:00,2026-07-01,Rennes,18.6,69,2,False,False,,False,
7.91,0.48,20,1.28,10:45,0.68,Données temps réel,0,5195,2026-07-01,28,Nouvelle-Aquitaine,75,15.27,8,79.01,2026-07-01 08:45:00+00:00,175,1.25,4125,0,53,4.24,-4614,3259,3.66,46.41,125.94,78.36,2026-07-01 08:00:00+00:00,2026-07-01,Bordeaux,21.0,66,2,False,False,,False,
42.25,0.0,0,2.03,10:45,13.34,Données temps réel,-1,0,2026-07-01,612,Occitanie,76,60.39,0,55.81,2026-07-01 08:45:00+00:00,769,11.43,4589,-10,93,16.76,626,2561,0.0,48.0,0.0,0.0,2026-07-01 08:00:00+00:00,2026-07-01,Toulouse,20.0,62,2,False,False,,False,
20.8,0.14,10,1.12,10:45,37.31,Données temps réel,-1,5683,2026-07-01,2700,Auvergne-Rhône-Alpes,84,42.86,0,26.05,2026-07-01 08:45:00+00:00,166,23.58,7236,-731,81,2.29,-2556,1885,1.04,46.5,78.54,41.88,2026-07-01 08:00:00+00:00,2026-07-01,Lyon,24.6,50,2,False,False,,False,
36.36,4.5,238,2.55,10:45,10.45,Données temps réel,0,0,2026-07-01,553,Provence-Alpes-Côte d'Azur,93,45.45,0,30.71,2026-07-01 08:45:00+00:00,44,17.14,5292,0,135,0.83,2697,1625,9.05,55.92,0.0,,2026-07-01 08:00:00+00:00,2026-07-01,Marseille,29.2,39,2,False,False,,False,
9.35,0.0,0,2.06,11:00,0.21,Données temps réel,0,0,2026-07-01,16,Île-de-France,11,44.35,0,3.51,2026-07-01 09:00:00+00:00,13,84.21,7626,0,157,0.17,7172,268,0.0,47.35,0.0,,2026-07-01 09:00:00+00:00,2026-07-01,Paris,20.9,55,2,False,False,,False,
10.3,0.0,0,1.46,11:00,1.22,Données temps réel,0,9613,2026-07-01,25,Centre-Val de Loire,24,32.97,0,58.39,2026-07-01 09:00:00+00:00,186,27.17,2050,0,30,9.07,-9001,1197,0.0,57.85,468.93,82.66,2026-07-01 09:00:00+00:00,2026-07-01,Orléans,21.8,53,2,False,False,,False,
7.3,0.0,0,1.33,11:00,0.13,Données temps réel,-1,0,2026-07-01,3,Bourgogne-Franche-Comté,27,37.04,0,35.7,2026-07-01 09:00:00+00:00,87,0.58,2255,0,30,3.86,1330,805,0.0,46.67,0.0,,2026-07-01 09:00:00+00:00,2026-07-01,Dijon,22.1,66,2,False,False,,False,
12.43,3.28,89,3.02,11:00,0.37,Données temps réel,0,8476,2026-07-01,10,Normandie,28,55.41,0,6.81,2026-07-01 09:00:00+00:00,207,34.48,2716,0,82,7.62,-6333,185,11.66,27.57,312.08,69.14,2026-07-01 09:00:00+00:00,2026-07-01,Rouen,18.7,72,2,False,False,,False,
6.16,3.74,185,1.94,11:00,0.1,Données temps réel,-4,3502,2026-07-01,5,Hauts-de-France,32,48.98,0,9.82,2026-07-01 09:00:00+00:00,410,125.0,4940,0,96,8.3,261,485,7.73,44.29,70.89,64.14,2026-07-01 09:00:00+00:00,2026-07-01,Lille,21.3,66,2,False,False,,False,
10.33,0.68,31,2.29,11:00,14.19,Données temps réel,-2,6516,2026-07-01,644,Grand Est,44,38.66,0,31.36,2026-07-01 09:00:00+00:00,539,27.95,4537,-515,104,11.88,-4203,1423,1.0,52.37,143.62,60.22,2026-07-01 09:00:00+00:00,2026-07-01,Strasbourg,24.0,56,2,False,False,,False,
8.84,0.0,0,3.29,11:00,0.29,Données temps réel,-46,0,2026-07-01,9,Pays de la Loire,52,114.29,0,29.33,2026-07-01 09:00:00+00:00,216,90.0,3157,0,104,6.84,1954,926,0.0,40.14,0.0,,2026-07-01 09:00:00+00:00,2026-07-01,Nantes,20.2,59,2,False,False,,False,
12.19,0.09,2,1.92,11:00,0.0,Données temps réel,0,0,2026-07-01,0,Bretagne,53,56.96,0,12.64,2026-07-01 09:00:00+00:00,240,0.0,2342,-56,45,10.25,1816,296,0.14,26.33,0.0,,2026-07-01 09:00:00+00:00,2026-07-01,Rennes,19.1,67,2,False,False,,False,
8.22,0.51,20,1.34,11:00,0.71,Données temps réel,0,5197,2026-07-01,28,Nouvelle-Aquitaine,75,15.27,8,84.23,2026-07-01 09:00:00+00:00,182,1.25,3951,0,53,4.61,-4864,3328,3.66,47.39,131.54,78.39,2026-07-01 09:00:00+00:00,2026-07-01,Bordeaux,22.2,58,2,False,False,,False,
45.82,0.0,0,2.03,11:00,12.3,Données temps réel,-1,0,2026-07-01,564,Occitanie,76,60.39,0,59.27,2026-07-01 09:00:00+00:00,834,10.54,4586,-10,93,18.19,449,2718,0.0,50.95,0.0,0.0,2026-07-01 09:00:00+00:00,2026-07-01,Toulouse,21.3,54,2,False,False,,False,
20.18,0.14,10,1.11,11:00,38.05,Données temps réel,0,5688,2026-07-01,2776,Auvergne-Rhône-Alpes,84,42.86,0,27.61,2026-07-01 09:00:00+00:00,161,24.24,7295,-733,81,2.21,-2700,2014,1.04,49.68,77.97,41.92,2026-07-01 09:00:00+00:00,2026-07-01,Lyon,24.8,50,2,False,False,,False,
41.32,5.5,295,2.54,11:00,10.13,Données temps réel,0,0,2026-07-01,543,Provence-Alpes-Côte d'Azur,93,45.79,0,31.63,2026-07-01 09:00:00+00:00,50,16.83,5362,0,136,0.93,2642,1696,11.21,58.36,0.0,,2026-07-01 09:00:00+00:00,2026-07-01,Marseille,29.9,38,2,False,False,,False,
10.79,0.0,0,2.06,11:15,0.21,Données temps réel,0,0,2026-07-01,16,Île-de-France,11,44.35,0,3.47,2026-07-01 09:15:00+00:00,15,84.21,7636,0,157,0.2,7184,265,0.0,46.82,0.0,,2026-07-01 09:00:00+00:00,2026-07-01,Paris,20.9,55,2,False,False,,False,
11.63,0.0,0,1.41,11:15,1.18,Données temps réel,0,9618,2026-07-01,25,Centre-Val de Loire,24,32.97,0,59.13,2026-07-01 09:15:00+00:00,210,27.17,2124,0,30,9.89,-9016,1256,0.0,60.71,452.82,82.7,2026-07-01 09:00:00+00:00,2026-07-01,Orléans,21.8,53,2,False,False,,False,
7.3,0.0,0,1.3,11:15,0.13,Données temps réel,0,0,2026-07-01,3,Bourgogne-Franche-Comté,27,37.04,1,37.25,2026-07-01 09:15:00+00:00,87,0.58,2306,0,30,3.77,1327,859,0.0,49.8,0.0,,2026-07-01 09:00:00+00:00,2026-07-01,Dijon,22.1,66,2,False,False,,False,
12.37,3.31,88,3.08,11:15,0.38,Données temps réel,0,7822,2026-07-01,10,Normandie,28,55.41,0,7.18,2026-07-01 09:15:00+00:00,206,34.48,2661,0,82,7.74,-5739,191,11.53,28.46,293.95,63.8,2026-07-01 09:00:00+00:00,2026-07-01,Rouen,18.7,72,2,False,False,,False,
6.39,2.92,147,1.91,11:15,0.1,Données temps réel,-7,3508,2026-07-01,5,Hauts-de-France,32,48.98,0,10.42,2026-07-01 09:15:00+00:00,425,125.0,5028,0,96,8.45,328,524,6.14,47.85,69.77,64.25,2026-07-01 09:00:00+00:00,2026-07-01,Lille,21.3,66,2,False,False,,False,
10.62,0.88,40,2.29,11:15,14.49,Données temps réel,-2,6569,2026-07-01,657,Grand Est,44,38.66,10,34.16,2026-07-01 09:15:00+00:00,554,28.52,4534,-513,104,12.22,-4434,1549,1.29,57.01,144.88,60.71,2026-07-01 09:00:00+00:00,2026-07-01,Strasbourg,24.0,56,2,False,False,,False,
8.96,0.0,0,3.4,11:15,0.29,Données temps réel,0,0,2026-07-01,9,Pays de la Loire,52,114.29,98,28.18,2026-07-01 09:15:00+00:00,219,90.0,3059,0,104,7.16,1771,862,0.0,37.36,0.0,,2026-07-01 09:00:00+00:00,2026-07-01,Nantes,20.2,59,2,False,False,,False,
10.51,0.09,2,1.93,11:15,0.0,Données temps réel,0,0,2026-07-01,0,Bretagne,53,56.96,0,12.94,2026-07-01 09:15:00+00:00,207,0.0,2326,0,45,8.9,1771,301,0.14,26.78,0.0,,2026-07-01 09:00:00+00:00,2026-07-01,Rennes,19.1,67,2,False,False,,False,
7.68,0.47,20,1.23,11:15,0.63,Données temps réel,0,5204,2026-07-01,27,Nouvelle-Aquitaine,75,15.27,8,82.76,2026-07-01 09:15:00+00:00,170,1.2,4292,0,53,3.96,-4740,3552,3.66,50.58,121.25,78.49,2026-07-01 09:00:00+00:00,2026-07-01,Bordeaux,22.2,58,2,False,False,,False,
45.66,0.0,0,2.09,11:15,12.12,Données temps réel,0,0,2026-07-01,539,Occitanie,76,60.39,1,62.97,2026-07-01 09:15:00+00:00,831,10.07,4448,-10,93,18.68,257,2801,0.0,52.5,0.0,0.0,2026-07-01 09:00:00+00:00,2026-07-01,Toulouse,21.3,54,2,False,False,,False,
21.05,0.14,10,1.11,11:15,40.72,Données temps réel,0,5680,2026-07-01,2971,Auvergne-Rhône-Alpes,84,42.86,1,28.99,2026-07-01 09:15:00+00:00,168,25.94,7296,-734,81,2.3,-2995,2115,1.04,52.17,77.85,41.86,2026-07-01 09:00:00+00:00,2026-07-01,Lyon,24.8,50,2,False,False,,False,
38.02,7.31,393,2.49,11:15,8.86,Données temps réel,0,0,2026-07-01,476,Provence-Alpes-Côte d'Azur,93,45.12,0,33.0,2026-07-01 09:15:00+00:00,46,14.76,5375,0,134,0.86,2552,1774,14.94,61.05,0.0,,2026-07-01 09:00:00+00:00,2026-07-01,Marseille,29.9,38,2,False,False,,False,
10.79,0.0,0,2.02,11:30,0.21,Données temps réel,0,0,2026-07-01,16,Île-de-France,11,43.79,0,3.53,2026-07-01 09:30:00+00:00,15,84.21,7674,0,155,0.2,7217,271,0.0,47.88,0.0,,2026-07-01 09:00:00+00:00,2026-07-01,Paris,20.9,55,2,False,False,,False,
11.46,0.0,0,1.44,11:30,1.2,Données temps réel,0,9625,2026-07-01,25,Centre-Val de Loire,24,32.97,0,61.6,2026-07-01 09:30:00+00:00,207,27.17,2078,0,30,9.96,-9090,1280,0.0,61.87,463.19,82.76,2026-07-01 09:00:00+00:00,2026-07-01,Orléans,21.8,53,2,False,False,,False,
7.63,0.0,0,1.3,11:30,0.13,Données temps réel,-1,0,2026-07-01,3,Bourgogne-Franche-Comté,27,37.04,0,38.16,2026-07-01 09:30:00+00:00,91,0.58,2306,0,30,3.95,1303,880,0.0,51.01,0.0,,2026-07-01 09:00:00+00:00,2026-07-01,Dijon,22.1,66,2,False,False,,False,
13.75,3.28,89,3.06,11:30,0.37,Données temps réel,0,7733,2026-07-01,10,Normandie,28,56.08,0,7.49,2026-07-01 09:30:00+00:00,229,34.48,2711,0,83,8.45,-5635,203,11.66,30.25,285.25,63.08,2026-07-01 09:00:00+00:00,2026-07-01,Rouen,18.7,72,2,False,False,,False,
6.18,3.27,168,1.87,11:30,0.1,Données temps réel,-3,3509,2026-07-01,5,Hauts-de-France,32,48.98,0,12.49,2026-07-01 09:30:00+00:00,411,125.0,5131,0,96,8.01,304,641,7.02,58.54,68.39,64.27,2026-07-01 09:00:00+00:00,2026-07-01,Lille,21.3,66,2,False,False,,False,
11.81,0.78,36,2.25,11:30,14.2,Données temps réel,-3,6544,2026-07-01,657,Grand Est,44,38.66,1,34.55,2026-07-01 09:30:00+00:00,616,28.52,4628,-512,104,13.31,-4414,1599,1.16,58.85,141.4,60.48,2026-07-01 09:00:00+00:00,2026-07-01,Strasbourg,24.0,56,2,False,False,,False,
9.78,0.0,0,3.32,11:30,0.29,Données temps réel,0,0,2026-07-01,9,Pays de la Loire,52,114.29,0,29.92,2026-07-01 09:30:00+00:00,239,90.0,3128,0,104,7.64,1845,936,0.0,40.57,0.0,,2026-07-01 09:00:00+00:00,2026-07-01,Nantes,20.2,59,2,False,False,,False,
9.7,0.09,2,1.95,11:30,0.0,Données temps réel,0,0,2026-07-01,0,Bretagne,53,56.96,0,14.06,2026-07-01 09:30:00+00:00,191,0.0,2305,0,45,8.29,1743,324,0.14,28.83,0.0,,2026-07-01 09:00:00+00:00,2026-07-01,Rennes,19.1,67,2,False,False,,False,
7.73,0.47,20,1.28,11:30,0.59,Données temps réel,0,5198,2026-07-01,25,Nouvelle-Aquitaine,75,15.56,8,85.71,2026-07-01 09:30:00+00:00,171,1.12,4227,0,54,4.05,-4872,3623,3.66,51.59,122.97,78.4,2026-07-01 09:00:00+00:00,2026-07-01,Bordeaux,22.2,58,2,False,False,,False,
44.51,0.0,0,2.05,11:30,11.82,Données temps réel,-1,0,2026-07-01,535,Occitanie,76,60.39,0,65.27,2026-07-01 09:30:00+00:00,810,9.99,4526,-10,93,17.9,208,2954,0.0,55.37,0.0,0.0,2026-07-01 09:00:00+00:00,2026-07-01,Toulouse,21.3,54,2,False,False,,False,
23.68,0.13,10,1.09,11:30,34.25,Données temps réel,0,5666,2026-07-01,2541,Auvergne-Rhône-Alpes,84,42.86,0,29.14,2026-07-01 09:30:00+00:00,189,22.19,7419,-647,81,2.55,-2583,2162,1.04,53.33,76.37,41.75,2026-07-01 09:00:00+00:00,2026-07-01,Lyon,24.8,50,2,False,False,,False,
36.36,8.85,472,2.51,11:30,8.91,Données temps réel,0,0,2026-07-01,475,Provence-Alpes-Côte d'Azur,93,45.12,0,33.92,2026-07-01 09:30:00+00:00,44,14.72,5333,0,134,0.83,2401,1809,17.94,62.25,0.0,,2026-07-01 09:00:00+00:00,2026-07-01,Marseille,29.9,38,2,False,False,,False,
10.79,0.0,0,1.97,11:45,0.21,Données temps réel,0,0,2026-07-01,16,Île-de-France,11,43.22,0,3.21,2026-07-01 09:45:00+00:00,15,84.21,7763,0,153,0.19,7332,249,0.0,43.99,0.0,,2026-07-01 09:00:00+00:00,2026-07-01,Paris,20.9,55,2,False,False,,False,
14.4,0.0,0,1.41,11:45,1.17,Données temps réel,0,9637,2026-07-01,25,Centre-Val de Loire,24,32.97,0,62.42,2026-07-01 09:45:00+00:00,260,27.17,2129,0,30,12.21,-9153,1329,0.0,64.23,452.65,82.86,2026-07-01 09:00:00+00:00,2026-07-01,Orléans,21.8,53,2,False,False,,False,
6.71,0.0,0,1.33,11:45,0.13,Données temps réel,-1,0,2026-07-01,3,Bourgogne-Franche-Comté,27,37.04,0,41.17,2026-07-01 09:45:00+00:00,80,0.58,2259,0,30,3.54,1217,930,0.0,53.91,0.0,,2026-07-01 09:00:00+00:00,2026-07-01,Dijon,22.1,66,2,False,False,,False,
14.23,3.28,90,3.02,11:45,0.36,Données temps réel,0,7722,2026-07-01,10,Normandie,28,56.08,0,7.69,2026-07-01 09:45:00+00:00,237,34.48,2744,0,83,8.64,-5610,211,11.8,31.45,281.41,62.99,2026-07-01 09:00:00+00:00,2026-07-01,Rouen,18.7,72,2,False,False,,False,
6.43,3.74,192,1.85,11:45,0.1,Données temps réel,0,3513,2026-07-01,5,Hauts-de-France,32,48.47,5,12.51,2026-07-01 09:45:00+00:00,428,125.0,5131,0,95,8.34,250,642,8.02,58.63,68.47,64.34,2026-07-01 09:00:00+00:00,2026-07-01,Lille,21.3,66,2,False,False,,False,
12.31,0.73,34,2.24,11:45,13.15,Données temps réel,-1,6538,2026-07-01,611,Grand Est,44,38.66,2,35.72,2026-07-01 09:45:00+00:00,642,26.52,4647,-510,104,13.82,-4434,1660,1.1,61.1,140.69,60.43,2026-07-01 09:00:00+00:00,2026-07-01,Strasbourg,24.0,56,2,False,False,,False,
9.25,0.0,0,3.35,11:45,0.29,Données temps réel,-2,0,2026-07-01,9,Pays de la Loire,52,114.29,44,29.9,2026-07-01 09:45:00+00:00,226,90.0,3107,0,104,7.27,1801,929,0.0,40.27,0.0,,2026-07-01 09:00:00+00:00,2026-07-01,Nantes,20.2,59,2,False,False,,False,
9.6,0.09,2,1.93,11:45,0.0,Données temps réel,0,0,2026-07-01,0,Bretagne,53,56.96,0,14.39,2026-07-01 09:45:00+00:00,189,0.0,2328,0,45,8.12,1757,335,0.14,29.8,0.0,,2026-07-01 09:00:00+00:00,2026-07-01,Rennes,19.1,67,2,False,False,,False,
7.59,0.48,20,1.27,11:45,0.6,Données temps réel,0,5183,2026-07-01,25,Nouvelle-Aquitaine,75,15.27,8,89.3,2026-07-01 09:45:00+00:00,168,1.12,4186,0,53,4.01,-5009,3738,3.66,53.23,123.82,78.17,2026-07-01 09:00:00+00:00,2026-07-01,Bordeaux,22.2,58,2,False,False,,False,
46.54,0.0,0,2.03,11:45,12.92,Données temps réel,-2,0,2026-07-01,592,Occitanie,76,60.39,0,68.13,2026-07-01 09:45:00+00:00,847,11.06,4581,-10,93,18.49,2,3121,0.0,58.5,0.0,0.0,2026-07-01 09:00:00+00:00,2026-07-01,Toulouse,21.3,54,2,False,False,,False,
24.06,0.13,10,1.09,11:45,32.68,Données temps réel,-1,5678,2026-07-01,2436,Auvergne-Rhône-Alpes,84,42.86,0,29.79,2026-07-01 09:45:00+00:00,192,21.27,7453,-648,81,2.58,-2514,2220,1.04,54.76,76.18,41.84,2026-07-01 09:00:00+00:00,2026-07-01,Lyon,24.8,50,2,False,False,,False,
44.63,9.07,484,2.51,11:45,9.01,Données temps réel,0,0,2026-07-01,481,Provence-Alpes-Côte d'Azur,93,45.12,0,34.82,2026-07-01 09:45:00+00:00,54,14.91,5336,0,134,1.01,2325,1858,18.4,63.94,0.0,,2026-07-01 09:00:00+00:00,2026-07-01,Marseille,29.9,38,2,False,False,,False,
12.23,0.0,0,1.99,12:00,0.21,Données temps réel,0,0,2026-07-01,16,Île-de-France,11,43.5,0,3.29,2026-07-01 10:00:00+00:00,17,84.21,7723,0,154,0.22,7283,254,0.0,44.88,0.0,,2026-07-01 10:00:00+00:00,2026-07-01,Paris,21.7,51,2,False,False,,False,
13.29,0.0,0,1.39,12:00,1.16,Données temps réel,0,9635,2026-07-01,25,Centre-Val de Loire,24,32.97,0,63.59,2026-07-01 10:00:00+00:00,240,27.17,2153,0,30,11.15,-9146,1369,0.0,66.17,447.52,82.85,2026-07-01 10:00:00+00:00,2026-07-01,Orléans,22.6,49,2,False,False,,False,
6.88,0.0,0,1.29,12:00,0.13,Données temps réel,0,0,2026-07-01,3,Bourgogne-Franche-Comté,27,37.04,1,41.39,2026-07-01 10:00:00+00:00,82,0.58,2334,0,30,3.51,1253,966,0.0,56.0,0.0,,2026-07-01 10:00:00+00:00,2026-07-01,Dijon,23.7,59,2,False,False,,False,
15.08,3.17,88,2.99,12:00,0.36,Données temps réel,0,7739,2026-07-01,10,Normandie,28,56.08,0,7.84,2026-07-01 10:00:00+00:00,251,34.48,2780,0,83,9.03,-5609,218,11.53,32.49,278.38,63.12,2026-07-01 10:00:00+00:00,2026-07-01,Rouen,20.3,63,2,False,False,,False,
7.2,3.95,208,1.8,12:00,0.09,Données temps réel,-4,3508,2026-07-01,5,Hauts-de-France,32,48.47,0,12.14,2026-07-01 10:00:00+00:00,479,125.0,5271,0,95,9.09,340,640,8.69,58.45,66.55,64.25,2026-07-01 10:00:00+00:00,2026-07-01,Lille,22.1,60,2,False,False,,False,
13.26,0.89,41,2.25,12:00,12.39,Données temps réel,-1,6519,2026-07-01,574,Grand Est,44,38.66,203,35.89,2026-07-01 10:00:00+00:00,692,24.91,4631,-511,104,14.94,-4652,1662,1.33,61.17,140.77,60.25,2026-07-01 10:00:00+00:00,2026-07-01,Strasbourg,25.3,47,2,False,False,,False,
9.01,0.0,0,3.34,12:00,0.29,Données temps réel,0,0,2026-07-01,9,Pays de la Loire,52,114.29,1,30.38,2026-07-01 10:00:00+00:00,220,90.0,3114,0,104,7.06,1839,946,0.0,41.01,0.0,,2026-07-01 10:00:00+00:00,2026-07-01,Nantes,21.0,56,2,False,False,,False,
10.67,0.09,2,1.93,12:00,0.0,Données temps réel,0,0,2026-07-01,0,Bretagne,53,56.96,0,15.15,2026-07-01 10:00:00+00:00,210,0.0,2336,0,45,8.99,1725,354,0.14,31.49,0.0,,2026-07-01 10:00:00+00:00,2026-07-01,Rennes,19.9,63,2,False,False,,False,
6.82,0.49,20,1.24,12:00,0.61,Données temps réel,0,5170,2026-07-01,25,Nouvelle-Aquitaine,75,14.7,8,87.92,2026-07-01 10:00:00+00:00,151,1.12,4121,0,51,3.66,-4927,3623,3.66,51.59,125.45,77.98,2026-07-01 10:00:00+00:00,2026-07-01,Bordeaux,23.1,53,2,False,False,,False,
45.05,0.0,0,2.04,12:00,12.77,Données temps réel,0,0,2026-07-01,583,Occitanie,76,60.39,0,70.41,2026-07-01 10:00:00+00:00,820,10.89,4566,-10,93,17.96,-73,3215,0.0,60.26,0.0,0.0,2026-07-01 10:00:00+00:00,2026-07-01,Toulouse,23.0,44,2,False,False,,False,
27.07,0.13,10,1.08,12:00,36.54,Données temps réel,0,5674,2026-07-01,2747,Auvergne-Rhône-Alpes,84,42.86,0,30.33,2026-07-01 10:00:00+00:00,216,23.99,7517,-657,81,2.87,-2833,2280,1.04,56.24,75.48,41.81,2026-07-01 10:00:00+00:00,2026-07-01,Lyon,26.7,45,2,False,False,,False,
42.15,10.67,581,2.48,12:00,8.76,Données temps réel,-3,0,2026-07-01,477,Provence-Alpes-Côte d'Azur,93,45.45,0,34.99,2026-07-01 10:00:00+00:00,51,14.79,5444,0,135,0.94,2298,1905,22.08,65.55,0.0,,2026-07-01 10:00:00+00:00,2026-07-01,Marseille,30.2,40,2,False,False,,False,
12.95,0.0,0,1.97,12:15,0.21,Données temps réel,0,0,2026-07-01,16,Île-de-France,11,43.5,0,3.14,2026-07-01 10:15:00+00:00,18,84.21,7801,0,154,0.23,7371,245,0.0,43.29,0.0,,2026-07-01 10:00:00+00:00,2026-07-01,Paris,21.7,51,2,False,False,,False,
14.29,0.0,0,1.43,12:15,1.19,Données temps réel,0,9603,2026-07-01,25,Centre-Val de Loire,24,32.97,0,61.21,2026-07-01 10:15:00+00:00,258,27.17,2096,0,30,12.31,-9102,1283,0.0,62.01,458.16,82.57,2026-07-01 10:00:00+00:00,2026-07-01,Orléans,22.6,49,2,False,False,,False,
8.05,0.0,0,1.28,12:15,0.13,Données temps réel,0,0,2026-07-01,3,Bourgogne-Franche-Comté,27,37.04,0,42.58,2026-07-01 10:15:00+00:00,96,0.58,2339,0,30,4.1,1213,996,0.0,57.74,0.0,,2026-07-01 10:00:00+00:00,2026-07-01,Dijon,23.7,59,2,False,False,,False,
17.0,3.15,89,2.94,12:15,0.35,Données temps réel,0,7677,2026-07-01,10,Normandie,28,56.08,0,7.8,2026-07-01 10:15:00+00:00,283,34.48,2822,0,83,10.03,-5541,220,11.66,32.79,272.04,62.62,2026-07-01 10:00:00+00:00,2026-07-01,Rouen,20.3,63,2,False,False,,False,
8.13,3.82,204,1.78,12:15,0.09,Données temps réel,-6,3511,2026-07-01,5,Hauts-de-France,32,48.47,0,12.05,2026-07-01 10:15:00+00:00,541,125.0,5336,0,95,10.14,344,643,8.52,58.72,65.8,64.3,2026-07-01 10:00:00+00:00,2026-07-01,Lille,22.1,60,2,False,False,,False,
13.69,0.86,40,2.24,12:15,12.84,Données temps réel,-4,6495,2026-07-01,595,Grand Est,44,38.66,0,38.04,2026-07-01 10:15:00+00:00,714,25.82,4635,-334,104,15.4,-4739,1763,1.29,64.89,140.13,60.03,2026-07-01 10:00:00+00:00,2026-07-01,Strasbourg,25.3,47,2,False,False,,False,
9.33,0.0,0,3.39,12:15,0.29,Données temps réel,0,0,2026-07-01,9,Pays de la Loire,52,114.29,2,30.12,2026-07-01 10:15:00+00:00,228,90.0,3064,0,104,7.44,1804,923,0.0,40.01,0.0,,2026-07-01 10:00:00+00:00,2026-07-01,Nantes,21.0,56,2,False,False,,False,
9.6,0.04,1,1.96,12:15,1.35,Données temps réel,0,0,2026-07-01,31,Bretagne,53,56.96,0,15.16,2026-07-01 10:15:00+00:00,189,11.27,2295,0,45,8.24,1680,348,0.07,30.96,0.0,,2026-07-01 10:00:00+00:00,2026-07-01,Rennes,19.9,63,2,False,False,,False,
7.23,0.46,20,1.25,12:15,0.67,Données temps réel,0,5173,2026-07-01,29,Nouvelle-Aquitaine,75,15.56,8,87.95,2026-07-01 10:15:00+00:00,160,1.29,4314,0,54,3.71,-4924,3794,3.66,54.03,119.91,78.02,2026-07-01 10:00:00+00:00,2026-07-01,Bordeaux,23.1,53,2,False,False,,False,
44.51,0.0,0,1.97,12:15,12.31,Données temps réel,0,0,2026-07-01,576,Occitanie,76,59.74,1,71.61,2026-07-01 10:15:00+00:00,810,10.76,4678,-10,92,17.32,-79,3350,0.0,62.79,0.0,0.0,2026-07-01 10:00:00+00:00,2026-07-01,Toulouse,23.0,44,2,False,False,,False,
28.7,0.13,10,1.09,12:15,41.14,Données temps réel,0,5305,2026-07-01,3051,Auvergne-Rhône-Alpes,84,42.86,0,31.74,2026-07-01 10:15:00+00:00,229,26.64,7417,-658,81,3.09,-2955,2354,1.04,58.07,71.52,39.09,2026-07-01 10:00:00+00:00,2026-07-01,Lyon,26.7,45,2,False,False,,False,
41.32,12.75,701,2.42,12:15,7.84,Données temps réel,0,0,2026-07-01,431,Provence-Alpes-Côte d'Azur,93,44.78,0,35.25,2026-07-01 10:15:00+00:00,50,13.36,5500,0,133,0.91,2246,1939,26.64,66.72,0.0,,2026-07-01 10:00:00+00:00,2026-07-01,Marseille,30.2,40,2,False,False,,False,
10.79,2.71,212,1.91,12:30,0.2,Données temps réel,0,0,2026-07-01,16,Île-de-France,11,42.37,0,2.95,2026-07-01 10:30:00+00:00,15,84.21,7833,0,150,0.19,7208,231,9.78,40.81,0.0,,2026-07-01 10:00:00+00:00,2026-07-01,Paris,21.7,51,2,False,False,,False,
14.06,0.0,0,1.37,12:30,1.14,Données temps réel,0,9566,2026-07-01,25,Centre-Val de Loire,24,32.97,0,59.04,2026-07-01 10:30:00+00:00,254,27.17,2185,0,30,11.62,-8979,1290,0.0,62.35,437.8,82.25,2026-07-01 10:00:00+00:00,2026-07-01,Orléans,22.6,49,2,False,False,,False,
9.73,0.0,0,1.27,12:30,0.13,Données temps réel,-2,0,2026-07-01,3,Bourgogne-Franche-Comté,27,37.04,0,42.83,2026-07-01 10:30:00+00:00,116,0.58,2363,0,30,4.91,1205,1012,0.0,58.67,0.0,,2026-07-01 10:00:00+00:00,2026-07-01,Dijon,23.7,59,2,False,False,,False,
16.1,3.19,89,3.01,12:30,0.36,Données temps réel,0,7655,2026-07-01,10,Normandie,28,56.76,0,8.27,2026-07-01 10:30:00+00:00,268,34.48,2792,0,84,9.6,-5545,231,11.66,34.43,274.18,62.44,2026-07-01 10:00:00+00:00,2026-07-01,Rouen,20.3,63,2,False,False,,False,
7.94,4.0,203,1.89,12:30,0.1,Données temps réel,-2,3515,2026-07-01,5,Hauts-de-France,32,48.98,0,12.11,2026-07-01 10:30:00+00:00,528,125.0,5077,0,96,10.4,116,615,8.48,56.16,69.23,64.38,2026-07-01 10:00:00+00:00,2026-07-01,Lille,22.1,60,2,False,False,,False,
15.55,2.83,131,2.25,12:30,13.06,Données temps réel,-6,6511,2026-07-01,605,Grand Est,44,38.66,0,38.8,2026-07-01 10:30:00+00:00,811,26.26,4632,-333,104,17.51,-4989,1797,4.23,66.14,140.57,60.18,2026-07-01 10:00:00+00:00,2026-07-01,Strasbourg,25.3,47,2,False,False,,False,
8.06,0.85,26,3.4,12:30,0.29,Données temps réel,-1,0,2026-07-01,9,Pays de la Loire,52,114.29,0,32.07,2026-07-01 10:30:00+00:00,197,90.0,3062,0,104,6.43,1746,982,1.32,42.57,0.0,,2026-07-01 10:00:00+00:00,2026-07-01,Nantes,21.0,56,2,False,False,,False,
9.4,0.08,2,1.91,12:30,3.9,Données temps réel,0,0,2026-07-01,92,Bretagne,53,56.96,0,15.81,2026-07-01 10:30:00+00:00,185,33.45,2360,0,45,7.84,1664,373,0.14,33.19,0.0,,2026-07-01 10:00:00+00:00,2026-07-01,Rennes,19.9,63,2,False,False,,False,
7.05,0.45,20,1.2,12:30,0.61,Données temps réel,0,5171,2026-07-01,27,Nouvelle-Aquitaine,75,15.27,8,83.45,2026-07-01 10:30:00+00:00,156,1.2,4429,0,53,3.52,-4702,3696,3.66,52.63,116.75,77.99,2026-07-01 10:00:00+00:00,2026-07-01,Bordeaux,23.1,53,2,False,False,,False,
44.67,0.0,0,1.94,12:30,12.46,Données temps réel,-1,0,2026-07-01,585,Occitanie,76,59.09,0,71.85,2026-07-01 10:30:00+00:00,813,10.93,4696,-10,91,17.31,-93,3374,0.0,63.24,0.0,0.0,2026-07-01 10:00:00+00:00,2026-07-01,Toulouse,23.0,44,2,False,False,,False,
31.7,0.14,10,1.1,12:30,38.81,Données temps réel,-1,5182,2026-07-01,2867,Auvergne-Rhône-Alpes,84,42.86,0,31.74,2026-07-01 10:30:00+00:00,253,25.03,7388,-658,81,3.42,-2691,2345,1.04,57.84,70.14,38.19,2026-07-01 10:00:00+00:00,2026-07-01,Lyon,26.7,45,2,False,False,,False,
41.32,14.68,811,2.41,12:30,7.82,Données temps réel,0,0,2026-07-01,432,Provence-Alpes-Côte d'Azur,93,44.78,0,35.36,2026-07-01 10:30:00+00:00,50,13.39,5523,0,133,0.91,2144,1953,30.82,67.21,0.0,,2026-07-01 10:00:00+00:00,2026-07-01,Marseille,30.2,40,2,False,False,,False,
16.55,5.62,436,1.92,12:45,0.21,Données temps réel,0,0,2026-07-01,16,Île-de-France,11,42.09,0,3.26,2026-07-01 10:45:00+00:00,23,84.21,7761,0,149,0.3,6883,253,20.11,44.7,0.0,,2026-07-01 10:00:00+00:00,2026-07-01,Paris,21.7,51,2,False,False,,False,
14.29,0.0,0,1.37,12:45,1.14,Données temps réel,0,9426,2026-07-01,25,Centre-Val de Loire,24,32.97,0,59.86,2026-07-01 10:45:00+00:00,258,27.17,2195,0,30,11.75,-8858,1314,0.0,63.51,429.43,81.05,2026-07-01 10:00:00+00:00,2026-07-01,Orléans,22.6,49,2,False,False,,False,
10.91,0.0,0,1.28,12:45,0.13,Données temps réel,0,0,2026-07-01,3,Bourgogne-Franche-Comté,27,37.04,0,43.94,2026-07-01 10:45:00+00:00,130,0.58,2335,0,30,5.57,1146,1026,0.0,59.48,0.0,,2026-07-01 10:00:00+00:00,2026-07-01,Dijon,23.7,59,2,False,False,,False,
16.1,3.21,89,2.99,12:45,0.36,Données temps réel,0,7702,2026-07-01,10,Normandie,28,56.08,0,8.44,2026-07-01 10:45:00+00:00,268,34.48,2773,0,83,9.66,-5613,234,11.66,34.87,277.75,62.82,2026-07-01 10:00:00+00:00,2026-07-01,Rouen,20.3,63,2,False,False,,False,
8.55,3.82,200,1.83,12:45,0.1,Données temps réel,-2,3516,2026-07-01,5,Hauts-de-France,32,48.98,0,11.96,2026-07-01 10:45:00+00:00,569,125.0,5242,0,96,10.85,231,627,8.35,57.26,67.07,64.4,2026-07-01 10:00:00+00:00,2026-07-01,Lille,22.1,60,2,False,False,,False,
17.29,7.27,344,2.2,12:45,12.84,Données temps réel,-20,6519,2026-07-01,608,Grand Est,44,38.66,0,37.25,2026-07-01 10:45:00+00:00,902,26.39,4735,-332,104,19.05,-5156,1764,11.12,64.92,137.68,60.25,2026-07-01 10:00:00+00:00,2026-07-01,Strasbourg,25.3,47,2,False,False,,False,
7.74,0.89,27,3.42,12:45,0.3,Données temps réel,0,0,2026-07-01,9,Pays de la Loire,52,114.29,0,32.27,2026-07-01 10:45:00+00:00,189,90.0,3037,0,104,6.22,1729,980,1.37,42.48,0.0,,2026-07-01 10:00:00+00:00,2026-07-01,Nantes,21.0,56,2,False,False,,False,
9.34,0.04,1,1.9,12:45,4.65,Données temps réel,0,0,2026-07-01,110,Bretagne,53,56.96,0,16.22,2026-07-01 10:45:00+00:00,184,40.0,2367,0,45,7.77,1642,384,0.07,34.16,0.0,,2026-07-01 10:00:00+00:00,2026-07-01,Rennes,19.9,63,2,False,False,,False,
6.82,0.45,20,1.21,12:45,0.63,Données temps réel,0,5173,2026-07-01,28,Nouvelle-Aquitaine,75,15.56,8,82.12,2026-07-01 10:45:00+00:00,151,1.25,4463,0,54,3.38,-4635,3665,3.66,52.19,115.91,78.02,2026-07-01 10:00:00+00:00,2026-07-01,Bordeaux,23.1,53,2,False,False,,False,
44.56,0.0,0,1.9,12:45,12.07,Données temps réel,0,0,2026-07-01,583,Occitanie,76,59.74,1,72.53,2026-07-01 10:45:00+00:00,811,10.89,4830,-10,92,16.79,-87,3503,0.0,65.66,0.0,0.0,2026-07-01 10:00:00+00:00,2026-07-01,Toulouse,23.0,44,2,False,False,,False,
34.34,0.13,10,1.08,12:45,38.53,Données temps réel,0,5104,2026-07-01,2900,Auvergne-Rhône-Alpes,84,42.86,0,31.32,2026-07-01 10:45:00+00:00,274,25.32,7526,-659,81,3.64,-2541,2357,1.04,58.14,67.82,37.61,2026-07-01 10:00:00+00:00,2026-07-01,Lyon,26.7,45,2,False,False,,False,
42.98,14.88,815,2.43,12:45,8.02,Données temps réel,0,0,2026-07-01,439,Provence-Alpes-Côte d'Azur,93,44.78,0,36.48,2026-07-01 10:45:00+00:00,52,13.61,5477,0,133,0.95,2040,1998,30.98,68.75,0.0,,2026-07-01 10:00:00+00:00,2026-07-01,Marseille,30.2,40,2,False,False,,False,
15.11,5.58,429,1.98,13:00,0.21,Données temps réel,0,0,2026-07-01,16,Île-de-France,11,42.94,0,3.22,2026-07-01 11:00:00+00:00,21,84.21,7692,0,152,0.27,6824,248,19.79,43.82,0.0,,2026-07-01 11:00:00+00:00,2026-07-01,Paris,22.3,50,2,False,False,,False,
17.83,0.0,0,1.39,13:00,1.16,Données temps réel,0,9321,2026-07-01,25,Centre-Val de Loire,24,32.97,0,58.26,2026-07-01 11:00:00+00:00,322,27.17,2161,0,30,14.9,-8796,1259,0.0,60.85,431.33,80.15,2026-07-01 11:00:00+00:00,2026-07-01,Orléans,23.8,44,2,False,False,,False,
11.41,0.0,0,1.34,13:00,0.13,Données temps réel,-2,0,2026-07-01,3,Bourgogne-Franche-Comté,27,37.04,0,43.92,2026-07-01 11:00:00+00:00,136,0.58,2245,0,30,6.06,1091,986,0.0,57.16,0.0,,2026-07-01 11:00:00+00:00,2026-07-01,Dijon,24.8,51,2,False,False,,False,
16.22,3.24,88,3.09,13:00,0.37,Données temps réel,0,7618,2026-07-01,10,Normandie,28,56.76,0,8.14,2026-07-01 11:00:00+00:00,270,34.48,2716,0,84,9.94,-5576,221,11.53,32.94,280.49,62.14,2026-07-01 11:00:00+00:00,2026-07-01,Rouen,21.0,58,2,False,False,,False,
8.52,3.91,208,1.81,13:00,0.09,Données temps réel,-8,3517,2026-07-01,5,Hauts-de-France,32,48.98,0,11.81,2026-07-01 11:00:00+00:00,567,125.0,5318,0,96,10.66,305,628,8.69,57.35,66.13,64.41,2026-07-01 11:00:00+00:00,2026-07-01,Lille,22.9,55,2,False,False,,False,
17.16,9.46,430,2.29,13:00,13.47,Données temps réel,-10,6489,2026-07-01,612,Grand Est,44,38.66,0,39.05,2026-07-01 11:00:00+00:00,895,26.56,4545,-331,104,19.69,-5418,1775,13.9,65.33,142.77,59.97,2026-07-01 11:00:00+00:00,2026-07-01,Strasbourg,26.2,42,2,False,False,,False,
7.12,0.86,25,3.58,13:00,0.31,Données temps réel,-76,0,2026-07-01,9,Pays de la Loire,52,114.29,0,32.64,2026-07-01 11:00:00+00:00,174,90.0,2901,0,104,6.0,1718,947,1.26,41.05,0.0,,2026-07-01 11:00:00+00:00,2026-07-01,Nantes,21.3,55,2,False,False,,False,
6.7,0.09,2,1.94,13:00,6.29,Données temps réel,0,0,2026-07-01,146,Bretagne,53,56.96,0,16.85,2026-07-01 11:00:00+00:00,132,53.09,2320,0,45,5.69,1606,391,0.14,34.79,0.0,,2026-07-01 11:00:00+00:00,2026-07-01,Rennes,21.1,57,2,False,False,,False,
6.69,0.45,20,1.21,13:00,0.65,Données temps réel,0,5161,2026-07-01,29,Nouvelle-Aquitaine,75,15.56,8,83.15,2026-07-01 11:00:00+00:00,148,1.29,4463,0,54,3.32,-4668,3711,3.66,52.85,115.64,77.84,2026-07-01 11:00:00+00:00,2026-07-01,Bordeaux,24.1,50,2,False,False,,False,
44.51,0.0,0,2.01,13:00,12.29,Données temps réel,-1,0,2026-07-01,569,Occitanie,76,60.39,0,74.37,2026-07-01 11:00:00+00:00,810,10.63,4631,-10,93,17.49,-210,3444,0.0,64.55,0.0,0.0,2026-07-01 11:00:00+00:00,2026-07-01,Toulouse,24.2,40,2,False,False,,False,
38.35,0.13,10,1.08,13:00,38.22,Données temps réel,-1,4995,2026-07-01,2874,Auvergne-Rhône-Alpes,84,42.86,0,31.24,2026-07-01 11:00:00+00:00,306,25.1,7520,-659,81,4.07,-2435,2349,1.04,57.94,66.42,36.81,2026-07-01 11:00:00+00:00,2026-07-01,Lyon,26.8,47,2,False,False,,False,
45.45,14.76,817,2.39,13:00,7.75,Données temps réel,0,0,2026-07-01,429,Provence-Alpes-Côte d'Azur,93,44.44,0,36.3,2026-07-01 11:00:00+00:00,55,13.3,5534,0,132,0.99,2092,2009,31.05,69.13,0.0,,2026-07-01 11:00:00+00:00,2026-07-01,Marseille,29.7,49,2,False,False,,False,
14.39,5.6,429,1.98,13:15,0.21,Données temps réel,0,0,2026-07-01,16,Île-de-France,11,42.94,0,3.28,2026-07-01 11:15:00+00:00,20,84.21,7659,0,152,0.26,6791,251,19.79,44.35,0.0,,2026-07-01 11:00:00+00:00,2026-07-01,Paris,22.3,50,2,False,False,,False,
17.83,0.0,0,1.39,13:15,1.16,Données temps réel,0,9231,2026-07-01,25,Centre-Val de Loire,24,32.97,0,60.32,2026-07-01 11:15:00+00:00,322,27.17,2152,0,30,14.96,-8754,1298,0.0,62.74,428.95,79.37,2026-07-01 11:00:00+00:00,2026-07-01,Orléans,23.8,44,2,False,False,,False,
11.16,0.0,0,1.36,13:15,0.14,Données temps réel,-1,0,2026-07-01,3,Bourgogne-Franche-Comté,27,37.04,0,44.54,2026-07-01 11:15:00+00:00,133,0.58,2207,0,30,6.03,1058,983,0.0,56.99,0.0,,2026-07-01 11:00:00+00:00,2026-07-01,Dijon,24.8,51,2,False,False,,False,
17.42,3.3,89,3.11,13:15,0.37,Données temps réel,0,7707,2026-07-01,10,Normandie,28,56.76,0,8.6,2026-07-01 11:15:00+00:00,290,34.48,2697,0,84,10.75,-5715,232,11.66,34.58,285.76,62.86,2026-07-01 11:00:00+00:00,2026-07-01,Rouen,21.0,58,2,False,False,,False,
9.41,2.94,153,1.84,13:15,0.1,Données temps réel,0,3523,2026-07-01,5,Hauts-de-France,32,48.98,2,11.5,2026-07-01 11:15:00+00:00,626,125.0,5209,0,96,12.02,204,599,6.39,54.7,67.63,64.52,2026-07-01 11:00:00+00:00,2026-07-01,Lille,22.9,55,2,False,False,,False,
18.08,9.36,432,2.25,13:15,13.96,Données temps réel,-29,6529,2026-07-01,644,Grand Est,44,38.66,3,38.17,2026-07-01 11:15:00+00:00,943,27.95,4614,-345,104,20.44,-5428,1761,13.96,64.81,141.5,60.34,2026-07-01 11:00:00+00:00,2026-07-01,Strasbourg,26.2,42,2,False,False,,False,
6.67,0.83,24,3.58,13:15,0.31,Données temps réel,-4,0,2026-07-01,9,Pays de la Loire,52,114.29,0,34.57,2026-07-01 11:15:00+00:00,163,90.0,2901,0,104,5.62,1602,1003,1.21,43.48,0.0,,2026-07-01 11:00:00+00:00,2026-07-01,Nantes,21.3,55,2,False,False,,False,
5.99,0.0,0,2.0,13:15,7.13,Données temps réel,-80,0,2026-07-01,160,Bretagne,53,56.96,0,18.49,2026-07-01 11:15:00+00:00,118,58.18,2245,0,45,5.26,1587,415,0.0,36.92,0.0,,2026-07-01 11:00:00+00:00,2026-07-01,Rennes,21.1,57,2,False,False,,False,
6.96,0.46,20,1.21,13:15,0.75,Données temps réel,0,5182,2026-07-01,33,Nouvelle-Aquitaine,75,15.27,8,86.21,2026-07-01 11:15:00+00:00,154,1.47,4380,0,53,3.52,-4846,3776,3.66,53.77,118.31,78.16,2026-07-01 11:00:00+00:00,2026-07-01,Bordeaux,24.1,50,2,False,False,,False,
44.84,0.0,0,1.98,13:15,12.47,Données temps réel,-1,0,2026-07-01,578,Occitanie,76,59.74,0,74.63,2026-07-01 11:15:00+00:00,816,10.8,4635,-10,92,17.61,-237,3459,0.0,64.84,0.0,0.0,2026-07-01 11:00:00+00:00,2026-07-01,Toulouse,24.2,40,2,False,False,,False,
39.6,0.13,10,1.07,13:15,33.11,Données temps réel,-1,4937,2026-07-01,2516,Auvergne-Rhône-Alpes,84,42.86,0,31.94,2026-07-01 11:15:00+00:00,316,21.97,7599,-656,81,4.16,-2029,2427,1.04,59.87,64.97,36.38,2026-07-01 11:00:00+00:00,2026-07-01,Lyon,26.8,47,2,False,False,,False,
50.41,14.55,814,2.38,13:15,7.31,Données temps réel,0,0,2026-07-01,409,Provence-Alpes-Côte d'Azur,93,44.78,0,36.22,2026-07-01 11:15:00+00:00,61,12.68,5596,0,133,1.09,2153,2027,30.94,69.75,0.0,,2026-07-01 11:00:00+00:00,2026-07-01,Marseille,29.7,49,2,False,False,,False,
20.14,5.54,430,1.96,13:30,0.21,Données temps réel,0,0,2026-07-01,16,Île-de-France,11,42.94,0,3.25,2026-07-01 11:30:00+00:00,28,84.21,7763,0,152,0.36,6885,252,19.83,44.52,0.0,,2026-07-01 11:00:00+00:00,2026-07-01,Paris,22.3,50,2,False,False,,False,
15.84,0.0,0,1.37,13:30,1.14,Données temps réel,0,9113,2026-07-01,25,Centre-Val de Loire,24,32.97,0,57.53,2026-07-01 11:30:00+00:00,286,27.17,2192,0,30,13.05,-8523,1261,0.0,60.95,415.74,78.36,2026-07-01 11:00:00+00:00,2026-07-01,Orléans,23.8,44,2,False,False,,False,
13.17,0.0,0,1.32,13:30,0.13,Données temps réel,0,0,2026-07-01,3,Bourgogne-Franche-Comté,27,37.04,1,42.06,2026-07-01 11:30:00+00:00,157,0.58,2268,0,30,6.92,1124,954,0.0,55.3,0.0,,2026-07-01 11:00:00+00:00,2026-07-01,Dijon,24.8,51,2,False,False,,False,
17.54,3.38,90,3.23,13:30,0.38,Données temps réel,0,7736,2026-07-01,10,Normandie,28,58.11,0,8.63,2026-07-01 11:30:00+00:00,292,34.48,2665,0,86,10.96,-5779,230,11.8,34.28,290.28,63.1,2026-07-01 11:00:00+00:00,2026-07-01,Rouen,21.0,58,2,False,False,,False,
9.79,3.08,155,1.89,13:30,0.1,Données temps réel,0,3517,2026-07-01,5,Hauts-de-France,32,48.47,3,10.86,2026-07-01 11:30:00+00:00,651,125.0,5026,0,95,12.95,54,546,6.47,49.86,69.98,64.41,2026-07-01 11:00:00+00:00,2026-07-01,Lille,22.9,55,2,False,False,,False,
17.46,9.47,436,2.26,13:30,13.76,Données temps réel,-250,6549,2026-07-01,634,Grand Est,44,38.66,2,39.14,2026-07-01 11:30:00+00:00,911,27.52,4606,-502,104,19.78,-5084,1803,14.09,66.36,142.18,60.53,2026-07-01 11:00:00+00:00,2026-07-01,Strasbourg,26.2,42,2,False,False,,False,
6.84,0.85,24,3.66,13:30,0.32,Données temps réel,-51,0,2026-07-01,9,Pays de la Loire,52,114.29,0,34.68,2026-07-01 11:30:00+00:00,167,90.0,2840,0,104,5.88,1601,985,1.21,42.7,0.0,,2026-07-01 11:00:00+00:00,2026-07-01,Nantes,21.3,55,2,False,False,,False,
6.3,0.0,0,2.07,13:30,7.48,Données temps réel,0,0,2026-07-01,163,Bretagne,53,56.96,80,19.38,2026-07-01 11:30:00+00:00,124,59.27,2178,0,45,5.69,1344,422,0.0,37.54,0.0,,2026-07-01 11:00:00+00:00,2026-07-01,Rennes,21.1,57,2,False,False,,False,
7.32,0.47,20,1.23,13:30,0.65,Données temps réel,0,5182,2026-07-01,28,Nouvelle-Aquitaine,75,15.27,8,86.9,2026-07-01 11:30:00+00:00,162,1.25,4299,0,53,3.77,-4889,3736,3.66,53.2,120.54,78.16,2026-07-01 11:00:00+00:00,2026-07-01,Bordeaux,24.1,50,2,False,False,,False,
42.64,0.0,0,2.01,13:30,12.29,Données temps réel,0,0,2026-07-01,568,Occitanie,76,60.39,1,77.78,2026-07-01 11:30:00+00:00,776,10.61,4621,-10,93,16.79,-337,3594,0.0,67.37,0.0,0.0,2026-07-01 11:00:00+00:00,2026-07-01,Toulouse,24.2,40,2,False,False,,False,
38.35,0.13,10,1.07,13:30,32.98,Données temps réel,0,4827,2026-07-01,2490,Auvergne-Rhône-Alpes,84,42.86,0,31.66,2026-07-01 11:30:00+00:00,306,21.74,7550,-659,81,4.05,-1894,2390,1.04,58.95,63.93,35.57,2026-07-01 11:00:00+00:00,2026-07-01,Lyon,26.8,47,2,False,False,,False,
47.11,14.83,815,2.44,13:30,7.42,Données temps réel,0,0,2026-07-01,408,Provence-Alpes-Côte d'Azur,93,45.12,0,36.26,2026-07-01 11:30:00+00:00,57,12.65,5497,0,134,1.04,2091,1993,30.98,68.58,0.0,,2026-07-01 11:00:00+00:00,2026-07-01,Marseille,29.7,49,2,False,False,,False,
20.86,5.61,431,1.98,13:45,0.21,Données temps réel,0,0,2026-07-01,16,Île-de-France,11,42.94,0,3.49,2026-07-01 11:45:00+00:00,29,84.21,7676,0,152,0.38,6780,268,19.88,47.35,0.0,,2026-07-01 11:00:00+00:00,2026-07-01,Paris,22.3,50,2,False,False,,False,
17.0,0.0,0,1.4,13:45,1.16,Données temps réel,0,9048,2026-07-01,25,Centre-Val de Loire,24,32.97,0,57.91,2026-07-01 11:45:00+00:00,307,27.17,2150,0,30,14.28,-8504,1245,0.0,60.17,420.84,77.8,2026-07-01 11:00:00+00:00,2026-07-01,Orléans,23.8,44,2,False,False,,False,
13.93,0.0,0,1.41,13:45,0.14,Données temps réel,0,0,2026-07-01,3,Bourgogne-Franche-Comté,27,37.04,1,43.84,2026-07-01 11:45:00+00:00,166,0.58,2128,0,30,7.8,997,933,0.0,54.09,0.0,,2026-07-01 11:00:00+00:00,2026-07-01,Dijon,24.8,51,2,False,False,,False,
16.04,3.44,90,3.25,13:45,0.38,Données temps réel,0,7703,2026-07-01,10,Normandie,28,57.43,0,9.09,2026-07-01 11:45:00+00:00,267,34.48,2618,0,85,10.2,-5775,238,11.8,35.47,294.23,62.83,2026-07-01 11:00:00+00:00,2026-07-01,Rouen,21.0,58,2,False,False,,False,
10.15,3.71,184,1.88,13:45,0.1,Données temps réel,-6,3522,2026-07-01,5,Hauts-de-France,32,47.45,0,11.08,2026-07-01 11:45:00+00:00,675,125.0,4955,0,93,13.62,-68,549,7.69,50.14,71.08,64.51,2026-07-01 11:00:00+00:00,2026-07-01,Lille,22.9,55,2,False,False,,False,
17.54,9.4,441,2.22,13:45,13.56,Données temps réel,-88,6510,2026-07-01,636,Grand Est,44,38.66,0,37.0,2026-07-01 11:45:00+00:00,915,27.6,4689,-501,104,19.51,-5063,1735,14.25,63.86,138.84,60.17,2026-07-01 11:00:00+00:00,2026-07-01,Strasbourg,26.2,42,2,False,False,,False,
6.3,0.86,24,3.71,13:45,0.32,Données temps réel,-4,0,2026-07-01,9,Pays de la Loire,52,114.29,0,34.87,2026-07-01 11:45:00+00:00,154,90.0,2802,0,104,5.5,1537,977,1.21,42.35,0.0,,2026-07-01 11:00:00+00:00,2026-07-01,Nantes,21.3,55,2,False,False,,False,
6.55,0.09,2,2.05,13:45,8.35,Données temps réel,0,0,2026-07-01,183,Bretagne,53,56.96,0,20.03,2026-07-01 11:45:00+00:00,129,66.55,2192,0,45,5.89,1394,439,0.14,39.06,0.0,,2026-07-01 11:00:00+00:00,2026-07-01,Rennes,21.1,57,2,False,False,,False,
7.77,0.46,20,1.26,13:45,0.6,Données temps réel,0,5173,2026-07-01,26,Nouvelle-Aquitaine,75,15.85,8,87.58,2026-07-01 11:45:00+00:00,172,1.16,4365,0,55,3.94,-4913,3823,3.66,54.44,118.51,78.02,2026-07-01 11:00:00+00:00,2026-07-01,Bordeaux,24.1,50,2,False,False,,False,
43.35,0.0,0,2.02,13:45,12.6,Données temps réel,0,0,2026-07-01,575,Occitanie,76,59.74,1,76.87,2026-07-01 11:45:00+00:00,789,10.74,4562,-222,92,17.3,-118,3507,0.0,65.74,0.0,0.0,2026-07-01 11:00:00+00:00,2026-07-01,Toulouse,24.2,40,2,False,False,,False,
40.48,0.13,10,1.07,13:45,32.58,Données temps réel,0,4721,2026-07-01,2431,Auvergne-Rhône-Alpes,84,42.33,0,31.87,2026-07-01 11:45:00+00:00,323,21.23,7462,-658,80,4.33,-1824,2378,1.04,58.66,63.27,34.79,2026-07-01 11:00:00+00:00,2026-07-01,Lyon,26.8,47,2,False,False,,False,
51.24,14.83,817,2.45,13:45,7.42,Données temps réel,-1,0,2026-07-01,409,Provence-Alpes-Côte d'Azur,93,45.45,0,36.1,2026-07-01 11:45:00+00:00,62,12.68,5509,0,135,1.13,2098,1989,31.05,68.44,0.0,,2026-07-01 11:00:00+00:00,2026-07-01,Marseille,29.7,49,2,False,False,,False,
17.27,5.63,434,1.99,14:00,0.21,Données temps réel,0,0,2026-07-01,16,Île-de-France,11,43.22,0,2.98,2026-07-01 12:00:00+00:00,24,84.21,7707,0,153,0.31,6850,230,20.02,40.64,0.0,,2026-07-01 12:00:00+00:00,2026-07-01,Paris,23.1,47,2,False,False,,False,
16.33,0.0,0,1.4,14:00,1.17,Données temps réel,0,9028,2026-07-01,25,Centre-Val de Loire,24,32.97,0,60.51,2026-07-01 12:00:00+00:00,295,27.17,2140,0,30,13.79,-8532,1295,0.0,62.59,421.87,77.63,2026-07-01 12:00:00+00:00,2026-07-01,Orléans,23.8,44,2,False,False,,False,
15.18,0.0,0,1.37,14:00,0.14,Données temps réel,-2,0,2026-07-01,3,Bourgogne-Franche-Comté,27,37.04,0,44.32,2026-07-01 12:00:00+00:00,181,0.58,2191,0,30,8.26,1008,971,0.0,56.29,0.0,,2026-07-01 12:00:00+00:00,2026-07-01,Dijon,24.5,50,2,False,False,,False,
16.88,3.33,89,3.18,14:00,0.37,Données temps réel,0,7709,2026-07-01,10,Normandie,28,57.43,0,9.72,2026-07-01 12:00:00+00:00,281,34.48,2674,0,85,10.51,-5760,260,11.66,38.75,288.29,62.88,2026-07-01 12:00:00+00:00,2026-07-01,Rouen,21.0,55,2,False,False,,False,
9.97,3.03,152,1.85,14:00,0.1,Données temps réel,-7,3516,2026-07-01,5,Hauts-de-France,32,47.45,0,10.87,2026-07-01 12:00:00+00:00,663,125.0,5014,0,93,13.22,47,545,6.35,49.77,70.12,64.4,2026-07-01 12:00:00+00:00,2026-07-01,Lille,23.3,51,2,False,False,,False,
17.71,8.9,430,2.15,14:00,12.62,Données temps réel,-21,6450,2026-07-01,610,Grand Est,44,38.66,0,36.36,2026-07-01 12:00:00+00:00,924,26.48,4832,-502,104,19.12,-4921,1757,13.9,64.67,133.49,59.61,2026-07-01 12:00:00+00:00,2026-07-01,Strasbourg,26.5,34,2,False,False,,False,
5.89,0.84,24,3.64,14:00,0.31,Données temps réel,-5,0,2026-07-01,9,Pays de la Loire,52,114.29,1,34.87,2026-07-01 12:00:00+00:00,144,90.0,2859,0,104,5.04,1584,997,1.21,43.22,0.0,,2026-07-01 12:00:00+00:00,2026-07-01,Nantes,22.3,50,2,False,False,,False,
6.2,0.09,2,2.06,14:00,9.05,Données temps réel,-80,0,2026-07-01,198,Bretagne,53,56.96,0,20.56,2026-07-01 12:00:00+00:00,122,72.0,2189,0,45,5.57,1453,450,0.14,40.04,0.0,,2026-07-01 12:00:00+00:00,2026-07-01,Rennes,21.4,55,2,False,False,,False,
7.86,0.44,20,1.21,14:00,0.53,Données temps réel,0,5163,2026-07-01,24,Nouvelle-Aquitaine,75,15.85,8,86.49,2026-07-01 12:00:00+00:00,174,1.07,4530,0,55,3.84,-4831,3918,3.66,55.8,113.97,77.87,2026-07-01 12:00:00+00:00,2026-07-01,Bordeaux,25.2,47,2,False,False,,False,
44.07,0.0,0,1.97,14:00,12.34,Données temps réel,-1,0,2026-07-01,577,Occitanie,76,59.74,0,76.24,2026-07-01 12:00:00+00:00,802,10.78,4675,-223,92,17.16,-74,3564,0.0,66.8,0.0,0.0,2026-07-01 12:00:00+00:00,2026-07-01,Toulouse,25.1,40,2,False,False,,False,
36.47,0.13,10,1.06,14:00,31.42,Données temps réel,0,4664,2026-07-01,2363,Auvergne-Rhône-Alpes,84,42.33,0,30.65,2026-07-01 12:00:00+00:00,291,20.63,7520,-659,80,3.87,-1535,2305,1.04,56.86,62.02,34.37,2026-07-01 12:00:00+00:00,2026-07-01,Lyon,28.5,39,2,False,False,,False,
63.64,14.62,814,2.39,14:00,7.36,Données temps réel,-1,0,2026-07-01,410,Provence-Alpes-Côte d'Azur,93,44.78,0,35.84,2026-07-01 12:00:00+00:00,77,12.71,5569,0,133,1.38,2140,1996,30.94,68.69,0.0,,2026-07-01 12:00:00+00:00,2026-07-01,Marseille,29.9,50,2,False,False,,False,
19.42,5.49,433,1.94,14:15,0.2,Données temps réel,0,0,2026-07-01,16,Île-de-France,11,43.22,0,3.07,2026-07-01 12:15:00+00:00,27,84.21,7886,0,153,0.34,7014,242,19.97,42.76,0.0,,2026-07-01 12:00:00+00:00,2026-07-01,Paris,23.1,47,2,False,False,,False,
15.34,0.0,0,1.43,14:15,1.19,Données temps réel,0,9053,2026-07-01,25,Centre-Val de Loire,24,32.97,0,61.94,2026-07-01 12:15:00+00:00,277,27.17,2094,0,30,13.23,-8589,1297,0.0,62.69,432.33,77.84,2026-07-01 12:00:00+00:00,2026-07-01,Orléans,23.8,44,2,False,False,,False,
16.36,0.0,0,1.35,14:15,0.14,Données temps réel,-1,0,2026-07-01,3,Bourgogne-Franche-Comté,27,37.04,0,43.1,2026-07-01 12:15:00+00:00,195,0.58,2216,0,30,8.8,1034,955,0.0,55.36,0.0,,2026-07-01 12:00:00+00:00,2026-07-01,Dijon,24.5,50,2,False,False,,False,
16.7,3.37,89,3.22,14:15,0.38,Données temps réel,0,7692,2026-07-01,10,Normandie,28,57.43,0,9.99,2026-07-01 12:15:00+00:00,278,34.48,2643,0,85,10.52,-5775,264,11.66,39.34,291.03,62.74,2026-07-01 12:00:00+00:00,2026-07-01,Rouen,21.0,55,2,False,False,,False,
9.73,3.31,169,1.76,14:15,0.1,Données temps réel,0,3520,2026-07-01,5,Hauts-de-France,32,45.92,0,11.49,2026-07-01 12:15:00+00:00,647,125.0,5111,0,90,12.66,92,587,7.06,53.61,68.87,64.47,2026-07-01 12:00:00+00:00,2026-07-01,Lille,23.3,51,2,False,False,,False,
17.31,9.12,433,2.19,14:15,12.81,Données temps réel,-8,6402,2026-07-01,608,Grand Est,44,38.66,1,35.11,2026-07-01 12:15:00+00:00,903,26.39,4748,-499,104,19.02,-4863,1667,13.99,61.35,134.84,59.17,2026-07-01 12:00:00+00:00,2026-07-01,Strasbourg,26.5,34,2,False,False,,False,
6.39,0.86,25,3.59,14:15,0.31,Données temps réel,-24,0,2026-07-01,9,Pays de la Loire,52,114.29,0,35.28,2026-07-01 12:15:00+00:00,156,90.0,2897,0,104,5.38,1606,1022,1.26,44.3,0.0,,2026-07-01 12:00:00+00:00,2026-07-01,Nantes,22.3,50,2,False,False,,False,
6.55,0.09,2,2.02,14:15,9.34,Données temps réel,0,0,2026-07-01,208,Bretagne,53,56.96,80,20.8,2026-07-01 12:15:00+00:00,129,75.64,2226,0,45,5.8,1299,463,0.14,41.19,0.0,,2026-07-01 12:00:00+00:00,2026-07-01,Rennes,21.4,55,2,False,False,,False,
8.59,0.45,20,1.25,14:15,0.68,Données temps réel,0,5176,2026-07-01,30,Nouvelle-Aquitaine,75,15.85,8,87.19,2026-07-01 12:15:00+00:00,190,1.34,4412,0,55,4.31,-4913,3847,3.66,54.78,117.32,78.07,2026-07-01 12:00:00+00:00,2026-07-01,Bordeaux,25.2,47,2,False,False,,False,
45.33,0.0,0,1.93,14:15,12.49,Données temps réel,-1,0,2026-07-01,603,Occitanie,76,60.39,0,75.37,2026-07-01 12:15:00+00:00,825,11.26,4828,-222,93,17.09,-46,3639,0.0,68.21,0.0,0.0,2026-07-01 12:00:00+00:00,2026-07-01,Toulouse,25.1,40,2,False,False,,False,
41.1,0.13,10,1.05,14:15,31.66,Données temps réel,-1,4632,2026-07-01,2406,Auvergne-Rhône-Alpes,84,42.33,0,29.84,2026-07-01 12:15:00+00:00,328,21.01,7600,-762,80,4.32,-1360,2268,1.04,55.94,60.95,34.13,2026-07-01 12:00:00+00:00,2026-07-01,Lyon,28.5,39,2,False,False,,False,
65.29,14.6,814,2.37,14:15,7.14,Données temps réel,-1,0,2026-07-01,398,Provence-Alpes-Côte d'Azur,93,44.44,0,35.16,2026-07-01 12:15:00+00:00,79,12.34,5574,0,132,1.42,2192,1960,30.94,67.45,0.0,,2026-07-01 12:00:00+00:00,2026-07-01,Marseille,29.9,50,2,False,False,,False,
12.23,5.61,436,1.97,14:30,0.21,Données temps réel,0,0,2026-07-01,16,Île-de-France,11,43.22,0,3.01,2026-07-01 12:30:00+00:00,17,84.21,7776,0,153,0.22,6920,234,20.11,41.34,0.0,,2026-07-01 12:00:00+00:00,2026-07-01,Paris,23.1,47,2,False,False,,False,
17.05,0.0,0,1.44,14:30,1.2,Données temps réel,0,8989,2026-07-01,25,Centre-Val de Loire,24,32.97,0,58.93,2026-07-01 12:30:00+00:00,308,27.17,2089,0,30,14.74,-8493,1231,0.0,59.5,430.3,77.29,2026-07-01 12:00:00+00:00,2026-07-01,Orléans,23.8,44,2,False,False,,False,
15.18,0.0,0,1.4,14:30,0.14,Données temps réel,-1,0,2026-07-01,3,Bourgogne-Franche-Comté,27,37.04,0,42.94,2026-07-01 12:30:00+00:00,181,0.58,2138,0,30,8.47,1007,918,0.0,53.22,0.0,,2026-07-01 12:00:00+00:00,2026-07-01,Dijon,24.5,50,2,False,False,,False,
18.02,3.4,90,3.21,14:30,0.38,Données temps réel,0,7721,2026-07-01,10,Normandie,28,57.43,0,9.79,2026-07-01 12:30:00+00:00,300,34.48,2645,0,85,11.34,-5820,259,11.8,38.6,291.91,62.98,2026-07-01 12:00:00+00:00,2026-07-01,Rouen,21.0,55,2,False,False,,False,
9.35,3.53,181,1.87,14:30,0.1,Données temps réel,0,3520,2026-07-01,5,Hauts-de-France,32,48.98,0,11.26,2026-07-01 12:30:00+00:00,622,125.0,5123,0,96,12.14,122,577,7.56,52.69,68.71,64.47,2026-07-01 12:00:00+00:00,2026-07-01,Lille,23.3,51,2,False,False,,False,
16.89,9.32,431,2.25,14:30,13.13,Données temps réel,-8,6448,2026-07-01,607,Grand Est,44,38.66,0,34.78,2026-07-01 12:30:00+00:00,881,26.35,4623,-497,104,19.06,-4950,1608,13.93,59.18,139.48,59.59,2026-07-01 12:00:00+00:00,2026-07-01,Strasbourg,26.5,34,2,False,False,,False,
5.44,0.88,25,3.66,14:30,0.32,Données temps réel,-17,0,2026-07-01,9,Pays de la Loire,52,114.29,0,36.36,2026-07-01 12:30:00+00:00,133,90.0,2844,0,104,4.68,1556,1034,1.26,44.82,0.0,,2026-07-01 12:00:00+00:00,2026-07-01,Nantes,22.3,50,2,False,False,,False,
6.91,0.09,2,2.05,14:30,9.46,Données temps réel,0,0,2026-07-01,208,Bretagne,53,56.96,0,21.92,2026-07-01 12:30:00+00:00,136,75.64,2199,0,45,6.18,1325,482,0.14,42.88,0.0,,2026-07-01 12:00:00+00:00,2026-07-01,Rennes,21.4,55,2,False,False,,False,
9.4,0.44,20,1.1,14:30,0.6,Données temps réel,0,5183,2026-07-01,27,Nouvelle-Aquitaine,75,14.41,8,85.08,2026-07-01 12:30:00+00:00,208,1.2,4525,0,50,4.6,-4820,3850,3.66,54.83,114.54,78.17,2026-07-01 12:00:00+00:00,2026-07-01,Bordeaux,25.2,47,2,False,False,,False,
43.74,0.0,0,1.95,14:30,13.4,Données temps réel,-1,0,2026-07-01,633,Occitanie,76,59.74,0,75.44,2026-07-01 12:30:00+00:00,796,11.83,4724,-222,92,16.85,-75,3564,0.0,66.8,0.0,0.0,2026-07-01 12:00:00+00:00,2026-07-01,Toulouse,25.1,40,2,False,False,,False,
40.6,0.13,10,1.04,14:30,30.38,Données temps réel,0,4595,2026-07-01,2326,Auvergne-Rhône-Alpes,84,42.33,0,29.87,2026-07-01 12:30:00+00:00,324,20.31,7656,-818,80,4.23,-1147,2287,1.04,56.41,60.02,33.86,2026-07-01 12:00:00+00:00,2026-07-01,Lyon,28.5,39,2,False,False,,False,
64.46,14.65,814,2.38,14:30,7.2,Données temps réel,0,0,2026-07-01,400,Provence-Alpes-Côte d'Azur,93,44.44,0,35.17,2026-07-01 12:30:00+00:00,78,12.4,5556,0,132,1.4,2178,1954,30.94,67.24,0.0,,2026-07-01 12:00:00+00:00,2026-07-01,Marseille,29.9,50,2,False,False,,False,
18.71,5.65,434,1.99,14:45,0.21,Données temps réel,0,0,2026-07-01,16,Île-de-France,11,43.22,0,3.4,2026-07-01 12:45:00+00:00,26,84.21,7685,0,153,0.34,6794,261,20.02,46.11,0.0,,2026-07-01 12:00:00+00:00,2026-07-01,Paris,23.1,47,2,False,False,,False,
15.34,0.0,0,1.42,14:45,1.18,Données temps réel,0,8983,2026-07-01,25,Centre-Val de Loire,24,32.97,0,60.76,2026-07-01 12:45:00+00:00,277,27.17,2115,0,30,13.1,-8485,1285,0.0,62.11,424.73,77.24,2026-07-01 12:00:00+00:00,2026-07-01,Orléans,23.8,44,2,False,False,,False,
15.02,0.0,0,1.41,14:45,0.14,Données temps réel,-1,0,2026-07-01,3,Bourgogne-Franche-Comté,27,37.04,0,43.59,2026-07-01 12:45:00+00:00,179,0.58,2129,0,30,8.41,991,928,0.0,53.8,0.0,,2026-07-01 12:00:00+00:00,2026-07-01,Dijon,24.5,50,2,False,False,,False,
17.42,3.44,90,3.25,14:45,0.38,Données temps réel,0,7703,2026-07-01,10,Normandie,28,57.43,0,10.12,2026-07-01 12:45:00+00:00,290,34.48,2619,0,85,11.07,-5824,265,11.8,39.49,294.12,62.83,2026-07-01 12:00:00+00:00,2026-07-01,Rouen,21.0,55,2,False,False,,False,
9.85,3.65,198,1.75,14:45,0.09,Données temps réel,0,3519,2026-07-01,5,Hauts-de-France,32,48.47,0,11.75,2026-07-01 12:45:00+00:00,655,125.0,5430,0,95,12.06,320,638,8.27,58.26,64.81,64.45,2026-07-01 12:00:00+00:00,2026-07-01,Lille,23.3,51,2,False,False,,False,
17.02,9.18,430,2.22,14:45,12.83,Données temps réel,-9,6402,2026-07-01,601,Grand Est,44,38.66,0,35.07,2026-07-01 12:45:00+00:00,888,26.09,4685,-495,104,18.95,-4878,1643,13.9,60.47,136.65,59.17,2026-07-01 12:00:00+00:00,2026-07-01,Strasbourg,26.5,34,2,False,False,,False,
5.28,0.86,24,3.74,14:45,0.32,Données temps réel,-2,0,2026-07-01,9,Pays de la Loire,52,114.29,0,36.9,2026-07-01 12:45:00+00:00,129,90.0,2783,0,104,4.64,1491,1027,1.21,44.52,0.0,,2026-07-01 12:00:00+00:00,2026-07-01,Nantes,22.3,50,2,False,False,,False,
6.86,0.05,1,2.06,14:45,9.75,Données temps réel,0,0,2026-07-01,213,Bretagne,53,56.96,0,22.43,2026-07-01 12:45:00+00:00,135,77.45,2185,0,45,6.18,1301,490,0.07,43.59,0.0,,2026-07-01 12:00:00+00:00,2026-07-01,Rennes,21.4,55,2,False,False,,False,
8.18,0.47,20,1.18,14:45,0.61,Données temps réel,0,5167,2026-07-01,26,Nouvelle-Aquitaine,75,14.41,8,91.16,2026-07-01 12:45:00+00:00,181,1.16,4252,0,50,4.26,-5075,3876,3.66,55.2,121.52,77.93,2026-07-01 12:00:00+00:00,2026-07-01,Bordeaux,25.2,47,2,False,False,,False,
44.95,0.0,0,1.99,14:45,13.54,Données temps réel,-1,0,2026-07-01,634,Occitanie,76,60.39,0,75.59,2026-07-01 12:45:00+00:00,818,11.84,4683,-648,93,17.47,310,3540,0.0,66.35,0.0,0.0,2026-07-01 12:00:00+00:00,2026-07-01,Toulouse,25.1,40,2,False,False,,False,
40.6,0.13,10,1.05,14:45,30.52,Données temps réel,0,4568,2026-07-01,2330,Auvergne-Rhône-Alpes,84,42.33,0,30.14,2026-07-01 12:45:00+00:00,324,20.35,7635,-817,80,4.24,-1162,2301,1.04,56.76,59.83,33.66,2026-07-01 12:00:00+00:00,2026-07-01,Lyon,28.5,39,2,False,False,,False,
65.29,14.62,812,2.39,14:45,7.15,Données temps réel,0,0,2026-07-01,397,Provence-Alpes-Côte d'Azur,93,44.78,0,35.02,2026-07-01 12:45:00+00:00,79,12.31,5554,0,133,1.42,2188,1945,30.86,66.93,0.0,,2026-07-01 12:00:00+00:00,2026-07-01,Marseille,29.9,50,2,False,False,,False,
15.11,5.62,436,1.97,15:00,0.21,Données temps réel,0,0,2026-07-01,16,Île-de-France,11,43.22,0,3.13,2026-07-01 13:00:00+00:00,21,84.21,7764,0,153,0.27,6894,243,20.11,42.93,0.0,,2026-07-01 13:00:00+00:00,2026-07-01,Paris,23.4,45,2,False,False,,False,
17.28,0.0,0,1.45,15:00,1.21,Données temps réel,0,8986,2026-07-01,25,Centre-Val de Loire,24,32.97,0,59.93,2026-07-01 13:00:00+00:00,312,27.17,2069,0,30,15.08,-8525,1240,0.0,59.93,434.32,77.27,2026-07-01 13:00:00+00:00,2026-07-01,Orléans,24.0,43,2,False,False,,False,
16.86,0.0,0,1.46,15:00,0.15,Données temps réel,-1,0,2026-07-01,3,Bourgogne-Franche-Comté,27,37.04,0,42.84,2026-07-01 13:00:00+00:00,201,0.58,2054,0,30,9.79,941,880,0.0,51.01,0.0,,2026-07-01 13:00:00+00:00,2026-07-01,Dijon,25.1,44,2,False,False,,False,
17.6,3.35,88,3.16,15:00,0.38,Données temps réel,0,7662,2026-07-01,10,Normandie,28,56.08,0,9.98,2026-07-01 13:00:00+00:00,293,34.48,2625,0,83,11.16,-5773,262,11.53,39.05,291.89,62.5,2026-07-01 13:00:00+00:00,2026-07-01,Rouen,21.6,54,2,False,False,,False,
10.28,3.96,202,1.78,15:00,0.1,Données temps réel,-9,3517,2026-07-01,5,Hauts-de-France,32,46.43,0,11.87,2026-07-01 13:00:00+00:00,684,125.0,5107,0,91,13.39,10,606,8.44,55.34,68.87,64.41,2026-07-01 13:00:00+00:00,2026-07-01,Lille,24.0,48,2,False,False,,False,
15.62,9.46,432,2.28,15:00,12.4,Données temps réel,-11,6334,2026-07-01,566,Grand Est,44,38.66,0,34.11,2026-07-01 13:00:00+00:00,815,24.57,4565,-495,104,17.85,-4736,1557,13.96,57.31,138.75,58.54,2026-07-01 13:00:00+00:00,2026-07-01,Strasbourg,27.6,29,2,False,False,,False,
5.4,0.88,24,3.8,15:00,0.33,Données temps réel,-3,0,2026-07-01,9,Pays de la Loire,52,114.29,0,37.35,2026-07-01 13:00:00+00:00,132,90.0,2739,0,104,4.82,1450,1023,1.21,44.34,0.0,,2026-07-01 13:00:00+00:00,2026-07-01,Nantes,22.8,49,2,False,False,,False,
6.65,0.09,2,2.06,15:00,9.82,Données temps réel,-80,0,2026-07-01,215,Bretagne,53,56.96,0,23.53,2026-07-01 13:00:00+00:00,131,78.18,2189,0,45,5.98,1362,515,0.14,45.82,0.0,,2026-07-01 13:00:00+00:00,2026-07-01,Rennes,22.2,53,2,False,False,,False,
9.26,0.45,20,1.13,15:00,0.52,Données temps réel,0,5157,2026-07-01,23,Nouvelle-Aquitaine,75,14.41,8,87.91,2026-07-01 13:00:00+00:00,205,1.03,4434,0,50,4.62,-4927,3898,3.66,55.51,116.31,77.78,2026-07-01 13:00:00+00:00,2026-07-01,Bordeaux,25.6,44,2,False,False,,False,
45.27,0.0,0,1.92,15:00,12.13,Données temps réel,-1,0,2026-07-01,580,Occitanie,76,59.74,0,74.15,2026-07-01 13:00:00+00:00,824,10.84,4781,-649,92,17.23,453,3545,0.0,66.45,0.0,0.0,2026-07-01 13:00:00+00:00,2026-07-01,Toulouse,25.7,39,2,False,False,,False,
42.73,0.13,10,1.05,15:00,28.21,Données temps réel,-4,4497,2026-07-01,2150,Auvergne-Rhône-Alpes,84,42.33,0,29.62,2026-07-01 13:00:00+00:00,341,18.77,7621,-811,80,4.47,-900,2257,1.04,55.67,59.01,33.14,2026-07-01 13:00:00+00:00,2026-07-01,Lyon,26.4,41,2,False,False,,False,
61.98,14.53,811,2.4,15:00,7.11,Données temps réel,0,0,2026-07-01,397,Provence-Alpes-Côte d'Azur,93,45.12,0,34.42,2026-07-01 13:00:00+00:00,75,12.31,5581,0,134,1.34,2243,1921,30.82,66.1,0.0,,2026-07-01 13:00:00+00:00,2026-07-01,Marseille,30.9,41,2,False,False,,False,
11.51,5.86,435,2.07,15:15,0.22,Données temps réel,0,0,2026-07-01,16,Île-de-France,11,43.5,0,3.15,2026-07-01 13:15:00+00:00,16,84.21,7429,0,154,0.22,6574,234,20.06,41.34,0.0,,2026-07-01 13:00:00+00:00,2026-07-01,Paris,23.4,45,2,False,False,,False,
14.78,0.0,0,1.48,15:15,1.23,Données temps réel,0,8983,2026-07-01,25,Centre-Val de Loire,24,32.97,0,61.38,2026-07-01 13:15:00+00:00,267,27.17,2030,0,30,13.15,-8520,1246,0.0,60.22,442.51,77.24,2026-07-01 13:00:00+00:00,2026-07-01,Orléans,24.0,43,2,False,False,,False,
14.85,0.0,0,1.44,15:15,0.14,Données temps réel,-3,0,2026-07-01,3,Bourgogne-Franche-Comté,27,37.04,0,42.53,2026-07-01 13:15:00+00:00,177,0.58,2081,0,30,8.51,990,885,0.0,51.3,0.0,,2026-07-01 13:00:00+00:00,2026-07-01,Dijon,25.1,44,2,False,False,,False,
19.16,3.4,89,3.1,15:15,0.38,Données temps réel,0,7352,2026-07-01,10,Normandie,28,54.73,0,10.16,2026-07-01 13:15:00+00:00,319,34.48,2617,0,81,12.19,-5501,266,11.66,39.64,280.93,59.97,2026-07-01 13:00:00+00:00,2026-07-01,Rouen,21.6,54,2,False,False,,False,
10.76,4.02,207,1.86,15:15,0.1,Données temps réel,0,3522,2026-07-01,5,Hauts-de-France,32,48.98,2,12.23,2026-07-01 13:15:00+00:00,716,125.0,5150,0,96,13.9,-29,630,8.65,57.53,68.39,64.51,2026-07-01 13:00:00+00:00,2026-07-01,Lille,24.0,48,2,False,False,,False,
16.08,9.07,430,2.19,15:15,11.92,Données temps réel,-15,6372,2026-07-01,565,Grand Est,44,38.66,60,33.87,2026-07-01 13:15:00+00:00,839,24.52,4739,0,104,17.7,-5221,1605,13.9,59.07,134.46,58.89,2026-07-01 13:00:00+00:00,2026-07-01,Strasbourg,27.6,29,2,False,False,,False,
5.44,0.91,25,3.77,15:15,0.33,Données temps réel,-25,0,2026-07-01,9,Pays de la Loire,52,114.29,0,37.21,2026-07-01 13:15:00+00:00,133,90.0,2760,0,104,4.82,1486,1027,1.26,44.52,0.0,,2026-07-01 13:00:00+00:00,2026-07-01,Nantes,22.8,49,2,False,False,,False,
6.09,0.05,1,2.08,15:15,9.85,Données temps réel,-80,0,2026-07-01,213,Bretagne,53,56.96,0,23.96,2026-07-01 13:15:00+00:00,120,77.45,2162,0,45,5.55,1345,518,0.07,46.09,0.0,,2026-07-01 13:00:00+00:00,2026-07-01,Rennes,22.2,53,2,False,False,,False,
8.95,0.46,20,1.14,15:15,0.5,Données temps réel,0,5176,2026-07-01,22,Nouvelle-Aquitaine,75,14.41,8,87.74,2026-07-01 13:15:00+00:00,198,0.98,4379,0,50,4.52,-4935,3842,3.66,54.71,118.2,78.07,2026-07-01 13:00:00+00:00,2026-07-01,Bordeaux,25.6,44,2,False,False,,False,
43.96,0.0,0,1.9,15:15,11.96,Données temps réel,-3,0,2026-07-01,579,Occitanie,76,59.74,0,72.2,2026-07-01 13:15:00+00:00,800,10.82,4842,-647,92,16.52,588,3496,0.0,65.53,0.0,0.0,2026-07-01 13:00:00+00:00,2026-07-01,Toulouse,25.7,39,2,False,False,,False,
42.23,0.13,10,1.05,15:15,28.53,Données temps réel,-7,4507,2026-07-01,2164,Auvergne-Rhône-Alpes,84,42.33,0,29.07,2026-07-01 13:15:00+00:00,337,18.9,7585,-807,80,4.44,-904,2205,1.04,54.39,59.42,33.21,2026-07-01 13:00:00+00:00,2026-07-01,Lyon,26.4,41,2,False,False,,False,
60.33,14.56,810,2.39,15:15,7.73,Données temps réel,0,0,2026-07-01,430,Provence-Alpes-Côte d'Azur,93,44.78,0,34.34,2026-07-01 13:15:00+00:00,73,13.33,5562,0,133,1.31,2206,1910,30.79,65.73,0.0,,2026-07-01 13:00:00+00:00,2026-07-01,Marseille,30.9,41,2,False,False,,False,
15.11,5.42,406,2.06,15:30,0.21,Données temps réel,0,0,2026-07-01,16,Île-de-France,11,43.5,0,2.79,2026-07-01 13:30:00+00:00,21,84.21,7488,0,154,0.28,6681,209,18.73,36.93,0.0,,2026-07-01 13:00:00+00:00,2026-07-01,Paris,23.4,45,2,False,False,,False,
16.28,0.0,0,1.53,15:30,1.28,Données temps réel,0,8968,2026-07-01,25,Centre-Val de Loire,24,32.97,0,60.97,2026-07-01 13:30:00+00:00,294,27.17,1955,0,30,15.04,-8554,1192,0.0,57.61,458.72,77.11,2026-07-01 13:00:00+00:00,2026-07-01,Orléans,24.0,43,2,False,False,,False,
16.95,0.0,0,1.44,15:30,0.19,Données temps réel,-4,0,2026-07-01,4,Bourgogne-Franche-Comté,27,37.04,0,43.32,2026-07-01 13:30:00+00:00,202,0.77,2080,0,30,9.71,947,901,0.0,52.23,0.0,,2026-07-01 13:00:00+00:00,2026-07-01,Dijon,25.1,44,2,False,False,,False,
18.32,3.45,89,3.26,15:30,0.39,Données temps réel,0,7044,2026-07-01,10,Normandie,28,56.76,0,10.51,2026-07-01 13:30:00+00:00,305,34.48,2578,0,84,11.83,-5225,271,11.66,40.39,273.24,57.46,2026-07-01 13:00:00+00:00,2026-07-01,Rouen,21.6,54,2,False,False,,False,
11.56,3.73,187,1.87,15:30,0.1,Données temps réel,0,3521,2026-07-01,5,Hauts-de-France,32,47.96,0,11.09,2026-07-01 13:30:00+00:00,769,125.0,5014,0,94,15.34,-119,556,7.81,50.78,70.22,64.49,2026-07-01 13:00:00+00:00,2026-07-01,Lille,24.0,48,2,False,False,,False,
14.49,8.49,386,2.29,15:30,12.38,Données temps réel,-15,6373,2026-07-01,563,Grand Est,44,38.66,7,33.13,2026-07-01 13:30:00+00:00,756,24.44,4549,0,104,16.62,-5132,1507,12.48,55.47,140.1,58.9,2026-07-01 13:00:00+00:00,2026-07-01,Strasbourg,27.6,29,2,False,False,,False,
5.4,0.93,25,3.88,15:30,0.34,Données temps réel,-3,0,2026-07-01,9,Pays de la Loire,52,114.29,0,38.98,2026-07-01 13:30:00+00:00,132,90.0,2678,0,104,4.93,1366,1044,1.26,45.25,0.0,,2026-07-01 13:00:00+00:00,2026-07-01,Nantes,22.8,49,2,False,False,,False,
6.7,0.1,2,2.15,15:30,9.82,Données temps réel,0,0,2026-07-01,206,Bretagne,53,56.96,0,25.37,2026-07-01 13:30:00+00:00,132,74.91,2097,0,45,6.29,1180,532,0.14,47.33,0.0,,2026-07-01 13:00:00+00:00,2026-07-01,Rennes,22.2,53,2,False,False,,False,
9.4,0.47,20,1.18,15:30,0.42,Données temps réel,0,5164,2026-07-01,18,Nouvelle-Aquitaine,75,14.41,8,88.69,2026-07-01 13:30:00+00:00,208,0.8,4245,0,50,4.9,-4988,3765,3.66,53.62,121.65,77.89,2026-07-01 13:00:00+00:00,2026-07-01,Bordeaux,25.6,44,2,False,False,,False,
44.95,0.0,0,1.94,15:30,12.12,Données temps réel,-3,0,2026-07-01,576,Occitanie,76,59.74,0,71.68,2026-07-01 13:30:00+00:00,818,10.76,4752,-647,92,17.21,572,3406,0.0,63.84,0.0,0.0,2026-07-01 13:00:00+00:00,2026-07-01,Toulouse,25.7,39,2,False,False,,False,
39.6,0.13,10,1.06,15:30,28.22,Données temps réel,-3,4660,2026-07-01,2128,Auvergne-Rhône-Alpes,84,42.33,0,29.49,2026-07-01 13:30:00+00:00,316,18.58,7542,-810,80,4.19,-1063,2224,1.04,54.86,61.79,34.34,2026-07-01 13:00:00+00:00,2026-07-01,Lyon,26.4,41,2,False,False,,False,
66.94,14.47,801,2.42,15:30,7.34,Données temps réel,0,0,2026-07-01,406,Provence-Alpes-Côte d'Azur,93,45.12,0,33.6,2026-07-01 13:30:00+00:00,81,12.59,5535,0,134,1.46,2253,1860,30.44,64.01,0.0,,2026-07-01 13:00:00+00:00,2026-07-01,Marseille,30.9,41,2,False,False,,False,
16.55,4.24,320,2.07,15:45,0.21,Données temps réel,0,0,2026-07-01,16,Île-de-France,11,44.07,0,2.93,2026-07-01 13:45:00+00:00,23,84.21,7553,0,156,0.3,6816,221,14.76,39.05,0.0,,2026-07-01 13:00:00+00:00,2026-07-01,Paris,23.4,45,2,False,False,,False,
15.39,0.0,0,1.5,15:45,1.25,Données temps réel,0,8982,2026-07-01,25,Centre-Val de Loire,24,32.97,0,59.23,2026-07-01 13:45:00+00:00,278,27.17,1999,0,30,13.91,-8499,1184,0.0,57.23,449.32,77.23,2026-07-01 13:00:00+00:00,2026-07-01,Orléans,24.0,43,2,False,False,,False,
16.53,0.0,0,1.5,15:45,0.15,Données temps réel,-4,0,2026-07-01,3,Bourgogne-Franche-Comté,27,37.04,0,45.61,2026-07-01 13:45:00+00:00,197,0.58,1995,0,30,9.87,859,910,0.0,52.75,0.0,,2026-07-01 13:00:00+00:00,2026-07-01,Dijon,25.1,44,2,False,False,,False,
20.12,3.45,89,3.3,15:45,0.39,Données temps réel,0,7431,2026-07-01,10,Normandie,28,57.43,0,10.51,2026-07-01 13:45:00+00:00,335,34.48,2578,0,85,12.99,-5643,271,11.66,40.39,288.25,60.61,2026-07-01 13:00:00+00:00,2026-07-01,Rouen,21.6,54,2,False,False,,False,
12.46,4.1,206,1.93,15:45,0.1,Données temps réel,-4,3519,2026-07-01,5,Hauts-de-France,32,49.49,0,13.09,2026-07-01 13:45:00+00:00,829,125.0,5027,0,97,16.49,-283,658,8.6,60.09,70.0,64.45,2026-07-01 13:00:00+00:00,2026-07-01,Lille,24.0,48,2,False,False,,False,
13.78,5.27,235,2.33,15:45,12.97,Données temps réel,-21,6223,2026-07-01,578,Grand Est,44,38.66,0,33.12,2026-07-01 13:45:00+00:00,719,25.09,4457,0,104,16.13,-4858,1476,7.6,54.32,139.62,57.51,2026-07-01 13:00:00+00:00,2026-07-01,Strasbourg,27.6,29,2,False,False,,False,
6.26,0.92,24,3.98,15:45,0.34,Données temps réel,-2,0,2026-07-01,9,Pays de la Loire,52,114.29,0,39.31,2026-07-01 13:45:00+00:00,153,90.0,2610,0,104,5.86,1297,1026,1.21,44.47,0.0,,2026-07-01 13:00:00+00:00,2026-07-01,Nantes,22.8,49,2,False,False,,False,
6.7,0.1,2,2.17,15:45,9.45,Données temps réel,0,0,2026-07-01,196,Bretagne,53,56.96,0,25.35,2026-07-01 13:45:00+00:00,132,71.27,2075,0,45,6.36,1175,526,0.14,46.8,0.0,,2026-07-01 13:00:00+00:00,2026-07-01,Rennes,22.2,53,2,False,False,,False,
9.67,0.48,20,1.2,15:45,0.48,Données temps réel,0,5165,2026-07-01,20,Nouvelle-Aquitaine,75,14.41,8,87.24,2026-07-01 13:45:00+00:00,214,0.89,4155,0,50,5.15,-4947,3625,3.66,51.62,124.31,77.9,2026-07-01 13:00:00+00:00,2026-07-01,Bordeaux,25.6,44,2,False,False,,False,
43.3,0.0,0,1.97,15:45,12.53,Données temps réel,-3,0,2026-07-01,585,Occitanie,76,59.74,0,72.02,2026-07-01 13:45:00+00:00,788,10.93,4668,-648,92,16.88,554,3362,0.0,63.02,0.0,0.0,2026-07-01 13:00:00+00:00,2026-07-01,Toulouse,25.7,39,2,False,False,,False,
44.74,0.13,10,1.08,15:45,25.93,Données temps réel,-7,4829,2026-07-01,1951,Auvergne-Rhône-Alpes,84,42.86,0,28.34,2026-07-01 13:45:00+00:00,357,17.04,7524,-807,81,4.74,-1022,2132,1.04,52.59,64.18,35.59,2026-07-01 13:00:00+00:00,2026-07-01,Lyon,26.4,41,2,False,False,,False,
57.02,13.01,712,2.43,15:45,8.07,Données temps réel,0,0,2026-07-01,442,Provence-Alpes-Côte d'Azur,93,44.78,0,33.85,2026-07-01 13:45:00+00:00,69,13.7,5474,0,133,1.26,2265,1853,27.06,63.76,0.0,,2026-07-01 13:00:00+00:00,2026-07-01,Marseille,30.9,41,2,False,False,,False,
15.11,4.32,319,2.11,16:00,0.22,Données temps réel,0,0,2026-07-01,16,Île-de-France,11,44.07,0,3.37,2026-07-01 14:00:00+00:00,21,84.21,7388,0,156,0.28,6627,249,14.71,43.99,0.0,,2026-07-01 14:00:00+00:00,2026-07-01,Paris,24.5,41,2,False,False,,False,
16.06,0.0,0,1.55,16:00,1.29,Données temps réel,0,8975,2026-07-01,25,Centre-Val de Loire,24,32.97,0,57.06,2026-07-01 14:00:00+00:00,290,27.17,1940,0,30,14.95,-8486,1107,0.0,53.5,462.63,77.17,2026-07-01 14:00:00+00:00,2026-07-01,Orléans,24.5,41,2,False,False,,False,
17.11,0.0,0,1.51,16:00,0.15,Données temps réel,-4,0,2026-07-01,3,Bourgogne-Franche-Comté,27,37.04,0,46.39,2026-07-01 14:00:00+00:00,204,0.58,1981,0,30,10.3,830,919,0.0,53.28,0.0,,2026-07-01 14:00:00+00:00,2026-07-01,Dijon,25.4,40,2,False,False,,False,
19.7,3.41,88,3.29,16:00,0.39,Données temps réel,0,7393,2026-07-01,10,Normandie,28,57.43,0,10.84,2026-07-01 14:00:00+00:00,328,34.48,2583,0,85,12.7,-5602,280,11.53,41.73,286.22,60.3,2026-07-01 14:00:00+00:00,2026-07-01,Rouen,21.5,54,2,False,False,,False,
12.06,4.15,209,1.89,16:00,0.1,Données temps réel,-3,3520,2026-07-01,5,Hauts-de-France,32,48.47,0,10.19,2026-07-01 14:00:00+00:00,802,125.0,5032,0,95,15.94,-111,513,8.73,46.85,69.95,64.47,2026-07-01 14:00:00+00:00,2026-07-01,Lille,24.5,46,2,False,False,,False,
13.28,5.3,235,2.34,16:00,13.93,Données temps réel,-256,6232,2026-07-01,618,Grand Est,44,38.66,0,34.52,2026-07-01 14:00:00+00:00,693,26.82,4435,0,104,15.63,-4721,1531,7.6,56.35,140.52,57.6,2026-07-01 14:00:00+00:00,2026-07-01,Strasbourg,27.4,30,2,False,False,,False,
6.75,0.97,25,4.03,16:00,0.35,Données temps réel,-61,0,2026-07-01,9,Pays de la Loire,52,114.29,0,42.08,2026-07-01 14:00:00+00:00,165,90.0,2583,0,104,6.39,1253,1087,1.26,47.12,0.0,,2026-07-01 14:00:00+00:00,2026-07-01,Nantes,23.3,47,2,False,False,,False,
8.08,0.1,2,2.2,16:00,8.86,Données temps réel,0,0,2026-07-01,181,Bretagne,53,56.96,0,26.43,2026-07-01 14:00:00+00:00,159,65.82,2043,0,45,7.78,1117,540,0.14,48.04,0.0,,2026-07-01 14:00:00+00:00,2026-07-01,Rennes,22.8,51,2,False,False,,False,
9.99,0.48,20,1.21,16:00,0.51,Données temps réel,0,5154,2026-07-01,21,Nouvelle-Aquitaine,75,14.41,8,91.34,2026-07-01 14:00:00+00:00,221,0.94,4136,0,50,5.34,-5116,3778,3.66,53.8,124.61,77.74,2026-07-01 14:00:00+00:00,2026-07-01,Bordeaux,26.2,42,2,False,False,,False,
41.98,0.0,0,1.99,16:00,12.38,Données temps réel,-3,0,2026-07-01,573,Occitanie,76,59.74,0,71.12,2026-07-01 14:00:00+00:00,764,10.7,4629,-649,92,16.5,623,3292,0.0,61.71,0.0,0.0,2026-07-01 14:00:00+00:00,2026-07-01,Toulouse,26.7,35,2,False,False,,False,
43.11,0.14,10,1.08,16:00,26.99,Données temps réel,-7,4973,2026-07-01,1997,Auvergne-Rhône-Alpes,84,42.33,0,28.75,2026-07-01 14:00:00+00:00,344,17.44,7399,-815,80,4.65,-1310,2127,1.04,52.47,67.21,36.65,2026-07-01 14:00:00+00:00,2026-07-01,Lyon,26.6,42,2,False,False,,False,
59.5,10.51,567,2.45,16:00,8.4,Données temps réel,0,0,2026-07-01,453,Provence-Alpes-Côte d'Azur,93,44.44,0,33.19,2026-07-01 14:00:00+00:00,72,14.04,5394,0,132,1.33,2381,1790,21.55,61.6,0.0,,2026-07-01 14:00:00+00:00,2026-07-01,Marseille,32.7,27,2,False,False,,False,
15.11,0.0,0,2.09,16:15,0.21,Données temps réel,0,0,2026-07-01,16,Île-de-France,11,44.07,0,3.23,2026-07-01 14:15:00+00:00,21,84.21,7468,0,156,0.28,7035,241,0.0,42.58,0.0,,2026-07-01 14:00:00+00:00,2026-07-01,Paris,24.5,41,2,False,False,,False,
16.06,0.0,0,1.58,16:15,1.31,Données temps réel,0,8976,2026-07-01,25,Centre-Val de Loire,24,32.97,0,59.33,2026-07-01 14:15:00+00:00,290,27.17,1903,0,30,15.24,-8546,1129,0.0,54.57,471.68,77.18,2026-07-01 14:00:00+00:00,2026-07-01,Orléans,24.5,41,2,False,False,,False,
18.12,0.0,0,1.51,16:15,0.15,Données temps réel,0,0,2026-07-01,3,Bourgogne-Franche-Comté,27,37.04,0,42.25,2026-07-01 14:15:00+00:00,216,0.58,1986,0,30,10.88,898,839,0.0,48.64,0.0,,2026-07-01 14:00:00+00:00,2026-07-01,Dijon,25.4,40,2,False,False,,False,
21.92,3.52,90,3.29,16:15,0.39,Données temps réel,0,7425,2026-07-01,10,Normandie,28,56.76,0,10.52,2026-07-01 14:15:00+00:00,365,34.48,2556,0,84,14.28,-5687,269,11.8,40.09,290.49,60.56,2026-07-01 14:00:00+00:00,2026-07-01,Rouen,21.5,54,2,False,False,,False,
11.83,3.9,198,1.85,16:15,0.1,Données temps réel,-1,3516,2026-07-01,5,Hauts-de-France,32,47.96,0,10.38,2026-07-01 14:15:00+00:00,787,125.0,5077,0,94,15.5,-49,527,8.27,48.13,69.25,64.4,2026-07-01 14:00:00+00:00,2026-07-01,Lille,24.5,46,2,False,False,,False,
14.13,5.29,235,2.34,16:15,16.49,Données temps réel,-179,6469,2026-07-01,732,Grand Est,44,38.66,1,31.78,2026-07-01 14:15:00+00:00,737,31.77,4440,0,104,16.6,-5070,1411,7.6,51.93,145.7,59.79,2026-07-01 14:00:00+00:00,2026-07-01,Strasbourg,27.4,30,2,False,False,,False,
6.67,1.02,26,4.08,16:15,0.35,Données temps réel,-96,0,2026-07-01,9,Pays de la Loire,52,114.29,0,42.49,2026-07-01 14:15:00+00:00,163,90.0,2549,0,104,6.39,1261,1083,1.32,46.94,0.0,,2026-07-01 14:00:00+00:00,2026-07-01,Nantes,23.3,47,2,False,False,,False,
8.58,0.05,1,2.22,16:15,8.23,Données temps réel,-80,0,2026-07-01,167,Bretagne,53,56.96,0,26.48,2026-07-01 14:15:00+00:00,169,60.73,2028,0,45,8.33,1189,537,0.07,47.78,0.0,,2026-07-01 14:00:00+00:00,2026-07-01,Rennes,22.8,51,2,False,False,,False,
8.68,0.49,20,1.21,16:15,0.95,Données temps réel,0,5160,2026-07-01,39,Nouvelle-Aquitaine,75,14.41,8,90.87,2026-07-01 14:15:00+00:00,192,1.74,4117,0,50,4.66,-5093,3741,3.66,53.28,125.33,77.83,2026-07-01 14:00:00+00:00,2026-07-01,Bordeaux,26.2,42,2,False,False,,False,
43.74,0.0,0,2.06,16:15,12.92,Données temps réel,-6,0,2026-07-01,577,Occitanie,76,59.74,0,68.7,2026-07-01 14:15:00+00:00,796,10.78,4467,-647,92,17.82,641,3069,0.0,57.53,0.0,0.0,2026-07-01 14:00:00+00:00,2026-07-01,Toulouse,26.7,35,2,False,False,,False,
45.86,0.14,10,1.12,16:15,34.7,Données temps réel,0,5087,2026-07-01,2477,Auvergne-Rhône-Alpes,84,42.33,0,27.47,2026-07-01 14:15:00+00:00,366,21.63,7138,-807,80,5.13,-2036,1961,1.04,48.37,71.27,37.49,2026-07-01 14:00:00+00:00,2026-07-01,Lyon,26.6,42,2,False,False,,False,
62.81,10.6,567,2.5,16:15,8.47,Données temps réel,0,0,2026-07-01,453,Provence-Alpes-Côte d'Azur,93,45.12,0,32.26,2026-07-01 14:15:00+00:00,76,14.04,5350,0,134,1.42,2394,1726,21.55,59.39,0.0,,2026-07-01 14:00:00+00:00,2026-07-01,Marseille,32.7,27,2,False,False,,False,
12.95,0.0,0,2.11,16:30,0.21,Données temps réel,0,0,2026-07-01,16,Île-de-France,11,44.35,0,2.99,2026-07-01 14:30:00+00:00,18,84.21,7447,0,157,0.24,7035,223,0.0,39.4,0.0,,2026-07-01 14:00:00+00:00,2026-07-01,Paris,24.5,41,2,False,False,,False,
15.01,0.0,0,1.54,16:30,1.28,Données temps réel,0,8968,2026-07-01,25,Centre-Val de Loire,24,32.97,0,57.7,2026-07-01 14:30:00+00:00,271,27.17,1948,0,30,13.91,-8469,1124,0.0,54.33,460.37,77.11,2026-07-01 14:00:00+00:00,2026-07-01,Orléans,24.5,41,2,False,False,,False,
19.63,0.0,0,1.45,16:30,0.14,Données temps réel,0,0,2026-07-01,3,Bourgogne-Franche-Comté,27,37.04,0,42.29,2026-07-01 14:30:00+00:00,234,0.58,2076,0,30,11.27,932,878,0.0,50.9,0.0,,2026-07-01 14:00:00+00:00,2026-07-01,Dijon,25.4,40,2,False,False,,False,
19.88,3.49,89,3.33,16:30,0.39,Données temps réel,0,7396,2026-07-01,10,Normandie,28,57.43,0,10.5,2026-07-01 14:30:00+00:00,331,34.48,2553,0,85,12.97,-5627,268,11.66,39.94,289.7,60.33,2026-07-01 14:00:00+00:00,2026-07-01,Rouen,21.5,54,2,False,False,,False,
12.25,3.71,183,1.9,16:30,0.1,Données temps réel,-3,3518,2026-07-01,5,Hauts-de-France,32,47.96,0,10.23,2026-07-01 14:30:00+00:00,815,125.0,4936,0,94,16.51,-182,505,7.64,46.12,71.27,64.43,2026-07-01 14:00:00+00:00,2026-07-01,Lille,24.5,46,2,False,False,,False,
14.59,5.42,230,2.45,16:30,17.24,Données temps réel,-97,6426,2026-07-01,732,Grand Est,44,38.66,1,30.54,2026-07-01 14:30:00+00:00,761,31.77,4247,0,104,17.92,-5207,1297,7.43,47.74,151.31,59.39,2026-07-01 14:00:00+00:00,2026-07-01,Strasbourg,27.4,30,2,False,False,,False,
8.02,0.89,23,4.03,16:30,0.35,Données temps réel,-96,0,2026-07-01,9,Pays de la Loire,52,114.29,1,41.81,2026-07-01 14:30:00+00:00,196,90.0,2583,0,104,7.59,1266,1080,1.16,46.81,0.0,,2026-07-01 14:00:00+00:00,2026-07-01,Nantes,23.3,47,2,False,False,,False,
8.48,0.1,2,2.25,16:30,7.09,Données temps réel,0,0,2026-07-01,142,Bretagne,53,56.96,0,26.65,2026-07-01 14:30:00+00:00,167,51.64,2004,0,45,8.33,1114,534,0.14,47.51,0.0,,2026-07-01 14:00:00+00:00,2026-07-01,Rennes,22.8,51,2,False,False,,False,
9.4,0.5,20,1.25,16:30,0.55,Données temps réel,0,5153,2026-07-01,22,Nouvelle-Aquitaine,75,14.41,8,86.42,2026-07-01 14:30:00+00:00,208,0.98,3990,0,50,5.21,-4919,3448,3.66,49.1,129.15,77.72,2026-07-01 14:00:00+00:00,2026-07-01,Bordeaux,26.2,42,2,False,False,,False,
42.53,0.0,0,2.01,16:30,12.32,Données temps réel,0,0,2026-07-01,563,Occitanie,76,59.74,0,66.02,2026-07-01 14:30:00+00:00,774,10.52,4570,-648,92,16.94,836,3017,0.0,56.55,0.0,0.0,2026-07-01 14:00:00+00:00,2026-07-01,Toulouse,26.7,35,2,False,False,,False,
43.23,0.14,10,1.1,16:30,32.53,Données temps réel,-1,5104,2026-07-01,2370,Auvergne-Rhône-Alpes,84,42.33,0,27.42,2026-07-01 14:30:00+00:00,345,20.7,7286,-812,80,4.74,-1808,1998,1.04,49.28,70.05,37.61,2026-07-01 14:00:00+00:00,2026-07-01,Lyon,26.6,42,2,False,False,,False,
64.46,10.59,568,2.46,16:30,8.37,Données temps réel,0,0,2026-07-01,449,Provence-Alpes-Côte d'Azur,93,44.44,0,31.31,2026-07-01 14:30:00+00:00,78,13.92,5363,0,132,1.45,2457,1679,21.59,57.78,0.0,,2026-07-01 14:00:00+00:00,2026-07-01,Marseille,32.7,27,2,False,False,,False,
15.83,0.0,0,2.12,16:45,0.21,Données temps réel,0,0,2026-07-01,16,Île-de-France,11,44.92,0,2.76,2026-07-01 14:45:00+00:00,22,84.21,7509,0,159,0.29,7107,207,0.0,36.57,0.0,,2026-07-01 14:00:00+00:00,2026-07-01,Paris,24.5,41,2,False,False,,False,
16.78,0.0,0,1.57,16:45,1.31,Données temps réel,0,8961,2026-07-01,25,Centre-Val de Loire,24,32.97,0,54.7,2026-07-01 14:45:00+00:00,303,27.17,1914,0,30,15.83,-8451,1047,0.0,50.6,468.18,77.05,2026-07-01 14:00:00+00:00,2026-07-01,Orléans,24.5,41,2,False,False,,False,
20.13,0.0,0,1.43,16:45,0.14,Données temps réel,-2,0,2026-07-01,3,Bourgogne-Franche-Comté,27,37.04,0,41.17,2026-07-01 14:45:00+00:00,240,0.58,2094,0,30,11.46,961,862,0.0,49.97,0.0,,2026-07-01 14:00:00+00:00,2026-07-01,Dijon,25.4,40,2,False,False,,False,
18.38,3.6,90,3.36,16:45,0.4,Données temps réel,0,7510,2026-07-01,10,Normandie,28,56.76,0,10.53,2026-07-01 14:45:00+00:00,306,34.48,2497,0,84,12.25,-5766,263,11.8,39.2,300.76,61.26,2026-07-01 14:00:00+00:00,2026-07-01,Rouen,21.5,54,2,False,False,,False,
12.43,3.21,154,1.98,16:45,0.1,Données temps réel,-3,3519,2026-07-01,5,Hauts-de-France,32,48.47,0,10.37,2026-07-01 14:45:00+00:00,827,125.0,4793,0,95,17.25,-301,497,6.43,45.39,73.42,64.45,2026-07-01 14:00:00+00:00,2026-07-01,Lille,24.5,46,2,False,False,,False,
14.63,5.37,233,2.4,16:45,17.57,Données temps réel,-34,6501,2026-07-01,762,Grand Est,44,38.66,0,28.68,2026-07-01 14:45:00+00:00,763,33.07,4337,0,104,17.59,-5236,1244,7.53,45.79,149.9,60.08,2026-07-01 14:00:00+00:00,2026-07-01,Strasbourg,27.4,30,2,False,False,,False,
8.23,0.96,24,4.15,16:45,0.36,Données temps réel,-5,0,2026-07-01,9,Pays de la Loire,52,114.29,2,42.57,2026-07-01 14:45:00+00:00,201,90.0,2509,0,104,8.01,1106,1068,1.21,46.29,0.0,,2026-07-01 14:00:00+00:00,2026-07-01,Nantes,23.3,47,2,False,False,,False,
8.63,0.0,0,2.29,16:45,5.84,Données temps réel,0,0,2026-07-01,115,Bretagne,53,56.96,0,26.58,2026-07-01 14:45:00+00:00,170,41.82,1968,0,45,8.64,1115,523,0.0,46.53,0.0,,2026-07-01 14:00:00+00:00,2026-07-01,Rennes,22.8,51,2,False,False,,False,
9.49,0.51,20,1.26,16:45,0.45,Données temps réel,0,5180,2026-07-01,18,Nouvelle-Aquitaine,75,14.41,8,86.53,2026-07-01 14:45:00+00:00,210,0.8,3958,0,50,5.31,-4952,3425,3.66,48.78,130.87,78.13,2026-07-01 14:00:00+00:00,2026-07-01,Bordeaux,26.2,42,2,False,False,,False,
45.05,0.0,0,2.01,16:45,13.4,Données temps réel,0,0,2026-07-01,612,Occitanie,76,59.74,0,61.95,2026-07-01 14:45:00+00:00,820,11.43,4568,-644,92,17.95,921,2830,0.0,53.05,0.0,0.0,2026-07-01 14:00:00+00:00,2026-07-01,Toulouse,26.7,35,2,False,False,,False,
44.36,0.11,8,1.1,16:45,31.61,Données temps réel,-1,5142,2026-07-01,2300,Auvergne-Rhône-Alpes,84,42.33,0,25.77,2026-07-01 14:45:00+00:00,354,20.08,7277,-809,80,4.86,-1673,1875,0.83,46.25,70.66,37.89,2026-07-01 14:00:00+00:00,2026-07-01,Lyon,26.6,42,2,False,False,,False,
66.12,10.64,568,2.47,16:45,8.56,Données temps réel,0,0,2026-07-01,457,Provence-Alpes-Côte d'Azur,93,44.44,0,30.28,2026-07-01 14:45:00+00:00,80,14.17,5336,0,132,1.5,2484,1616,21.59,55.61,0.0,,2026-07-01 14:00:00+00:00,2026-07-01,Marseille,32.7,27,2,False,False,,False,
16.55,0.0,0,2.11,17:00,0.21,Données temps réel,0,0,2026-07-01,16,Île-de-France,11,44.63,0,2.87,2026-07-01 15:00:00+00:00,23,84.21,7483,0,158,0.31,7072,215,0.0,37.99,0.0,,2026-07-01 15:00:00+00:00,2026-07-01,Paris,24.2,41,2,False,False,,False,
17.83,0.0,0,1.38,17:00,1.15,Données temps réel,0,8971,2026-07-01,25,Centre-Val de Loire,24,32.97,0,49.17,2026-07-01 15:00:00+00:00,322,27.17,2170,0,30,14.84,-8244,1067,0.0,51.57,413.41,77.14,2026-07-01 15:00:00+00:00,2026-07-01,Orléans,24.9,40,2,False,False,,False,
19.38,0.0,0,1.52,17:00,0.15,Données temps réel,0,0,2026-07-01,3,Bourgogne-Franche-Comté,27,37.04,0,41.37,2026-07-01 15:00:00+00:00,231,0.58,1975,0,30,11.7,894,817,0.0,47.36,0.0,,2026-07-01 15:00:00+00:00,2026-07-01,Dijon,25.4,39,2,False,False,,False,
18.8,3.61,90,3.29,17:00,0.4,Données temps réel,0,7440,2026-07-01,10,Normandie,28,55.41,0,10.2,2026-07-01 15:00:00+00:00,313,34.48,2490,0,82,12.57,-5698,254,11.8,37.85,298.8,60.69,2026-07-01 15:00:00+00:00,2026-07-01,Rouen,21.6,55,2,False,False,,False,
12.99,3.48,175,1.89,17:00,0.1,Données temps réel,-3,3521,2026-07-01,5,Hauts-de-France,32,48.47,0,10.69,2026-07-01 15:00:00+00:00,864,125.0,5022,0,95,17.2,-174,537,7.31,49.04,70.11,64.49,2026-07-01 15:00:00+00:00,2026-07-01,Lille,24.1,48,2,False,False,,False,
14.13,6.12,265,2.4,17:00,17.51,Données temps réel,-1,6454,2026-07-01,758,Grand Est,44,38.66,1,27.63,2026-07-01 15:00:00+00:00,737,32.9,4328,0,104,17.03,-5186,1196,8.56,44.02,149.12,59.65,2026-07-01 15:00:00+00:00,2026-07-01,Strasbourg,27.0,31,2,False,False,,False,
9.86,1.04,26,4.15,17:00,0.36,Données temps réel,0,0,2026-07-01,9,Pays de la Loire,52,114.29,2,40.99,2026-07-01 15:00:00+00:00,241,90.0,2508,0,104,9.61,1098,1028,1.32,44.56,0.0,,2026-07-01 15:00:00+00:00,2026-07-01,Nantes,24.5,42,2,False,False,,False,
9.75,0.0,0,2.32,17:00,4.55,Données temps réel,0,0,2026-07-01,88,Bretagne,53,56.96,0,26.24,2026-07-01 15:00:00+00:00,192,32.0,1936,0,45,9.92,1104,508,0.0,45.2,0.0,,2026-07-01 15:00:00+00:00,2026-07-01,Rennes,22.9,50,2,False,False,,False,
9.22,0.51,20,1.28,17:00,0.49,Données temps réel,0,5157,2026-07-01,19,Nouvelle-Aquitaine,75,14.41,8,86.43,2026-07-01 15:00:00+00:00,204,0.85,3892,0,50,5.24,-4930,3364,3.66,47.91,132.5,77.78,2026-07-01 15:00:00+00:00,2026-07-01,Bordeaux,26.3,40,2,False,False,,False,
41.98,0.0,0,1.77,17:00,13.03,Données temps réel,0,0,2026-07-01,597,Occitanie,76,52.6,0,60.9,2026-07-01 15:00:00+00:00,764,11.15,4581,-642,81,16.68,1054,2790,0.0,52.3,0.0,0.0,2026-07-01 15:00:00+00:00,2026-07-01,Toulouse,27.2,32,2,False,False,,False,
43.48,0.13,10,1.07,17:00,37.99,Données temps réel,-1,5119,2026-07-01,2880,Auvergne-Rhône-Alpes,84,42.86,0,23.08,2026-07-01 15:00:00+00:00,347,25.15,7581,-162,81,4.58,-2442,1750,1.04,43.17,67.52,37.72,2026-07-01 15:00:00+00:00,2026-07-01,Lyon,26.7,42,2,False,False,,False,
74.38,10.69,567,2.51,17:00,8.53,Données temps réel,0,0,2026-07-01,452,Provence-Alpes-Côte d'Azur,93,44.78,0,29.29,2026-07-01 15:00:00+00:00,90,14.01,5302,0,133,1.7,2506,1553,21.55,53.44,0.0,,2026-07-01 15:00:00+00:00,2026-07-01,Marseille,33.0,24,2,False,False,,False,
15.11,0.0,0,2.14,17:15,0.21,Données temps réel,0,0,2026-07-01,16,Île-de-France,11,45.48,0,2.54,2026-07-01 15:15:00+00:00,21,84.21,7526,0,161,0.28,7138,191,0.0,33.75,0.0,,2026-07-01 15:00:00+00:00,2026-07-01,Paris,24.2,41,2,False,False,,False,
15.73,0.0,0,1.49,17:15,1.24,Données temps réel,0,8089,2026-07-01,25,Centre-Val de Loire,24,32.97,0,50.4,2026-07-01 15:15:00+00:00,284,27.17,2012,0,30,14.12,-7431,1014,0.0,49.01,402.04,69.55,2026-07-01 15:00:00+00:00,2026-07-01,Orléans,24.9,40,2,False,False,,False,
18.54,0.0,0,1.6,17:15,0.16,Données temps réel,0,0,2026-07-01,3,Bourgogne-Franche-Comté,27,37.04,0,41.31,2026-07-01 15:15:00+00:00,221,0.58,1876,0,30,11.78,847,775,0.0,44.93,0.0,,2026-07-01 15:00:00+00:00,2026-07-01,Dijon,25.4,39,2,False,False,,False,
18.68,3.65,90,3.24,17:15,0.41,Données temps réel,0,7545,2026-07-01,10,Normandie,28,54.05,0,9.93,2026-07-01 15:15:00+00:00,311,34.48,2468,0,80,12.6,-5812,245,11.8,36.51,305.71,61.54,2026-07-01 15:00:00+00:00,2026-07-01,Rouen,21.6,55,2,False,False,,False,
13.23,3.91,193,1.93,17:15,0.1,Données temps réel,0,3437,2026-07-01,5,Hauts-de-France,32,48.47,0,9.83,2026-07-01 15:15:00+00:00,880,125.0,4935,0,95,17.83,-161,485,8.06,44.29,69.65,62.95,2026-07-01 15:00:00+00:00,2026-07-01,Lille,24.1,48,2,False,False,,False,
13.4,6.68,300,2.32,17:15,16.4,Données temps réel,0,6412,2026-07-01,736,Grand Est,44,38.66,4,26.33,2026-07-01 15:15:00+00:00,699,31.94,4489,0,104,15.57,-4947,1182,9.7,43.5,142.84,59.26,2026-07-01 15:00:00+00:00,2026-07-01,Strasbourg,27.0,31,2,False,False,,False,
11.99,0.91,22,4.28,17:15,0.37,Données temps réel,-1,0,2026-07-01,9,Pays de la Loire,52,114.29,0,40.22,2026-07-01 15:15:00+00:00,293,90.0,2429,0,104,12.06,1024,977,1.11,42.35,0.0,,2026-07-01 15:00:00+00:00,2026-07-01,Nantes,24.5,42,2,False,False,,False,
18.03,0.0,0,2.32,17:15,2.99,Données temps réel,0,0,2026-07-01,58,Bretagne,53,56.96,0,25.33,2026-07-01 15:15:00+00:00,355,21.09,1942,0,45,18.28,993,492,0.0,43.77,0.0,,2026-07-01 15:00:00+00:00,2026-07-01,Rennes,22.9,50,2,False,False,,False,
9.99,0.51,20,1.28,17:15,0.49,Données temps réel,-3,5167,2026-07-01,19,Nouvelle-Aquitaine,75,14.41,8,87.61,2026-07-01 15:15:00+00:00,221,0.85,3898,0,50,5.67,-4999,3415,3.66,48.63,132.56,77.93,2026-07-01 15:00:00+00:00,2026-07-01,Bordeaux,26.3,40,2,False,False,,False,
54.89,0.0,0,1.75,17:15,12.56,Données temps réel,0,0,2026-07-01,580,Occitanie,76,52.6,0,59.09,2026-07-01 15:15:00+00:00,999,10.84,4617,-646,81,21.64,939,2728,0.0,51.13,0.0,0.0,2026-07-01 15:00:00+00:00,2026-07-01,Toulouse,27.2,32,2,False,False,,False,
46.49,1.1,79,1.13,17:15,41.89,Données temps réel,0,5184,2026-07-01,3008,Auvergne-Rhône-Alpes,84,42.86,0,23.86,2026-07-01 15:15:00+00:00,371,26.27,7180,-1,81,5.17,-3254,1713,8.23,42.25,72.2,38.2,2026-07-01 15:00:00+00:00,2026-07-01,Lyon,26.7,42,2,False,False,,False,
77.69,11.68,621,2.54,17:15,8.54,Données temps réel,0,0,2026-07-01,454,Provence-Alpes-Côte d'Azur,93,45.45,0,27.83,2026-07-01 15:15:00+00:00,94,14.07,5318,0,135,1.77,2535,1480,23.6,50.93,0.0,,2026-07-01 15:00:00+00:00,2026-07-01,Marseille,33.0,24,2,False,False,,False,
20.86,0.0,0,2.18,17:30,0.22,Données temps réel,0,0,2026-07-01,16,Île-de-France,11,45.48,0,2.53,2026-07-01 15:30:00+00:00,29,84.21,7393,0,161,0.39,7001,187,0.0,33.04,0.0,,2026-07-01 15:00:00+00:00,2026-07-01,Paris,24.2,41,2,False,False,,False,
16.33,0.0,0,1.52,17:30,1.27,Données temps réel,0,8073,2026-07-01,25,Centre-Val de Loire,24,32.97,0,47.8,2026-07-01 15:30:00+00:00,295,27.17,1975,0,30,14.94,-7392,944,0.0,45.63,408.76,69.42,2026-07-01 15:00:00+00:00,2026-07-01,Orléans,24.9,40,2,False,False,,False,
21.22,0.0,0,1.58,17:30,0.16,Données temps réel,0,0,2026-07-01,3,Bourgogne-Franche-Comté,27,37.04,2,38.68,2026-07-01 15:30:00+00:00,253,0.58,1903,0,30,13.29,878,736,0.0,42.67,0.0,,2026-07-01 15:00:00+00:00,2026-07-01,Dijon,25.4,39,2,False,False,,False,
18.8,3.66,89,3.29,17:30,0.41,Données temps réel,0,7715,2026-07-01,10,Normandie,28,54.05,0,9.34,2026-07-01 15:30:00+00:00,313,34.48,2430,0,80,12.88,-6004,227,11.66,33.83,317.49,62.93,2026-07-01 15:00:00+00:00,2026-07-01,Rouen,21.6,55,2,False,False,,False,
13.91,4.19,207,1.95,17:30,0.1,Données temps réel,-2,3496,2026-07-01,5,Hauts-de-France,32,48.98,0,9.24,2026-07-01 15:30:00+00:00,925,125.0,4935,0,96,18.74,-249,456,8.65,41.64,70.84,64.03,2026-07-01 15:00:00+00:00,2026-07-01,Lille,24.1,48,2,False,False,,False,
14.45,7.36,316,2.42,17:30,20.43,Données temps réel,0,6574,2026-07-01,877,Grand Est,44,38.66,159,24.78,2026-07-01 15:30:00+00:00,754,38.06,4293,-15,104,17.56,-5540,1064,10.21,39.16,153.13,60.76,2026-07-01 15:00:00+00:00,2026-07-01,Strasbourg,27.0,31,2,False,False,,False,
12.32,0.65,16,4.25,17:30,0.37,Données temps réel,0,0,2026-07-01,9,Pays de la Loire,52,114.29,1,38.55,2026-07-01 15:30:00+00:00,301,90.0,2446,0,104,12.31,1072,943,0.81,40.88,0.0,,2026-07-01 15:00:00+00:00,2026-07-01,Nantes,24.5,42,2,False,False,,False,
19.4,0.0,0,2.34,17:30,1.71,Données temps réel,0,0,2026-07-01,33,Bretagne,53,56.96,0,24.75,2026-07-01 15:30:00+00:00,382,12.0,1927,0,45,19.82,992,477,0.0,42.44,0.0,,2026-07-01 15:00:00+00:00,2026-07-01,Rennes,22.9,50,2,False,False,,False,
11.93,0.52,20,1.3,17:30,0.47,Données temps réel,0,5173,2026-07-01,18,Nouvelle-Aquitaine,75,14.41,8,85.88,2026-07-01 15:30:00+00:00,264,0.8,3832,0,50,6.89,-4993,3291,3.66,46.87,134.99,78.02,2026-07-01 15:00:00+00:00,2026-07-01,Bordeaux,26.3,40,2,False,False,,False,
54.01,0.0,0,1.73,17:30,12.94,Données temps réel,0,0,2026-07-01,599,Occitanie,76,51.95,0,54.38,2026-07-01 15:30:00+00:00,983,11.19,4630,-646,80,21.23,1160,2518,0.0,47.2,0.0,0.0,2026-07-01 15:00:00+00:00,2026-07-01,Toulouse,27.2,32,2,False,False,,False,
45.61,2.29,164,1.13,17:30,43.0,Données temps réel,0,5178,2026-07-01,3086,Auvergne-Rhône-Alpes,84,42.86,4,22.69,2026-07-01 15:30:00+00:00,364,26.95,7176,0,81,5.07,-3329,1628,17.08,40.16,72.16,38.16,2026-07-01 15:00:00+00:00,2026-07-01,Lyon,26.7,42,2,False,False,,False,
72.73,12.52,667,2.52,17:30,8.77,Données temps réel,0,0,2026-07-01,467,Provence-Alpes-Côte d'Azur,93,45.12,0,25.88,2026-07-01 15:30:00+00:00,88,14.48,5328,0,134,1.65,2593,1379,25.35,47.45,0.0,,2026-07-01 15:00:00+00:00,2026-07-01,Marseille,33.0,24,2,False,False,,False,
15.11,0.0,0,2.17,17:45,0.22,Données temps réel,0,0,2026-07-01,16,Île-de-France,11,45.48,0,2.22,2026-07-01 15:45:00+00:00,21,84.21,7432,0,161,0.28,7070,165,0.0,29.15,0.0,,2026-07-01 15:00:00+00:00,2026-07-01,Paris,24.2,41,2,False,False,,False,
15.89,0.0,0,1.56,17:45,1.3,Données temps réel,0,8081,2026-07-01,25,Centre-Val de Loire,24,32.97,0,47.48,2026-07-01 15:45:00+00:00,287,27.17,1927,0,30,14.89,-7411,915,0.0,44.22,419.36,69.48,2026-07-01 15:00:00+00:00,2026-07-01,Orléans,24.9,40,2,False,False,,False,
20.64,0.0,0,1.53,17:45,0.15,Données temps réel,0,0,2026-07-01,3,Bourgogne-Franche-Comté,27,37.04,2,35.55,2026-07-01 15:45:00+00:00,246,0.58,1958,0,30,12.56,981,696,0.0,40.35,0.0,,2026-07-01 15:00:00+00:00,2026-07-01,Dijon,25.4,39,2,False,False,,False,
17.84,3.59,88,3.38,17:45,0.41,Données temps réel,0,7692,2026-07-01,10,Normandie,28,56.08,0,8.72,2026-07-01 15:45:00+00:00,297,34.48,2453,0,83,12.11,-5931,214,11.53,31.89,313.58,62.74,2026-07-01 15:00:00+00:00,2026-07-01,Rouen,21.6,55,2,False,False,,False,
14.51,4.21,208,1.92,17:45,0.1,Données temps réel,-1,3479,2026-07-01,5,Hauts-de-France,32,48.47,0,8.41,2026-07-01 15:45:00+00:00,965,125.0,4937,0,95,19.55,-229,415,8.69,37.9,70.47,63.72,2026-07-01 15:00:00+00:00,2026-07-01,Lille,24.1,48,2,False,False,,False,
13.71,10.82,468,2.4,17:45,24.53,Données temps réel,0,6480,2026-07-01,1061,Grand Est,44,38.66,38,23.86,2026-07-01 15:45:00+00:00,715,46.05,4326,0,104,16.53,-5573,1032,15.13,37.98,149.79,59.89,2026-07-01 15:00:00+00:00,2026-07-01,Strasbourg,27.0,31,2,False,False,,False,
13.92,0.0,0,4.27,17:45,0.37,Données temps réel,0,0,2026-07-01,9,Pays de la Loire,52,114.29,0,37.14,2026-07-01 15:45:00+00:00,340,90.0,2437,0,104,13.95,1084,905,0.0,39.23,0.0,,2026-07-01 15:00:00+00:00,2026-07-01,Nantes,24.5,42,2,False,False,,False,
20.92,0.0,0,2.29,17:45,0.0,Données temps réel,0,0,2026-07-01,0,Bretagne,53,56.96,0,23.17,2026-07-01 15:45:00+00:00,412,0.0,1968,0,45,20.93,1057,456,0.0,40.57,0.0,,2026-07-01 15:00:00+00:00,2026-07-01,Rennes,22.9,50,2,False,False,,False,
13.01,0.5,20,1.26,17:45,0.45,Données temps réel,0,5116,2026-07-01,18,Nouvelle-Aquitaine,75,14.41,8,80.09,2026-07-01 15:45:00+00:00,288,0.8,3983,0,50,7.23,-4707,3190,3.66,45.43,128.45,77.16,2026-07-01 15:00:00+00:00,2026-07-01,Bordeaux,26.3,40,2,False,False,,False,
56.04,0.0,0,1.66,17:45,13.1,Données temps réel,0,0,2026-07-01,630,Occitanie,76,51.95,0,51.19,2026-07-01 15:45:00+00:00,1020,11.77,4810,-648,80,21.21,1328,2462,0.0,46.15,0.0,0.0,2026-07-01 15:00:00+00:00,2026-07-01,Toulouse,27.2,32,2,False,False,,False,
44.36,2.0,142,1.14,17:45,46.1,Données temps réel,0,5153,2026-07-01,3268,Auvergne-Rhône-Alpes,84,42.86,6,22.03,2026-07-01 15:45:00+00:00,354,28.54,7089,-1,81,4.99,-3475,1562,14.79,38.53,72.69,37.97,2026-07-01 15:00:00+00:00,2026-07-01,Lyon,26.7,42,2,False,False,,False,
58.68,13.59,714,2.49,17:45,8.85,Données temps réel,0,0,2026-07-01,465,Provence-Alpes-Côte d'Azur,93,44.11,0,24.43,2026-07-01 15:45:00+00:00,71,14.41,5252,0,131,1.35,2589,1283,27.14,44.15,0.0,,2026-07-01 15:00:00+00:00,2026-07-01,Marseille,33.0,24,2,False,False,,False,
17.27,0.0,0,2.16,18:00,0.21,Données temps réel,0,0,2026-07-01,16,Île-de-France,11,46.05,0,2.26,2026-07-01 16:00:00+00:00,24,84.21,7530,0,163,0.32,7158,170,0.0,30.04,0.0,,2026-07-01 16:00:00+00:00,2026-07-01,Paris,24.2,41,2,False,False,,False,
17.17,0.0,0,1.48,18:00,1.23,Données temps réel,0,8080,2026-07-01,25,Centre-Val de Loire,24,32.97,0,41.28,2026-07-01 16:00:00+00:00,310,27.17,2030,0,30,15.27,-7253,838,0.0,40.5,398.03,69.48,2026-07-01 16:00:00+00:00,2026-07-01,Orléans,25.2,38,2,False,False,,False,
20.55,0.0,0,1.59,18:00,0.16,Données temps réel,0,0,2026-07-01,3,Bourgogne-Franche-Comté,27,37.04,2,32.57,2026-07-01 16:00:00+00:00,245,0.58,1888,0,30,12.98,994,615,0.0,35.65,0.0,,2026-07-01 16:00:00+00:00,2026-07-01,Dijon,24.9,38,2,False,False,,False,
19.34,3.59,88,3.47,18:00,0.41,Données temps réel,0,7634,2026-07-01,10,Normandie,28,57.43,0,8.56,2026-07-01 16:00:00+00:00,322,34.48,2453,0,85,13.13,-5897,210,11.53,31.3,311.21,62.27,2026-07-01 16:00:00+00:00,2026-07-01,Rouen,21.7,54,2,False,False,,False,
15.03,4.06,203,1.92,18:00,0.1,Données temps réel,-3,3483,2026-07-01,5,Hauts-de-France,32,48.98,0,8.1,2026-07-01 16:00:00+00:00,1000,125.0,4997,0,96,20.01,-192,405,8.48,36.99,69.7,63.79,2026-07-01 16:00:00+00:00,2026-07-01,Lille,23.3,52,2,False,False,,False,
13.99,11.99,524,2.38,18:00,25.39,Données temps réel,-1,6467,2026-07-01,1110,Grand Est,44,38.66,14,21.78,2026-07-01 16:00:00+00:00,730,48.18,4371,0,104,16.7,-5531,952,16.94,35.04,147.95,59.77,2026-07-01 16:00:00+00:00,2026-07-01,Strasbourg,27.0,31,2,False,False,,False,
14.98,0.0,0,4.09,18:00,0.35,Données temps réel,0,0,2026-07-01,9,Pays de la Loire,52,114.29,0,33.83,2026-07-01 16:00:00+00:00,366,90.0,2545,0,104,14.38,1211,861,0.0,37.32,0.0,,2026-07-01 16:00:00+00:00,2026-07-01,Nantes,25.0,40,2,False,False,,False,
20.06,0.0,0,2.29,18:00,0.0,Données temps réel,0,0,2026-07-01,0,Bretagne,53,56.96,0,22.04,2026-07-01 16:00:00+00:00,395,0.0,1969,0,45,20.06,1098,434,0.0,38.61,0.0,,2026-07-01 16:00:00+00:00,2026-07-01,Rennes,22.4,53,2,False,False,,False,
13.42,0.5,20,1.26,18:00,0.43,Données temps réel,0,5108,2026-07-01,17,Nouvelle-Aquitaine,75,14.41,8,73.5,2026-07-01 16:00:00+00:00,297,0.76,3970,0,50,7.48,-4449,2918,3.66,41.56,128.66,77.04,2026-07-01 16:00:00+00:00,2026-07-01,Bordeaux,26.1,41,2,False,False,,False,
54.51,0.0,0,1.7,18:00,13.28,Données temps réel,0,0,2026-07-01,625,Occitanie,76,51.95,0,47.33,2026-07-01 16:00:00+00:00,992,11.68,4707,-647,80,21.07,1490,2228,0.0,41.76,0.0,0.0,2026-07-01 16:00:00+00:00,2026-07-01,Toulouse,26.7,33,2,False,False,,False,
49.75,2.77,198,1.13,18:00,47.99,Données temps réel,0,5186,2026-07-01,3433,Auvergne-Rhône-Alpes,84,42.86,5,19.98,2026-07-01 16:00:00+00:00,397,29.98,7153,-1,81,5.55,-3573,1429,20.63,35.25,72.5,38.22,2026-07-01 16:00:00+00:00,2026-07-01,Lyon,26.7,42,2,False,False,,False,
67.77,14.43,759,2.49,18:00,8.84,Données temps réel,0,0,2026-07-01,465,Provence-Alpes-Côte d'Azur,93,44.11,0,22.19,2026-07-01 16:00:00+00:00,82,14.41,5260,0,131,1.56,2657,1167,28.85,40.16,0.0,,2026-07-01 16:00:00+00:00,2026-07-01,Marseille,31.5,27,2,False,False,,False,
21.58,0.0,0,2.15,18:15,0.21,Données temps réel,0,0,2026-07-01,16,Île-de-France,11,45.48,0,2.01,2026-07-01 16:15:00+00:00,30,84.21,7499,0,161,0.4,7142,151,0.0,26.68,0.0,,2026-07-01 16:00:00+00:00,2026-07-01,Paris,24.2,41,2,False,False,,False,
17.17,0.0,0,1.57,18:15,1.31,Données temps réel,0,8085,2026-07-01,25,Centre-Val de Loire,24,32.97,0,39.73,2026-07-01 16:15:00+00:00,310,27.17,1913,0,30,16.2,-7298,760,0.0,36.73,422.63,69.52,2026-07-01 16:00:00+00:00,2026-07-01,Orléans,25.2,38,2,False,False,,False,
20.22,0.0,0,1.47,18:15,0.15,Données temps réel,0,0,2026-07-01,3,Bourgogne-Franche-Comté,27,37.04,0,28.68,2026-07-01 16:15:00+00:00,241,0.58,2036,0,30,11.84,1178,584,0.0,33.86,0.0,,2026-07-01 16:00:00+00:00,2026-07-01,Dijon,24.9,38,2,False,False,,False,
20.42,3.55,88,3.31,18:15,0.4,Données temps réel,0,7608,2026-07-01,10,Normandie,28,55.41,0,7.9,2026-07-01 16:15:00+00:00,340,34.48,2480,0,82,13.71,-5844,196,11.53,29.21,306.77,62.06,2026-07-01 16:00:00+00:00,2026-07-01,Rouen,21.7,54,2,False,False,,False,
15.26,4.27,207,1.96,18:15,0.1,Données temps réel,-2,3450,2026-07-01,5,Hauts-de-France,32,48.47,0,7.77,2026-07-01 16:15:00+00:00,1015,125.0,4849,0,95,20.93,-299,377,8.65,34.43,71.15,63.19,2026-07-01 16:00:00+00:00,2026-07-01,Lille,23.3,52,2,False,False,,False,
13.25,11.34,514,2.3,18:15,25.54,Données temps réel,-1,6419,2026-07-01,1157,Grand Est,44,38.66,4,19.09,2026-07-01 16:15:00+00:00,691,50.22,4531,0,104,15.25,-5222,865,16.61,31.84,141.67,59.33,2026-07-01 16:00:00+00:00,2026-07-01,Strasbourg,27.0,31,2,False,False,,False,
17.15,0.0,0,4.1,18:15,0.36,Données temps réel,0,0,2026-07-01,9,Pays de la Loire,52,114.29,0,31.69,2026-07-01 16:15:00+00:00,419,90.0,2534,0,104,16.54,1204,803,0.0,34.81,0.0,,2026-07-01 16:00:00+00:00,2026-07-01,Nantes,25.0,40,2,False,False,,False,
20.47,2.36,47,2.26,18:15,0.0,Données temps réel,0,0,2026-07-01,0,Bretagne,53,56.96,0,20.51,2026-07-01 16:15:00+00:00,403,0.0,1994,0,45,20.21,1091,409,3.3,36.39,0.0,,2026-07-01 16:00:00+00:00,2026-07-01,Rennes,22.4,53,2,False,False,,False,
12.34,0.5,20,1.24,18:15,0.52,Données temps réel,0,5128,2026-07-01,21,Nouvelle-Aquitaine,75,14.41,8,67.2,2026-07-01 16:15:00+00:00,273,0.94,4033,0,50,6.77,-4177,2710,3.66,38.59,127.15,77.35,2026-07-01 16:00:00+00:00,2026-07-01,Bordeaux,26.1,41,2,False,False,,False,
54.12,0.0,0,1.67,18:15,13.92,Données temps réel,0,0,2026-07-01,665,Occitanie,76,51.95,3,43.78,2026-07-01 16:15:00+00:00,985,12.42,4778,-647,80,20.62,1663,2092,0.0,39.21,0.0,0.0,2026-07-01 16:00:00+00:00,2026-07-01,Toulouse,26.7,33,2,False,False,,False,
47.49,4.05,286,1.15,18:15,49.07,Données temps réel,0,5195,2026-07-01,3467,Auvergne-Rhône-Alpes,84,42.86,0,18.23,2026-07-01 16:15:00+00:00,379,30.27,7065,0,81,5.36,-3632,1288,29.79,31.77,73.53,38.28,2026-07-01 16:00:00+00:00,2026-07-01,Lyon,26.7,42,2,False,False,,False,
71.07,15.65,814,2.46,18:15,9.96,Données temps réel,0,0,2026-07-01,518,Provence-Alpes-Côte d'Azur,93,43.1,0,20.81,2026-07-01 16:15:00+00:00,86,16.06,5200,0,128,1.65,2572,1082,30.94,37.23,0.0,,2026-07-01 16:00:00+00:00,2026-07-01,Marseille,31.5,27,2,False,False,,False,
17.99,0.0,0,2.11,18:30,0.21,Données temps réel,0,0,2026-07-01,16,Île-de-France,11,45.48,0,1.87,2026-07-01 16:30:00+00:00,25,84.21,7632,0,161,0.33,7288,143,0.0,25.27,0.0,,2026-07-01 16:00:00+00:00,2026-07-01,Paris,24.2,41,2,False,False,,False,
17.55,0.0,0,1.57,18:30,1.31,Données temps réel,0,8065,2026-07-01,25,Centre-Val de Loire,24,32.97,0,37.17,2026-07-01 16:30:00+00:00,317,27.17,1910,0,30,16.6,-7237,710,0.0,34.32,422.25,69.35,2026-07-01 16:00:00+00:00,2026-07-01,Orléans,25.2,38,2,False,False,,False,
20.13,0.0,0,1.45,18:30,0.14,Données temps réel,0,0,2026-07-01,3,Bourgogne-Franche-Comté,27,37.04,0,25.3,2026-07-01 16:30:00+00:00,240,0.58,2071,0,30,11.59,1274,524,0.0,30.38,0.0,,2026-07-01 16:00:00+00:00,2026-07-01,Dijon,24.9,38,2,False,False,,False,
22.28,3.46,88,3.34,18:30,0.39,Données temps réel,0,7957,2026-07-01,10,Normandie,28,57.43,0,7.08,2026-07-01 16:30:00+00:00,371,34.48,2544,0,85,14.58,-6147,180,11.53,26.83,312.78,64.9,2026-07-01 16:00:00+00:00,2026-07-01,Rouen,21.7,54,2,False,False,,False,
15.98,5.69,275,1.96,18:30,0.1,Données temps réel,-2,3432,2026-07-01,5,Hauts-de-France,32,48.47,0,7.38,2026-07-01 16:30:00+00:00,1063,125.0,4836,0,95,21.98,-389,357,11.49,32.6,70.97,62.86,2026-07-01 16:00:00+00:00,2026-07-01,Lille,23.3,52,2,False,False,,False,
14.91,15.52,686,2.35,18:30,24.54,Données temps réel,-2,6399,2026-07-01,1085,Grand Est,44,38.66,4,16.65,2026-07-01 16:30:00+00:00,778,47.09,4421,0,104,17.6,-5370,736,22.17,27.09,144.74,59.14,2026-07-01 16:00:00+00:00,2026-07-01,Strasbourg,27.0,31,2,False,False,,False,
20.02,0.0,0,4.08,18:30,0.35,Données temps réel,0,0,2026-07-01,9,Pays de la Loire,52,114.29,0,29.41,2026-07-01 16:30:00+00:00,489,90.0,2547,0,104,19.2,1199,749,0.0,32.47,0.0,,2026-07-01 16:00:00+00:00,2026-07-01,Nantes,25.0,40,2,False,False,,False,
22.04,15.99,320,2.25,18:30,0.0,Données temps réel,0,0,2026-07-01,0,Bretagne,53,56.96,0,19.19,2026-07-01 16:30:00+00:00,434,0.0,2001,0,45,21.69,818,384,22.44,34.16,0.0,,2026-07-01 16:00:00+00:00,2026-07-01,Rennes,22.4,53,2,False,False,,False,
14.1,0.47,20,1.17,18:30,0.49,Données temps réel,0,5100,2026-07-01,21,Nouvelle-Aquitaine,75,14.41,8,58.85,2026-07-01 16:30:00+00:00,312,0.94,4287,0,50,7.28,-3748,2523,3.66,35.93,118.96,76.92,2026-07-01 16:00:00+00:00,2026-07-01,Bordeaux,26.1,41,2,False,False,,False,
51.65,0.0,0,1.66,18:30,13.83,Données temps réel,0,0,2026-07-01,668,Occitanie,76,51.95,1,38.8,2026-07-01 16:30:00+00:00,940,12.48,4830,-648,80,19.46,1978,1874,0.0,35.13,0.0,0.0,2026-07-01 16:00:00+00:00,2026-07-01,Toulouse,26.7,33,2,False,False,,False,
47.74,4.97,353,1.14,18:30,49.27,Données temps réel,0,5036,2026-07-01,3498,Auvergne-Rhône-Alpes,84,42.86,0,16.37,2026-07-01 16:30:00+00:00,381,30.54,7100,0,81,5.37,-3411,1162,36.77,28.66,70.93,37.11,2026-07-01 16:00:00+00:00,2026-07-01,Lyon,26.7,42,2,False,False,,False,
66.94,20.96,1110,2.32,18:30,11.06,Données temps réel,0,0,2026-07-01,586,Provence-Alpes-Côte d'Azur,93,41.41,0,18.03,2026-07-01 16:30:00+00:00,81,18.16,5297,0,123,1.53,2442,955,42.19,32.86,0.0,,2026-07-01 16:00:00+00:00,2026-07-01,Marseille,31.5,27,2,False,False,,False,
17.27,0.0,0,2.35,18:45,0.22,Données temps réel,0,0,2026-07-01,16,Île-de-France,11,48.87,0,1.69,2026-07-01 16:45:00+00:00,24,84.21,7351,0,173,0.33,7015,124,0.0,21.91,0.0,,2026-07-01 16:00:00+00:00,2026-07-01,Paris,24.2,41,2,False,False,,False,
19.44,0.0,0,1.47,18:45,1.22,Données temps réel,0,8081,2026-07-01,25,Centre-Val de Loire,24,32.97,0,29.14,2026-07-01 16:45:00+00:00,351,27.17,2045,0,30,17.16,-7039,596,0.0,28.81,395.16,69.48,2026-07-01 16:00:00+00:00,2026-07-01,Orléans,25.2,38,2,False,False,,False,
19.04,0.0,0,1.46,18:45,0.15,Données temps réel,0,0,2026-07-01,3,Bourgogne-Franche-Comté,27,37.04,0,22.51,2026-07-01 16:45:00+00:00,227,0.58,2057,0,30,11.04,1334,463,0.0,26.84,0.0,,2026-07-01 16:00:00+00:00,2026-07-01,Dijon,24.9,38,2,False,False,,False,
23.12,3.42,88,3.22,18:45,0.39,Données temps réel,0,8304,2026-07-01,10,Normandie,28,56.08,0,6.56,2026-07-01 16:45:00+00:00,385,34.48,2576,0,83,14.95,-6463,169,11.53,25.19,322.36,67.73,2026-07-01 16:00:00+00:00,2026-07-01,Rouen,21.7,54,2,False,False,,False,
16.85,9.24,468,1.91,18:45,0.1,Données temps réel,0,3477,2026-07-01,5,Hauts-de-France,32,49.49,0,6.32,2026-07-01 16:45:00+00:00,1121,125.0,5066,0,97,22.13,-423,320,19.55,29.22,68.63,63.68,2026-07-01 16:00:00+00:00,2026-07-01,Lille,23.3,52,2,False,False,,False,
14.63,17.7,777,2.37,18:45,29.22,Données temps réel,-1,6466,2026-07-01,1283,Grand Est,44,38.66,4,15.05,2026-07-01 16:45:00+00:00,763,55.69,4391,0,104,17.38,-5665,661,25.11,24.33,147.26,59.76,2026-07-01 16:00:00+00:00,2026-07-01,Strasbourg,27.0,31,2,False,False,,False,
20.88,0.0,0,3.93,18:45,0.34,Données temps réel,0,0,2026-07-01,9,Pays de la Loire,52,114.29,1,26.14,2026-07-01 16:45:00+00:00,510,90.0,2643,0,104,19.3,1333,691,0.0,29.95,0.0,,2026-07-01 16:00:00+00:00,2026-07-01,Nantes,25.0,40,2,False,False,,False,
21.48,20.44,415,2.22,18:45,0.0,Données temps réel,-4,0,2026-07-01,0,Bretagne,53,56.96,0,17.19,2026-07-01 16:45:00+00:00,423,0.0,2030,0,45,20.84,798,349,29.1,31.05,0.0,,2026-07-01 16:00:00+00:00,2026-07-01,Rennes,22.4,53,2,False,False,,False,
14.6,0.48,20,1.2,18:45,0.55,Données temps réel,0,5175,2026-07-01,23,Nouvelle-Aquitaine,75,14.41,8,56.68,2026-07-01 16:45:00+00:00,323,1.03,4171,0,50,7.74,-3790,2364,3.66,33.67,124.07,78.05,2026-07-01 16:00:00+00:00,2026-07-01,Bordeaux,26.1,41,2,False,False,,False,
53.52,0.0,0,1.66,18:45,15.87,Données temps réel,0,0,2026-07-01,766,Occitanie,76,51.95,0,33.97,2026-07-01 16:45:00+00:00,974,14.31,4828,-645,80,20.17,2075,1640,0.0,30.74,0.0,0.0,2026-07-01 16:00:00+00:00,2026-07-01,Toulouse,26.7,33,2,False,False,,False,
47.99,4.88,352,1.12,18:45,51.85,Données temps réel,0,4686,2026-07-01,3737,Auvergne-Rhône-Alpes,84,42.86,0,14.46,2026-07-01 16:45:00+00:00,383,32.63,7207,-1,81,5.31,-3073,1042,36.67,25.7,65.02,34.53,2026-07-01 16:00:00+00:00,2026-07-01,Lyon,26.7,42,2,False,False,,False,
65.29,21.97,1154,2.27,18:45,18.16,Données temps réel,0,0,2026-07-01,954,Provence-Alpes-Côte d'Azur,93,40.07,0,15.51,2026-07-01 16:45:00+00:00,79,29.57,5253,0,119,1.5,2132,815,43.86,28.05,0.0,,2026-07-01 16:00:00+00:00,2026-07-01,Marseille,31.5,27,2,False,False,,False,
32.37,0.0,0,2.31,19:00,0.21,Données temps réel,0,0,2026-07-01,16,Île-de-France,11,50.0,0,1.42,2026-07-01 17:00:00+00:00,45,84.21,7659,0,177,0.59,7314,109,0.0,19.26,0.0,,2026-07-01 17:00:00+00:00,2026-07-01,Paris,23.6,43,2,False,False,,False,
18.38,0.0,0,1.51,19:00,1.26,Données temps réel,0,8078,2026-07-01,25,Centre-Val de Loire,24,32.97,0,25.99,2026-07-01 17:00:00+00:00,332,27.17,1985,0,30,16.73,-6995,516,0.0,24.94,406.95,69.46,2026-07-01 17:00:00+00:00,2026-07-01,Orléans,25.0,38,2,False,False,,False,
21.06,0.0,0,1.44,19:00,1.01,Données temps réel,0,0,2026-07-01,21,Bourgogne-Franche-Comté,27,37.04,0,19.84,2026-07-01 17:00:00+00:00,251,4.06,2082,0,30,12.06,1366,413,0.0,23.94,0.0,,2026-07-01 17:00:00+00:00,2026-07-01,Dijon,24.2,38,2,False,False,,False,
23.36,3.36,88,3.09,19:00,0.38,Données temps réel,0,8332,2026-07-01,10,Normandie,28,54.73,0,5.84,2026-07-01 17:00:00+00:00,389,34.48,2621,0,81,14.84,-6433,153,11.53,22.8,317.89,67.96,2026-07-01 17:00:00+00:00,2026-07-01,Rouen,21.2,58,2,False,False,,False,
17.78,11.43,588,1.87,19:00,0.1,Données temps réel,0,3492,2026-07-01,5,Hauts-de-France,32,48.98,0,5.52,2026-07-01 17:00:00+00:00,1183,125.0,5144,0,96,23.0,-504,284,24.56,25.94,67.88,63.96,2026-07-01 17:00:00+00:00,2026-07-01,Lille,22.3,57,2,False,False,,False,
15.18,23.24,1044,2.31,19:00,32.05,Données temps réel,0,6555,2026-07-01,1440,Grand Est,44,38.66,243,12.73,2026-07-01 17:00:00+00:00,792,62.5,4493,0,104,17.63,-6257,572,33.74,21.05,145.89,60.58,2026-07-01 17:00:00+00:00,2026-07-01,Strasbourg,26.7,31,2,False,False,,False,
20.67,0.0,0,3.95,19:00,0.34,Données temps réel,0,0,2026-07-01,9,Pays de la Loire,52,114.29,25,23.32,2026-07-01 17:00:00+00:00,505,90.0,2633,0,104,19.18,1380,614,0.0,26.61,0.0,,2026-07-01 17:00:00+00:00,2026-07-01,Nantes,24.8,40,2,False,False,,False,
22.24,20.14,419,2.16,19:00,0.0,Données temps réel,0,0,2026-07-01,0,Bretagne,53,56.96,0,15.38,2026-07-01 17:00:00+00:00,438,0.0,2080,0,45,21.06,858,320,29.38,28.47,0.0,,2026-07-01 17:00:00+00:00,2026-07-01,Rennes,21.8,56,2,False,False,,False,
15.05,0.47,20,1.17,19:00,1.28,Données temps réel,0,5191,2026-07-01,55,Nouvelle-Aquitaine,75,14.41,8,48.66,2026-07-01 17:00:00+00:00,333,2.45,4291,0,50,7.76,-3453,2088,3.66,29.74,120.97,78.3,2026-07-01 17:00:00+00:00,2026-07-01,Bordeaux,25.0,47,2,False,False,,False,
52.97,0.0,0,1.63,19:00,16.71,Données temps réel,0,0,2026-07-01,819,Occitanie,76,51.95,0,28.95,2026-07-01 17:00:00+00:00,964,15.3,4902,-644,80,19.67,2327,1419,0.0,26.6,0.0,0.0,2026-07-01 17:00:00+00:00,2026-07-01,Toulouse,26.0,35,2,False,False,,False,
47.24,4.89,352,1.12,19:00,58.09,Données temps réel,0,4501,2026-07-01,4184,Auvergne-Rhône-Alpes,84,42.86,6,12.37,2026-07-01 17:00:00+00:00,377,36.54,7203,-2,81,5.23,-3185,891,36.67,21.98,62.49,33.17,2026-07-01 17:00:00+00:00,2026-07-01,Lyon,26.4,39,2,False,False,,False,
66.94,22.45,1190,2.26,19:00,18.66,Données temps réel,0,0,2026-07-01,989,Provence-Alpes-Côte d'Azur,93,40.4,0,12.68,2026-07-01 17:00:00+00:00,81,30.66,5301,0,120,1.53,2249,672,45.23,23.12,0.0,,2026-07-01 17:00:00+00:00,2026-07-01,Marseille,30.2,32,2,False,False,,False,
23.74,0.91,69,2.31,19:15,0.21,Données temps réel,0,0,2026-07-01,16,Île-de-France,11,49.72,0,1.35,2026-07-01 17:15:00+00:00,33,84.21,7606,0,176,0.43,7209,103,3.18,18.2,0.0,,2026-07-01 17:00:00+00:00,2026-07-01,Paris,23.6,43,2,False,False,,False,
20.43,0.0,0,1.48,19:15,1.24,Données temps réel,0,8095,2026-07-01,25,Centre-Val de Loire,24,32.97,0,23.53,2026-07-01 17:15:00+00:00,369,27.17,2023,0,30,18.24,-6973,476,0.0,23.01,400.15,69.6,2026-07-01 17:00:00+00:00,2026-07-01,Orléans,25.0,38,2,False,False,,False,
21.39,0.0,0,1.42,19:15,0.99,Données temps réel,0,0,2026-07-01,21,Bourgogne-Franche-Comté,27,37.04,0,16.79,2026-07-01 17:15:00+00:00,255,4.06,2120,0,30,12.03,1459,356,0.0,20.64,0.0,,2026-07-01 17:00:00+00:00,2026-07-01,Dijon,24.2,38,2,False,False,,False,
25.65,3.37,88,3.18,19:15,0.38,Données temps réel,0,8321,2026-07-01,10,Normandie,28,56.08,0,5.36,2026-07-01 17:15:00+00:00,427,34.48,2612,0,83,16.35,-6457,140,11.53,20.86,318.57,67.87,2026-07-01 17:00:00+00:00,2026-07-01,Rouen,21.2,58,2,False,False,,False,
18.4,12.26,617,1.91,19:15,0.1,Données temps réel,-1,3487,2026-07-01,5,Hauts-de-France,32,48.98,0,4.67,2026-07-01 17:15:00+00:00,1224,125.0,5034,0,96,24.31,-630,235,25.77,21.46,69.27,63.86,2026-07-01 17:00:00+00:00,2026-07-01,Lille,22.3,57,2,False,False,,False,
14.64,25.31,1155,2.28,19:15,31.66,Données temps réel,0,6546,2026-07-01,1445,Grand Est,44,38.66,2,10.56,2026-07-01 17:15:00+00:00,764,62.72,4564,0,104,16.74,-5933,482,37.33,17.74,143.43,60.5,2026-07-01 17:00:00+00:00,2026-07-01,Strasbourg,26.7,31,2,False,False,,False,
22.88,1.02,27,3.93,19:15,0.34,Données temps réel,0,0,2026-07-01,9,Pays de la Loire,52,114.29,0,20.24,2026-07-01 17:15:00+00:00,559,90.0,2643,0,104,21.15,1409,535,1.37,23.19,0.0,,2026-07-01 17:00:00+00:00,2026-07-01,Nantes,24.8,40,2,False,False,,False,
20.06,20.35,425,2.16,19:15,0.0,Données temps réel,0,0,2026-07-01,0,Bretagne,53,56.96,0,13.6,2026-07-01 17:15:00+00:00,395,0.0,2088,0,45,18.92,940,284,29.8,25.27,0.0,,2026-07-01 17:00:00+00:00,2026-07-01,Rennes,21.8,56,2,False,False,,False,
16.49,0.47,20,1.17,19:15,2.21,Données temps réel,0,5177,2026-07-01,95,Nouvelle-Aquitaine,75,14.41,8,42.55,2026-07-01 17:15:00+00:00,365,4.24,4291,0,50,8.51,-3249,1826,3.66,26.0,120.65,78.08,2026-07-01 17:00:00+00:00,2026-07-01,Bordeaux,25.0,47,2,False,False,,False,
54.18,0.0,0,1.6,19:15,16.47,Données temps réel,0,0,2026-07-01,824,Occitanie,76,51.95,0,24.07,2026-07-01 17:15:00+00:00,986,15.39,5003,-643,80,19.71,2615,1204,0.0,22.57,0.0,0.0,2026-07-01 17:00:00+00:00,2026-07-01,Toulouse,26.0,35,2,False,False,,False,
48.37,4.91,354,1.12,19:15,64.53,Données temps réel,0,4501,2026-07-01,4652,Auvergne-Rhône-Alpes,84,42.86,3,10.61,2026-07-01 17:15:00+00:00,386,40.62,7209,0,81,5.35,-3533,765,36.88,18.87,62.44,33.17,2026-07-01 17:00:00+00:00,2026-07-01,Lyon,26.4,39,2,False,False,,False,
66.12,22.73,1195,2.3,19:15,21.78,Données temps réel,0,0,2026-07-01,1145,Provence-Alpes-Côte d'Azur,93,40.74,0,10.56,2026-07-01 17:15:00+00:00,80,35.49,5258,0,121,1.52,2163,555,45.42,19.1,0.0,,2026-07-01 17:00:00+00:00,2026-07-01,Marseille,30.2,32,2,False,False,,False,
17.27,8.01,604,2.34,19:30,0.21,Données temps réel,0,0,2026-07-01,16,Île-de-France,11,49.72,0,1.23,2026-07-01 17:30:00+00:00,24,84.21,7536,0,176,0.32,6622,93,27.86,16.43,0.0,,2026-07-01 17:00:00+00:00,2026-07-01,Paris,23.6,43,2,False,False,,False,
22.87,0.0,0,1.54,19:30,1.28,Données temps réel,0,8110,2026-07-01,25,Centre-Val de Loire,24,32.97,0,20.65,2026-07-01 17:30:00+00:00,413,27.17,1952,0,30,21.16,-7029,403,0.0,19.48,415.47,69.73,2026-07-01 17:00:00+00:00,2026-07-01,Orléans,25.0,38,2,False,False,,False,
20.22,0.0,0,1.41,19:30,0.99,Données temps réel,0,0,2026-07-01,21,Bourgogne-Franche-Comté,27,37.04,0,14.23,2026-07-01 17:30:00+00:00,241,4.06,2123,0,30,11.35,1530,302,0.0,17.51,0.0,,2026-07-01 17:00:00+00:00,2026-07-01,Dijon,24.2,38,2,False,False,,False,
30.99,3.23,87,3.15,19:30,0.37,Données temps réel,0,8205,2026-07-01,10,Normandie,28,57.43,0,4.82,2026-07-01 17:30:00+00:00,516,34.48,2697,0,85,19.13,-6336,130,11.4,19.37,304.23,66.92,2026-07-01 17:00:00+00:00,2026-07-01,Rouen,21.2,58,2,False,False,,False,
18.9,12.06,616,1.84,19:30,0.1,Données temps réel,0,3446,2026-07-01,5,Hauts-de-France,32,47.96,0,3.91,2026-07-01 17:30:00+00:00,1257,125.0,5109,0,94,24.6,-510,200,25.73,18.26,67.45,63.11,2026-07-01 17:00:00+00:00,2026-07-01,Lille,22.3,57,2,False,False,,False,
13.95,23.7,1073,2.3,19:30,32.2,Données temps réel,-1,6448,2026-07-01,1458,Grand Est,44,38.66,1,8.99,2026-07-01 17:30:00+00:00,728,63.28,4528,0,104,16.08,-5691,407,34.68,14.98,142.4,59.59,2026-07-01 17:00:00+00:00,2026-07-01,Strasbourg,26.7,31,2,False,False,,False,
23.91,0.95,26,3.81,19:30,0.33,Données temps réel,0,0,2026-07-01,9,Pays de la Loire,52,114.29,0,18.13,2026-07-01 17:30:00+00:00,584,90.0,2731,0,104,21.38,1513,495,1.32,21.46,0.0,,2026-07-01 17:00:00+00:00,2026-07-01,Nantes,24.8,40,2,False,False,,False,
19.81,20.6,428,2.17,19:30,0.0,Données temps réel,0,0,2026-07-01,0,Bretagne,53,56.96,0,12.22,2026-07-01 17:30:00+00:00,390,0.0,2078,0,45,18.77,961,254,30.01,22.6,0.0,,2026-07-01 17:00:00+00:00,2026-07-01,Rennes,21.8,56,2,False,False,,False,
17.58,0.46,20,1.15,19:30,2.2,Données temps réel,0,5139,2026-07-01,96,Nouvelle-Aquitaine,75,14.41,8,35.98,2026-07-01 17:30:00+00:00,389,4.28,4361,0,50,8.92,-2910,1569,3.66,22.34,117.84,77.51,2026-07-01 17:00:00+00:00,2026-07-01,Bordeaux,25.0,47,2,False,False,,False,
55.11,0.0,0,1.61,19:30,19.07,Données temps réel,0,0,2026-07-01,946,Occitanie,76,51.95,0,20.26,2026-07-01 17:30:00+00:00,1003,17.67,4960,-643,80,20.22,2632,1005,0.0,18.84,0.0,0.0,2026-07-01 17:00:00+00:00,2026-07-01,Toulouse,26.0,35,2,False,False,,False,
50.13,4.9,354,1.12,19:30,65.06,Données temps réel,0,4521,2026-07-01,4703,Auvergne-Rhône-Alpes,84,42.86,0,8.76,2026-07-01 17:30:00+00:00,400,41.07,7229,0,81,5.53,-3462,633,36.88,15.61,62.54,33.32,2026-07-01 17:00:00+00:00,2026-07-01,Lyon,26.4,39,2,False,False,,False,
59.5,23.2,1197,2.31,19:30,22.75,Données temps réel,0,0,2026-07-01,1174,Provence-Alpes-Côte d'Azur,93,40.07,0,8.39,2026-07-01 17:30:00+00:00,72,36.39,5160,0,119,1.4,2165,433,45.5,14.9,0.0,,2026-07-01 17:00:00+00:00,2026-07-01,Marseille,30.2,32,2,False,False,,False,
19.42,8.21,610,2.37,19:45,0.22,Données temps réel,0,0,2026-07-01,16,Île-de-France,11,49.72,0,1.13,2026-07-01 17:45:00+00:00,27,84.21,7428,0,176,0.36,6514,84,28.14,14.84,0.0,,2026-07-01 17:00:00+00:00,2026-07-01,Paris,23.6,43,2,False,False,,False,
24.14,0.0,0,1.54,19:45,1.28,Données temps réel,0,8159,2026-07-01,25,Centre-Val de Loire,24,32.97,0,17.7,2026-07-01 17:45:00+00:00,436,27.17,1949,0,30,22.37,-7046,345,0.0,16.67,418.62,70.15,2026-07-01 17:00:00+00:00,2026-07-01,Orléans,25.0,38,2,False,False,,False,
20.39,0.0,0,1.42,19:45,7.46,Données temps réel,0,0,2026-07-01,158,Bourgogne-Franche-Comté,27,37.04,0,11.57,2026-07-01 17:45:00+00:00,243,30.56,2118,0,30,11.47,1442,245,0.0,14.2,0.0,,2026-07-01 17:00:00+00:00,2026-07-01,Dijon,24.2,38,2,False,False,,False,
31.23,3.3,88,3.15,19:45,0.37,Données temps réel,0,8275,2026-07-01,10,Normandie,28,56.76,0,4.35,2026-07-01 17:45:00+00:00,520,34.48,2668,0,84,19.49,-6425,116,11.53,17.29,310.16,67.5,2026-07-01 17:00:00+00:00,2026-07-01,Rouen,21.2,58,2,False,False,,False,
19.17,12.52,628,1.81,19:45,0.1,Données temps réel,-2,3471,2026-07-01,5,Hauts-de-France,32,46.43,0,3.75,2026-07-01 17:45:00+00:00,1275,125.0,5014,0,91,25.43,-643,188,26.23,17.17,69.23,63.57,2026-07-01 17:00:00+00:00,2026-07-01,Lille,22.3,57,2,False,False,,False,
14.84,26.48,1229,2.24,19:45,31.8,Données temps réel,0,6532,2026-07-01,1476,Grand Est,44,38.66,3,7.35,2026-07-01 17:45:00+00:00,774,64.06,4641,0,104,16.68,-5817,341,39.72,12.55,140.75,60.37,2026-07-01 17:00:00+00:00,2026-07-01,Strasbourg,26.7,31,2,False,False,,False,
24.27,0.92,25,3.85,19:45,0.33,Données temps réel,0,0,2026-07-01,9,Pays de la Loire,52,114.29,0,15.76,2026-07-01 17:45:00+00:00,593,90.0,2703,0,104,21.94,1546,426,1.26,18.47,0.0,,2026-07-01 17:00:00+00:00,2026-07-01,Nantes,24.8,40,2,False,False,,False,
20.77,20.61,429,2.16,19:45,0.0,Données temps réel,0,0,2026-07-01,0,Bretagne,53,56.96,0,10.57,2026-07-01 17:45:00+00:00,409,0.0,2082,0,45,19.64,979,220,30.08,19.57,0.0,,2026-07-01 17:00:00+00:00,2026-07-01,Rennes,21.8,56,2,False,False,,False,
16.81,0.46,20,1.16,19:45,2.16,Données temps réel,0,5161,2026-07-01,93,Nouvelle-Aquitaine,75,14.41,8,29.74,2026-07-01 17:45:00+00:00,372,4.15,4311,0,50,8.63,-2674,1282,3.66,18.26,119.72,77.84,2026-07-01 17:00:00+00:00,2026-07-01,Bordeaux,25.0,47,2,False,False,,False,
55.44,0.0,0,1.62,19:45,19.49,Données temps réel,0,0,2026-07-01,963,Occitanie,76,51.95,0,15.22,2026-07-01 17:45:00+00:00,1009,17.99,4942,-645,80,20.42,2847,752,0.0,14.1,0.0,0.0,2026-07-01 17:00:00+00:00,2026-07-01,Toulouse,26.0,35,2,False,False,,False,
46.87,5.03,354,1.15,19:45,67.67,Données temps réel,0,4528,2026-07-01,4767,Auvergne-Rhône-Alpes,84,42.86,2,7.16,2026-07-01 17:45:00+00:00,374,41.63,7044,0,81,5.31,-3566,504,36.88,12.43,64.28,33.37,2026-07-01 17:00:00+00:00,2026-07-01,Lyon,26.4,39,2,False,False,,False,
69.42,23.54,1201,2.33,19:45,24.35,Données temps réel,0,0,2026-07-01,1242,Provence-Alpes-Côte d'Azur,93,40.07,0,6.65,2026-07-01 17:45:00+00:00,84,38.5,5101,0,119,1.65,2118,339,45.65,11.67,0.0,,2026-07-01 17:00:00+00:00,2026-07-01,Marseille,30.2,32,2,False,False,,False,
27.34,8.23,609,2.39,20:00,0.22,Données temps réel,0,0,2026-07-01,16,Île-de-France,11,50.0,0,0.95,2026-07-01 18:00:00+00:00,38,84.21,7399,0,177,0.51,6489,70,28.09,12.37,0.0,,2026-07-01 18:00:00+00:00,2026-07-01,Paris,23.7,41,2,False,False,,False,
25.19,0.0,0,1.53,20:00,1.28,Données temps réel,0,8172,2026-07-01,25,Centre-Val de Loire,24,32.97,0,13.39,2026-07-01 18:00:00+00:00,455,27.17,1956,0,30,23.26,-6989,262,0.0,12.66,417.79,70.27,2026-07-01 18:00:00+00:00,2026-07-01,Orléans,24.7,35,2,False,False,,False,
19.46,0.0,0,1.43,20:00,9.31,Données temps réel,0,0,2026-07-01,195,Bourgogne-Franche-Comté,27,37.04,0,8.97,2026-07-01 18:00:00+00:00,232,37.72,2095,0,30,11.07,1450,188,0.0,10.9,0.0,,2026-07-01 18:00:00+00:00,2026-07-01,Dijon,23.0,37,2,False,False,,False,
28.05,3.34,88,3.19,20:00,0.38,Données temps réel,0,8255,2026-07-01,10,Normandie,28,56.76,0,3.57,2026-07-01 18:00:00+00:00,467,34.48,2631,0,84,17.75,-6367,94,11.53,14.01,313.76,67.33,2026-07-01 18:00:00+00:00,2026-07-01,Rouen,20.6,61,2,False,False,,False,
19.45,12.4,628,1.9,20:00,0.1,Données temps réel,-8,3472,2026-07-01,5,Hauts-de-France,32,48.98,0,2.98,2026-07-01 18:00:00+00:00,1294,125.0,5065,0,96,25.55,-574,151,26.23,13.79,68.55,63.59,2026-07-01 18:00:00+00:00,2026-07-01,Lille,22.6,53,2,False,False,,False,
14.74,27.85,1235,2.34,20:00,33.19,Données temps réel,-3,6510,2026-07-01,1472,Grand Est,44,38.66,1,5.75,2026-07-01 18:00:00+00:00,769,63.89,4435,0,104,17.34,-5909,255,39.92,9.39,146.79,60.17,2026-07-01 18:00:00+00:00,2026-07-01,Strasbourg,26.3,29,2,False,False,,False,
24.48,0.89,24,3.86,20:00,0.33,Données temps réel,0,0,2026-07-01,9,Pays de la Loire,52,114.29,0,13.16,2026-07-01 18:00:00+00:00,598,90.0,2697,0,104,22.17,1607,355,1.21,15.39,0.0,,2026-07-01 18:00:00+00:00,2026-07-01,Nantes,24.4,39,2,False,False,,False,
18.89,20.79,430,2.18,20:00,0.0,Données temps réel,0,0,2026-07-01,0,Bretagne,53,56.96,79,8.85,2026-07-01 18:00:00+00:00,372,0.0,2068,0,45,17.99,958,183,30.15,16.28,0.0,,2026-07-01 18:00:00+00:00,2026-07-01,Rennes,21.0,58,2,False,False,,False,
17.71,0.46,20,1.14,20:00,2.08,Données temps réel,0,5151,2026-07-01,91,Nouvelle-Aquitaine,75,14.41,8,23.77,2026-07-01 18:00:00+00:00,392,4.06,4384,0,50,8.94,-2369,1042,3.66,14.84,117.5,77.69,2026-07-01 18:00:00+00:00,2026-07-01,Bordeaux,23.8,48,2,False,False,,False,
55.27,0.0,0,1.61,20:00,18.74,Données temps réel,0,0,2026-07-01,929,Occitanie,76,51.95,0,12.04,2026-07-01 18:00:00+00:00,1006,17.35,4957,-646,80,20.29,3054,597,0.0,11.19,0.0,0.0,2026-07-01 18:00:00+00:00,2026-07-01,Toulouse,25.8,35,2,False,False,,False,
47.24,5.02,354,1.15,20:00,69.28,Données temps réel,0,4520,2026-07-01,4883,Auvergne-Rhône-Alpes,84,42.86,0,5.45,2026-07-01 18:00:00+00:00,377,42.64,7048,0,81,5.35,-3550,384,36.88,9.47,64.13,33.31,2026-07-01 18:00:00+00:00,2026-07-01,Lyon,26.9,33,2,False,False,,False,
68.6,23.92,1201,2.37,20:00,25.1,Données temps réel,0,0,2026-07-01,1260,Provence-Alpes-Côte d'Azur,93,40.07,0,4.84,2026-07-01 18:00:00+00:00,83,39.06,5020,0,119,1.65,2115,243,45.65,8.36,0.0,,2026-07-01 18:00:00+00:00,2026-07-01,Marseille,30.0,31,2,False,False,,False,
25.18,8.46,611,2.33,20:15,0.22,Données temps réel,0,0,2026-07-01,16,Île-de-France,11,47.46,0,0.71,2026-07-01 18:15:00+00:00,35,84.21,7220,0,168,0.48,6340,51,28.18,9.01,0.0,,2026-07-01 18:00:00+00:00,2026-07-01,Paris,23.7,41,2,False,False,,False,
23.7,0.0,0,1.55,20:15,1.29,Données temps réel,0,8184,2026-07-01,25,Centre-Val de Loire,24,32.97,0,10.58,2026-07-01 18:15:00+00:00,428,27.17,1938,0,30,22.08,-6934,205,0.0,9.91,422.29,70.37,2026-07-01 18:00:00+00:00,2026-07-01,Orléans,24.7,35,2,False,False,,False,
18.88,0.0,0,1.39,20:15,9.15,Données temps réel,0,0,2026-07-01,198,Bourgogne-Franche-Comté,27,37.04,0,6.52,2026-07-01 18:15:00+00:00,225,38.3,2163,0,30,10.4,1569,141,0.0,8.17,0.0,,2026-07-01 18:00:00+00:00,2026-07-01,Dijon,23.0,37,2,False,False,,False,
31.47,3.32,88,3.21,20:15,0.38,Données temps réel,0,8163,2026-07-01,10,Normandie,28,57.43,0,3.05,2026-07-01 18:15:00+00:00,524,34.48,2652,0,85,19.76,-6298,81,11.53,12.07,307.81,66.58,2026-07-01 18:00:00+00:00,2026-07-01,Rouen,20.6,61,2,False,False,,False,
19.23,12.53,628,1.9,20:15,0.1,Données temps réel,-8,3438,2026-07-01,5,Hauts-de-France,32,48.47,0,2.39,2026-07-01 18:15:00+00:00,1279,125.0,5011,0,95,25.52,-546,120,26.23,10.96,68.61,62.97,2026-07-01 18:00:00+00:00,2026-07-01,Lille,22.6,53,2,False,False,,False,
14.68,28.08,1241,2.35,20:15,32.95,Données temps réel,-4,6422,2026-07-01,1456,Grand Est,44,38.66,2,4.19,2026-07-01 18:15:00+00:00,766,63.19,4419,0,104,17.33,-5754,185,40.11,6.81,145.33,59.35,2026-07-01 18:00:00+00:00,2026-07-01,Strasbourg,26.3,29,2,False,False,,False,
24.07,0.94,26,3.75,20:15,0.32,Données temps réel,0,0,2026-07-01,9,Pays de la Loire,52,114.29,59,10.25,2026-07-01 18:15:00+00:00,588,90.0,2772,0,104,21.21,1702,284,1.32,12.31,0.0,,2026-07-01 18:00:00+00:00,2026-07-01,Nantes,24.4,39,2,False,False,,False,
19.96,20.94,431,2.19,20:15,0.0,Données temps réel,0,0,2026-07-01,0,Bretagne,53,56.96,70,7.39,2026-07-01 18:15:00+00:00,393,0.0,2058,0,45,19.1,968,152,30.22,13.52,0.0,,2026-07-01 18:00:00+00:00,2026-07-01,Rennes,21.0,58,2,False,False,,False,
18.84,0.46,20,1.14,20:15,3.96,Données temps réel,0,5121,2026-07-01,173,Nouvelle-Aquitaine,75,14.41,8,17.68,2026-07-01 18:15:00+00:00,417,7.72,4372,0,50,9.54,-2190,773,3.66,11.01,117.13,77.24,2026-07-01 18:00:00+00:00,2026-07-01,Bordeaux,23.8,48,2,False,False,,False,
53.24,0.0,0,1.69,20:15,19.84,Données temps réel,0,0,2026-07-01,942,Occitanie,76,51.95,0,8.66,2026-07-01 18:15:00+00:00,969,17.6,4747,-434,80,20.41,2842,411,0.0,7.7,0.0,0.0,2026-07-01 18:00:00+00:00,2026-07-01,Toulouse,25.8,35,2,False,False,,False,
45.61,5.26,357,1.19,20:15,73.44,Données temps réel,0,4521,2026-07-01,4988,Auvergne-Rhône-Alpes,84,42.86,0,4.17,2026-07-01 18:15:00+00:00,364,43.56,6792,0,81,5.36,-3803,283,37.19,6.98,66.56,33.32,2026-07-01 18:00:00+00:00,2026-07-01,Lyon,26.9,33,2,False,False,,False,
66.94,24.17,1203,2.43,20:15,24.85,Données temps réel,0,0,2026-07-01,1237,Provence-Alpes-Côte d'Azur,93,40.74,0,3.62,2026-07-01 18:15:00+00:00,81,38.34,4977,0,121,1.63,2154,180,45.72,6.19,0.0,,2026-07-01 18:00:00+00:00,2026-07-01,Marseille,30.0,31,2,False,False,,False,
20.14,8.47,611,2.34,20:30,0.22,Données temps réel,0,0,2026-07-01,16,Île-de-France,11,47.74,0,0.54,2026-07-01 18:30:00+00:00,28,84.21,7215,0,169,0.39,6352,39,28.18,6.89,0.0,,2026-07-01 18:00:00+00:00,2026-07-01,Paris,23.7,41,2,False,False,,False,
22.48,0.0,0,1.58,20:30,1.31,Données temps réel,0,8189,2026-07-01,25,Centre-Val de Loire,24,32.97,0,8.61,2026-07-01 18:30:00+00:00,406,27.17,1904,0,30,21.32,-6910,164,0.0,7.93,430.09,70.41,2026-07-01 18:00:00+00:00,2026-07-01,Orléans,24.7,35,2,False,False,,False,
20.22,0.0,0,1.41,20:30,5.69,Données temps réel,0,0,2026-07-01,121,Bourgogne-Franche-Comté,27,37.04,0,4.84,2026-07-01 18:30:00+00:00,241,23.4,2126,0,30,11.34,1631,103,0.0,5.97,0.0,,2026-07-01 18:00:00+00:00,2026-07-01,Dijon,23.0,37,2,False,False,,False,
31.05,3.32,87,3.2,20:30,0.38,Données temps réel,0,8152,2026-07-01,10,Normandie,28,56.76,0,2.44,2026-07-01 18:30:00+00:00,517,34.48,2622,0,84,19.72,-6292,64,11.4,9.54,310.91,66.49,2026-07-01 18:00:00+00:00,2026-07-01,Rouen,20.6,61,2,False,False,,False,
18.55,12.79,625,1.99,20:30,0.1,Données temps réel,-2,3433,2026-07-01,5,Hauts-de-France,32,49.49,0,1.88,2026-07-01 18:30:00+00:00,1234,125.0,4886,0,97,25.26,-597,92,26.11,8.4,70.26,62.88,2026-07-01 18:00:00+00:00,2026-07-01,Lille,22.6,53,2,False,False,,False,
13.88,28.11,1244,2.35,20:30,30.1,Données temps réel,-1,6413,2026-07-01,1332,Grand Est,44,38.66,54,3.03,2026-07-01 18:30:00+00:00,724,57.81,4425,0,104,16.36,-5579,134,40.21,4.93,144.93,59.27,2026-07-01 18:00:00+00:00,2026-07-01,Strasbourg,26.3,29,2,False,False,,False,
22.64,0.94,25,3.89,20:30,0.34,Données temps réel,-1,0,2026-07-01,9,Pays de la Loire,52,114.29,59,8.34,2026-07-01 18:30:00+00:00,553,90.0,2673,0,104,20.69,1701,223,1.26,9.67,0.0,,2026-07-01 18:00:00+00:00,2026-07-01,Nantes,24.4,39,2,False,False,,False,
20.01,21.51,431,2.25,20:30,0.0,Données temps réel,0,0,2026-07-01,0,Bretagne,53,56.96,30,5.89,2026-07-01 18:30:00+00:00,394,0.0,2004,0,45,19.66,986,118,30.22,10.5,0.0,,2026-07-01 18:00:00+00:00,2026-07-01,Rennes,21.0,58,2,False,False,,False,
20.15,0.46,20,1.15,20:30,3.91,Données temps réel,0,5136,2026-07-01,170,Nouvelle-Aquitaine,75,14.41,8,13.3,2026-07-01 18:30:00+00:00,446,7.59,4352,0,50,10.25,-2057,579,3.66,8.25,118.01,77.47,2026-07-01 18:00:00+00:00,2026-07-01,Bordeaux,23.8,48,2,False,False,,False,
54.51,0.0,0,1.8,20:30,19.48,Données temps réel,0,0,2026-07-01,918,Occitanie,76,55.19,0,6.01,2026-07-01 18:30:00+00:00,992,17.15,4712,-432,85,21.05,2929,283,0.0,5.3,0.0,0.0,2026-07-01 18:00:00+00:00,2026-07-01,Toulouse,25.8,35,2,False,False,,False,
43.98,5.32,357,1.21,20:30,73.88,Données temps réel,-1,4522,2026-07-01,4959,Auvergne-Rhône-Alpes,84,42.86,0,2.95,2026-07-01 18:30:00+00:00,351,43.3,6712,0,81,5.23,-3756,198,37.19,4.88,67.37,33.32,2026-07-01 18:00:00+00:00,2026-07-01,Lyon,26.9,33,2,False,False,,False,
66.94,24.59,1202,2.47,20:30,25.61,Données temps réel,0,0,2026-07-01,1252,Provence-Alpes-Côte d'Azur,93,40.74,0,2.45,2026-07-01 18:30:00+00:00,81,38.81,4889,0,121,1.66,2113,120,45.69,4.13,0.0,,2026-07-01 18:00:00+00:00,2026-07-01,Marseille,30.0,31,2,False,False,,False,
18.71,8.65,614,2.44,20:45,0.23,Données temps réel,0,0,2026-07-01,16,Île-de-France,11,48.87,0,0.44,2026-07-01 18:45:00+00:00,26,84.21,7097,0,173,0.37,6236,31,28.32,5.48,0.0,,2026-07-01 18:00:00+00:00,2026-07-01,Paris,23.7,41,2,False,False,,False,
14.36,28.76,1236,2.42,20:45,34.81,Données temps réel,0,6500,2026-07-01,1496,Grand Est,44,38.66,126,2.42,2026-07-01 18:45:00+00:00,749,64.93,4298,0,104,17.43,-6017,104,39.95,3.83,151.23,60.07,2026-07-01 18:00:00+00:00,2026-07-01,Strasbourg,26.3,29,2,False,False,,False,
22.31,0.94,25,3.93,20:45,0.34,Données temps réel,0,0,2026-07-01,9,Pays de la Loire,52,114.29,59,6.42,2026-07-01 18:45:00+00:00,545,90.0,2647,0,104,20.59,1735,170,1.26,7.37,0.0,,2026-07-01 18:00:00+00:00,2026-07-01,Nantes,24.4,39,2,False,False,,False,
54.01,0.0,0,1.97,20:45,20.24,Données temps réel,0,0,2026-07-01,935,Occitanie,76,59.09,0,4.42,2026-07-01 18:45:00+00:00,983,17.47,4619,-434,91,21.28,2904,204,0.0,3.82,0.0,0.0,2026-07-01 18:00:00+00:00,2026-07-01,Toulouse,25.8,35,2,False,False,,False,
